"measurement.date","dailyavghumidity"
2010-01-01,73.3
2010-01-02,70.6
2010-01-03,70.2
2010-01-04,72.1
2010-01-05,67.5
2010-01-06,77.2
2010-01-07,81.9
2010-01-08,71.6
2010-01-09,74.3
2010-01-10,83.1
2010-01-11,83.4
2010-01-12,83.7
2010-01-13,83.9
2010-01-14,85.9
2010-01-15,91.6
2010-01-16,85.6
2010-01-17,85.9
2010-01-18,81.1
2010-01-19,87.3
2010-01-20,91.2
2010-01-21,81.8
2010-01-22,81.2
2010-01-23,93.9
2010-01-24,103
2010-01-25,92.5
2010-01-26,82.7
2010-01-27,80.9
2010-01-28,79.7
2010-01-29,80.4
2010-01-30,81.8
2010-01-31,77.4
2010-02-01,75.7
2010-02-02,79.6
2010-02-03,88.7
2010-02-04,88
2010-02-05,85.1
2010-02-06,85.3
2010-02-07,91.7
2010-02-08,84.8
2010-02-09,79.4
2010-02-10,79.5
2010-02-11,77.5
2010-02-12,77.7
2010-02-13,79.2
2010-02-14,73.9
2010-02-15,64.2
2010-02-16,54.9
2010-02-17,48.8
2010-02-18,50.4
2010-02-19,82.4
2010-02-20,87.5
2010-02-21,88.7
2010-02-22,90.8
2010-02-23,75.5
2010-02-24,62.3
2010-02-25,48.9
2010-02-26,32.3
2010-02-27,29.2
2010-02-28,40.9
2010-03-01,59.2
2010-03-02,59
2010-03-03,63.1
2010-03-04,82.3
2010-03-05,76.6
2010-03-06,88.3
2010-03-07,84.8
2010-03-08,99.9
2010-03-09,100.6
2010-03-10,97.7
2010-03-11,89.5
2010-03-12,84.5
2010-03-13,81.4
2010-03-14,75.3
2010-03-15,76
2010-03-16,72.1
2010-03-17,66.7
2010-03-18,79.6
2010-03-19,66.1
2010-03-20,67.2
2010-03-21,60.9
2010-03-22,48.3
2010-03-23,58.3
2010-03-24,65.8
2010-03-25,52
2010-03-26,44.8
2010-03-27,54
2010-03-28,54.7
2010-03-29,60.9
2010-03-30,49.3
2010-03-31,52.8
2010-04-01,58.8
2010-04-02,83.3
2010-04-03,90.6
2010-04-04,66.2
2010-04-05,57
2010-04-06,43.3
2010-04-07,59.3
2010-04-08,53.3
2010-04-09,47.1
2010-04-10,58.5
2010-04-11,42.6
2010-04-12,46.3
2010-04-13,56
2010-04-14,75.2
2010-04-15,78.8
2010-04-16,48.3
2010-04-17,34.6
2010-04-18,33.2
2010-04-19,32.6
2010-04-20,45.7
2010-04-21,54.5
2010-04-22,46.1
2010-04-23,39.8
2010-04-24,54.8
2010-04-25,49.4
2010-04-26,40.3
2010-04-27,42.4
2010-04-28,39.3
2010-04-29,62
2010-04-30,96.5
2010-05-01,94.2
2010-05-02,91.8
2010-05-03,93.4
2010-05-04,83.7
2010-05-05,90
2010-05-06,82.3
2010-05-07,63.3
2010-05-08,48.4
2010-05-09,52.3
2010-05-10,49.8
2010-05-11,43.6
2010-05-12,50.3
2010-05-13,77.2
2010-05-14,74.7
2010-05-15,49.4
2010-05-16,50.3
2010-05-17,51.1
2010-05-18,44.4
2010-05-19,38.2
2010-05-20,33.9
2010-05-21,43.5
2010-05-22,63.6
2010-05-23,64.3
2010-05-24,85.4
2010-05-25,63
2010-05-26,58.2
2010-05-27,61.6
2010-05-28,82.3
2010-05-29,89.4
2010-05-30,88.6
2010-05-31,73
2010-06-01,74.1
2010-06-02,65.3
2010-06-03,58.6
2010-06-04,88.1
2010-06-05,91
2010-06-06,71.3
2010-06-07,65.5
2010-06-08,77.2
2010-06-09,88.2
2010-06-10,86.8
2010-06-11,95.5
2010-06-12,91.8
2010-06-13,84.3
2010-06-14,79.1
2010-06-15,78.8
2010-06-16,72.9
2010-06-17,88.3
2010-06-18,81.8
2010-06-19,85
2010-06-20,75.2
2010-06-21,76.9
2010-06-22,86.4
2010-06-23,77.5
2010-06-24,66.2
2010-06-25,66.7
2010-06-26,76.7
2010-06-27,91.7
2010-06-28,70.5
2010-06-29,59
2010-06-30,57.4
2010-07-01,74.2
2010-07-02,64
2010-07-03,88.9
2010-07-04,87.1
2010-07-05,70.5
2010-07-06,64.8
2010-07-07,70.7
2010-07-08,68.2
2010-07-09,64.4
2010-07-10,75.2
2010-07-11,67.9
2010-07-12,64.9
2010-07-13,65.8
2010-07-14,83.1
2010-07-15,66.3
2010-07-16,73.9
2010-07-17,79.3
2010-07-18,72.7
2010-07-19,70.9
2010-07-20,78
2010-07-21,67.3
2010-07-22,85
2010-07-23,85.4
2010-07-24,71.9
2010-07-25,64.8
2010-07-26,77.7
2010-07-27,84.5
2010-07-28,72.1
2010-07-29,72.7
2010-07-30,87.3
2010-07-31,89.8
2010-08-01,87.6
2010-08-02,86.2
2010-08-03,75.5
2010-08-04,84
2010-08-05,64.4
2010-08-06,64.3
2010-08-07,72.3
2010-08-08,80.5
2010-08-09,80.2
2010-08-10,79.1
2010-08-11,86.8
2010-08-12,86
2010-08-13,81.4
2010-08-14,83.1
2010-08-15,92.1
2010-08-16,83.6
2010-08-17,83.5
2010-08-18,73.7
2010-08-19,69.3
2010-08-20,74.8
2010-08-21,78.2
2010-08-22,68.3
2010-08-23,74.5
2010-08-24,85
2010-08-25,69.3
2010-08-26,71.8
2010-08-27,69
2010-08-28,70.2
2010-08-29,73.8
2010-08-30,79.9
2010-08-31,80.4
2010-09-01,71.3
2010-09-02,86
2010-09-03,83
2010-09-04,70.9
2010-09-05,71.9
2010-09-06,65
2010-09-07,81
2010-09-08,79.6
2010-09-09,72.7
2010-09-10,90.5
2010-09-11,89.9
2010-09-12,68.5
2010-09-13,75.7
2010-09-14,76.5
2010-09-15,80.3
2010-09-16,76.9
2010-09-17,71.2
2010-09-18,65
2010-09-19,71.2
2010-09-20,70.8
2010-09-21,81.9
2010-09-22,80
2010-09-23,86.4
2010-09-24,96.1
2010-09-25,80.4
2010-09-26,70.8
2010-09-27,78.4
2010-09-28,88.6
2010-09-29,76
2010-09-30,66.4
2010-10-01,75.1
2010-10-02,75.9
2010-10-03,65.7
2010-10-04,55
2010-10-05,56
2010-10-06,53.1
2010-10-07,60.3
2010-10-08,58.6
2010-10-09,62.9
2010-10-10,69.7
2010-10-11,71.4
2010-10-12,72.2
2010-10-13,62.9
2010-10-14,67.3
2010-10-15,71.2
2010-10-16,57
2010-10-17,60.1
2010-10-18,71.7
2010-10-19,71.7
2010-10-20,72.1
2010-10-21,78.1
2010-10-22,68.2
2010-10-23,76.4
2010-10-24,63.1
2010-10-25,93
2010-10-26,96.6
2010-10-27,95.4
2010-10-28,80.6
2010-10-29,77.9
2010-10-30,92.3
2010-10-31,93.2
2010-11-01,84.9
2010-11-02,84
2010-11-03,71.8
2010-11-04,54
2010-11-05,78.6
2010-11-06,68
2010-11-07,72.3
2010-11-08,62.3
2010-11-09,67.2
2010-11-10,69.6
2010-11-11,87
2010-11-12,76.1
2010-11-13,80.1
2010-11-14,94
2010-11-15,83.3
2010-11-16,79.6
2010-11-17,77.7
2010-11-18,81.6
2010-11-19,88.9
2010-11-20,86.1
2010-11-21,91.2
2010-11-22,88.7
2010-11-23,80.9
2010-11-24,90.8
2010-11-25,88.8
2010-11-26,90.7
2010-11-27,93
2010-11-28,93
2010-11-29,95.3
2010-11-30,89.5
2010-12-01,87.6
2010-12-02,85.8
2010-12-03,88.8
2010-12-04,87.9
2010-12-05,88.7
2010-12-06,85.1
2010-12-07,86.3
2010-12-08,83.5
2010-12-09,89
2010-12-10,81
2010-12-11,76.2
2010-12-12,72.8
2010-12-13,76.1
2010-12-14,77
2010-12-15,79.6
2010-12-16,75.3
2010-12-17,86.4
2010-12-18,89.2
2010-12-19,88.9
2010-12-20,88.3
2010-12-21,91.3
2010-12-22,89.3
2010-12-23,91.7
2010-12-24,90.6
2010-12-25,88
2010-12-26,88.7
2010-12-27,87.2
2010-12-28,85.5
2010-12-29,88.6
2010-12-30,84.3
2010-12-31,74.2
2011-01-01,82.4
2011-01-02,82.1
2011-01-03,79.1
2011-01-04,82.9
2011-01-05,82.3
2011-01-06,85.1
2011-01-07,83.5
2011-01-08,80
2011-01-09,84.8
2011-01-10,87.5
2011-01-11,89.8
2011-01-12,87.3
2011-01-13,87.3
2011-01-14,88.8
2011-01-15,79.8
2011-01-16,79.1
2011-01-17,83.7
2011-01-18,76.7
2011-01-19,80.2
2011-01-20,73
2011-01-21,74.9
2011-01-22,74
2011-01-23,80.2
2011-01-24,85.3
2011-01-25,89.8
2011-01-26,89.2
2011-01-27,91.5
2011-01-28,86.2
2011-01-29,84
2011-01-30,75
2011-01-31,77.5
2011-02-01,70.7
2011-02-02,67
2011-02-03,84.9
2011-02-04,94.2
2011-02-05,89.1
2011-02-06,79.5
2011-02-07,71.6
2011-02-08,69.8
2011-02-09,61.4
2011-02-10,67.2
2011-02-11,79.3
2011-02-12,83
2011-02-13,92.3
2011-02-14,91.2
2011-02-15,85.8
2011-02-16,74.4
2011-02-17,87
2011-02-18,80.2
2011-02-19,79.6
2011-02-20,75.4
2011-02-21,63.8
2011-02-22,74.4
2011-02-23,85
2011-02-24,63.1
2011-02-25,63.4
2011-02-26,65.2
2011-02-27,73.8
2011-02-28,69
2011-03-01,67
2011-03-02,57.6
2011-03-03,77.1
2011-03-04,74
2011-03-05,68.4
2011-03-06,69.6
2011-03-07,55.7
2011-03-08,55.5
2011-03-09,59.3
2011-03-10,72.7
2011-03-11,55.1
2011-03-12,82.2
2011-03-13,79.8
2011-03-14,83
2011-03-15,75.3
2011-03-16,70.6
2011-03-17,83
2011-03-18,82.1
2011-03-19,88
2011-03-20,99
2011-03-21,91.1
2011-03-22,69.6
2011-03-23,53.6
2011-03-24,46.4
2011-03-25,40
2011-03-26,38.2
2011-03-27,27.6
2011-03-28,26.9
2011-03-29,30.2
2011-03-30,40.4
2011-03-31,74.3
2011-04-01,96.3
2011-04-02,79.1
2011-04-03,92.8
2011-04-04,71.7
2011-04-05,65
2011-04-06,51.9
2011-04-07,79.7
2011-04-08,89.9
2011-04-09,89.1
2011-04-10,95.3
2011-04-11,63
2011-04-12,54.9
2011-04-13,56.5
2011-04-14,47.2
2011-04-15,35.1
2011-04-16,91.2
2011-04-17,75
2011-04-18,58
2011-04-19,53.7
2011-04-20,55.5
2011-04-21,54.8
2011-04-22,68.9
2011-04-23,67.8
2011-04-24,65.9
2011-04-25,61.2
2011-04-26,57.2
2011-04-27,34.2
2011-04-28,26.4
2011-04-29,28.5
2011-04-30,80.7
2011-05-01,93.8
2011-05-02,58.1
2011-05-03,51.5
2011-05-04,47.9
2011-05-05,68.2
2011-05-06,50.4
2011-05-07,58.5
2011-05-08,77.8
2011-05-09,78.3
2011-05-10,73.1
2011-05-11,75.6
2011-05-12,77.6
2011-05-13,91.1
2011-05-14,40.5
2011-05-15,36.4
2011-05-16,30.3
2011-05-17,33.1
2011-05-18,32.2
2011-05-19,42.2
2011-05-20,66.9
2011-05-21,90.6
2011-05-22,87
2011-05-23,83.1
2011-05-24,67.1
2011-05-25,51.9
2011-05-26,45.5
2011-05-27,56.3
2011-05-28,89.9
2011-05-29,72.9
2011-05-30,85.4
2011-05-31,90.5
2011-06-01,83.7
2011-06-02,66.5
2011-06-03,78.2
2011-06-04,65.8
2011-06-05,72.3
2011-06-06,72.9
2011-06-07,71.5
2011-06-08,88
2011-06-09,65.2
2011-06-10,64.1
2011-06-11,58.6
2011-06-12,50.6
2011-06-13,58.4
2011-06-14,54.5
2011-06-15,74.4
2011-06-16,72.8
2011-06-17,65.4
2011-06-18,85.9
2011-06-19,83.2
2011-06-20,80.4
2011-06-21,68.5
2011-06-22,52.9
2011-06-23,53.2
2011-06-24,52.2
2011-06-25,61.5
2011-06-26,78.5
2011-06-27,94.4
2011-06-28,72.4
2011-06-29,67.3
2011-06-30,77.2
2011-07-01,79.7
2011-07-02,55.3
2011-07-03,53.1
2011-07-04,87.9
2011-07-05,64.2
2011-07-06,53.6
2011-07-07,73.7
2011-07-08,64.3
2011-07-09,90.4
2011-07-10,62.7
2011-07-11,76.6
2011-07-12,68.6
2011-07-13,66.6
2011-07-14,65.6
2011-07-15,84.9
2011-07-16,79.7
2011-07-17,69.3
2011-07-18,54.8
2011-07-19,68.6
2011-07-20,89.2
2011-07-21,54.3
2011-07-22,68.8
2011-07-23,75.7
2011-07-24,83.3
2011-07-25,70.4
2011-07-26,69.4
2011-07-27,89.5
2011-07-28,65
2011-07-29,68.2
2011-07-30,64.3
2011-07-31,56.4
2011-08-01,68.6
2011-08-02,67.3
2011-08-03,65.1
2011-08-04,78
2011-08-05,57.7
2011-08-06,58.7
2011-08-07,59.4
2011-08-08,77.6
2011-08-09,70.4
2011-08-10,60.1
2011-08-11,77.4
2011-08-12,84.1
2011-08-13,65.5
2011-08-14,65.3
2011-08-15,70.4
2011-08-16,86.5
2011-08-17,52.6
2011-08-18,62.4
2011-08-19,69.3
2011-08-20,76.9
2011-08-21,79.8
2011-08-22,67.6
2011-08-23,66
2011-08-24,75.9
2011-08-25,68.9
2011-08-26,53.6
2011-08-27,60.9
2011-08-28,64.5
2011-08-29,60.6
2011-08-30,64.7
2011-08-31,97.8
2011-09-01,83.2
2011-09-02,71.8
2011-09-03,89.2
2011-09-04,78.1
2011-09-05,77
2011-09-06,69.6
2011-09-07,65.7
2011-09-08,50.4
2011-09-09,46.8
2011-09-10,53.8
2011-09-11,52.6
2011-09-12,70.1
2011-09-13,81.3
2011-09-14,80.1
2011-09-15,71.9
2011-09-16,63.6
2011-09-17,68.5
2011-09-18,86.7
2011-09-19,70.2
2011-09-20,91.4
2011-09-21,94.8
2011-09-22,82.6
2011-09-23,80.6
2011-09-24,82.9
2011-09-25,79.8
2011-09-26,75.8
2011-09-27,69.3
2011-09-28,67.1
2011-09-29,70.3
2011-09-30,66.9
2011-10-01,59.8
2011-10-02,59.2
2011-10-03,56.5
2011-10-04,58.4
2011-10-05,61.5
2011-10-06,51.2
2011-10-07,54.2
2011-10-08,65.4
2011-10-09,61.9
2011-10-10,70.3
2011-10-11,80.8
2011-10-12,93.8
2011-10-13,97.8
2011-10-14,82.5
2011-10-15,72.7
2011-10-16,72.2
2011-10-17,91
2011-10-18,94.1
2011-10-19,89.8
2011-10-20,84.1
2011-10-21,83.5
2011-10-22,79.4
2011-10-23,87.2
2011-10-24,83.8
2011-10-25,86.9
2011-10-26,95.4
2011-10-27,93.9
2011-10-28,97.7
2011-10-29,102
2011-10-30,83.3
2011-10-31,83.2
2011-11-01,83.5
2011-11-02,72.6
2011-11-03,70.4
2011-11-04,46.1
2011-11-05,64.8
2011-11-06,87.8
2011-11-07,94.6
2011-11-08,83.9
2011-11-09,92.7
2011-11-10,82.3
2011-11-11,79.8
2011-11-12,75.8
2011-11-13,81.5
2011-11-14,99.5
2011-11-15,93.4
2011-11-16,83
2011-11-17,74.3
2011-11-18,80.5
2011-11-19,88
2011-11-20,83.2
2011-11-21,87.2
2011-11-22,98.9
2011-11-23,87.2
2011-11-24,77.8
2011-11-25,87.5
2011-11-26,95.2
2011-11-27,94.2
2011-11-28,74.5
2011-11-29,67.2
2011-11-30,78.5
2011-12-01,68.5
2011-12-02,66.5
2011-12-03,76.9
2011-12-04,87.5
2011-12-05,76.6
2011-12-06,74.9
2011-12-07,67.5
2011-12-08,66.5
2011-12-09,72.5
2011-12-10,76.7
2011-12-11,90.1
2011-12-12,96.9
2011-12-13,98.8
2011-12-14,104.2
2011-12-15,92.5
2011-12-16,81.2
2011-12-17,93.3
2011-12-18,93.2
2011-12-19,90.9
2011-12-20,75.1
2011-12-21,79.3
2011-12-22,79.8
2011-12-23,95.9
2011-12-24,96.2
2011-12-25,89
2011-12-26,76.3
2011-12-27,76.4
2011-12-28,83.3
2011-12-29,93.8
2011-12-30,98.6
2011-12-31,100.8
2012-01-01,81.8
2012-01-02,68.2
2012-01-03,70.3
2012-01-04,84.7
2012-01-05,85.5
2012-01-06,98.3
2012-01-07,93.6
2012-01-08,96.3
2012-01-09,91
2012-01-10,94.5
2012-01-11,96.2
2012-01-12,86.3
2012-01-13,83.9
2012-01-14,89.9
2012-01-15,97
2012-01-16,82.4
2012-01-17,75.1
2012-01-18,73.3
2012-01-19,71.2
2012-01-20,74.2
2012-01-21,80.5
2012-01-22,91.4
2012-01-23,94.9
2012-01-24,89.9
2012-01-25,98.3
2012-01-26,88.4
2012-01-27,74.3
2012-01-28,76.5
2012-01-29,76.3
2012-01-30,87.9
2012-01-31,97.6
2012-02-01,100.4
2012-02-02,102.7
2012-02-03,101.4
2012-02-04,99.6
2012-02-05,97
2012-02-06,86.5
2012-02-07,61
2012-02-08,74.8
2012-02-09,79.7
2012-02-10,56.1
2012-02-11,57.7
2012-02-12,57.1
2012-02-13,63.9
2012-02-14,76.2
2012-02-15,81.7
2012-02-16,95.1
2012-02-17,84.5
2012-02-18,81.7
2012-02-19,74.2
2012-02-20,90.3
2012-02-21,101.1
2012-02-22,96.2
2012-02-23,95.3
2012-02-24,93.9
2012-02-25,84.7
2012-02-26,88.2
2012-02-27,77.3
2012-02-28,81.9
2012-02-29,92.9
2012-03-01,83.3
2012-03-02,98.3
2012-03-03,82.1
2012-03-04,74.3
2012-03-05,87.9
2012-03-06,83.7
2012-03-07,82
2012-03-08,86
2012-03-09,59.7
2012-03-10,54
2012-03-11,58.9
2012-03-12,94.2
2012-03-13,63.1
2012-03-14,42.6
2012-03-15,39.4
2012-03-16,39.8
2012-03-17,70.2
2012-03-18,81.8
2012-03-19,76
2012-03-20,75.7
2012-03-21,49.6
2012-03-22,43.4
2012-03-23,98.5
2012-03-24,100.5
2012-03-25,69.8
2012-03-26,52.5
2012-03-27,100.2
2012-03-28,88.9
2012-03-29,87.5
2012-03-30,102.7
2012-03-31,95.8
2012-04-01,61.3
2012-04-02,86
2012-04-03,58.7
2012-04-04,50.2
2012-04-05,52.4
2012-04-06,44.1
2012-04-07,67.8
2012-04-08,55
2012-04-09,72.5
2012-04-10,65.9
2012-04-11,63.5
2012-04-12,51.9
2012-04-13,57.9
2012-04-14,101.4
2012-04-15,94.3
2012-04-16,53
2012-04-17,66.4
2012-04-18,98.8
2012-04-19,58.3
2012-04-20,38.7
2012-04-21,60.3
2012-04-22,74.9
2012-04-23,59.8
2012-04-24,62.9
2012-04-25,83.2
2012-04-26,53.7
2012-04-27,39.8
2012-04-28,32.7
2012-04-29,50.1
2012-04-30,71.6
2012-05-01,68.8
2012-05-02,79.2
2012-05-03,86.9
2012-05-04,74
2012-05-05,92.2
2012-05-06,90
2012-05-07,94.6
2012-05-08,83
2012-05-09,54.4
2012-05-10,49
2012-05-11,59.9
2012-05-12,39.5
2012-05-13,36
2012-05-14,34
2012-05-15,50.1
2012-05-16,45.3
2012-05-17,39.3
2012-05-18,54.1
2012-05-19,88.3
2012-05-20,66.9
2012-05-21,56.2
2012-05-22,89.6
2012-05-23,84.7
2012-05-24,71.9
2012-05-25,79.3
2012-05-26,78.1
2012-05-27,96.4
2012-05-28,90.3
2012-05-29,90.8
2012-05-30,67.3
2012-05-31,55.9
2012-06-01,49
2012-06-02,50.2
2012-06-03,55.5
2012-06-04,51.2
2012-06-05,46.5
2012-06-06,57
2012-06-07,60.9
2012-06-08,75.2
2012-06-09,71
2012-06-10,79.9
2012-06-11,89
2012-06-12,71.4
2012-06-13,68.6
2012-06-14,81.5
2012-06-15,71
2012-06-16,84.6
2012-06-17,76.6
2012-06-18,82.3
2012-06-19,88.6
2012-06-20,94.4
2012-06-21,75.6
2012-06-22,63.9
2012-06-23,66.8
2012-06-24,57.5
2012-06-25,56.6
2012-06-26,57.7
2012-06-27,62.6
2012-06-28,45.3
2012-06-29,48.5
2012-06-30,64.4
2012-07-01,63.9
2012-07-02,72.4
2012-07-03,62.7
2012-07-04,72.9
2012-07-05,53.4
2012-07-06,73.7
2012-07-07,63.5
2012-07-08,65.8
2012-07-09,54.4
2012-07-10,52.5
2012-07-11,58.8
2012-07-12,63.6
2012-07-13,87.6
2012-07-14,63.5
2012-07-15,71.4
2012-07-16,93.3
2012-07-17,71.8
2012-07-18,60.8
2012-07-19,62.1
2012-07-20,63
2012-07-21,56.2
2012-07-22,62.7
2012-07-23,60.4
2012-07-24,62.2
2012-07-25,70.3
2012-07-26,91.2
2012-07-27,70.3
2012-07-28,66.8
2012-07-29,73.8
2012-07-30,77
2012-07-31,73.4
2012-08-01,73.8
2012-08-02,82.4
2012-08-03,78.2
2012-08-04,85.6
2012-08-05,66.4
2012-08-06,58.1
2012-08-07,68.2
2012-08-08,71.3
2012-08-09,69.2
2012-08-10,62.3
2012-08-11,63.5
2012-08-12,82.1
2012-08-13,70.3
2012-08-14,71.1
2012-08-15,84.3
2012-08-16,80.8
2012-08-17,67.5
2012-08-18,70.9
2012-08-19,65.5
2012-08-20,62.9
2012-08-21,62.3
2012-08-22,66.3
2012-08-23,74
2012-08-24,85.4
2012-08-25,72.6
2012-08-26,62.6
2012-08-27,72.1
2012-08-28,69.6
2012-08-29,67.1
2012-08-30,53.8
2012-08-31,47.1
2012-09-01,59
2012-09-02,66
2012-09-03,58.4
2012-09-04,65.7
2012-09-05,74.9
2012-09-06,80.3
2012-09-07,79.4
2012-09-08,80.2
2012-09-09,71.6
2012-09-10,59.6
2012-09-11,56.6
2012-09-12,42.1
2012-09-13,83.1
2012-09-14,72.1
2012-09-15,58.2
2012-09-16,59.7
2012-09-17,65.6
2012-09-18,63.9
2012-09-19,86.9
2012-09-20,76.2
2012-09-21,90.6
2012-09-22,70.3
2012-09-23,67.4
2012-09-24,53.9
2012-09-25,81.9
2012-09-26,68
2012-09-27,62
2012-09-28,52.3
2012-09-29,47.6
2012-09-30,51.1
2012-10-01,58.2
2012-10-02,48.8
2012-10-03,70.4
2012-10-04,95.7
2012-10-05,96
2012-10-06,81.7
2012-10-07,81.2
2012-10-08,90.7
2012-10-09,88
2012-10-10,74.9
2012-10-11,82.3
2012-10-12,68
2012-10-13,56.8
2012-10-14,83.8
2012-10-15,84.6
2012-10-16,66.4
2012-10-17,87.5
2012-10-18,96.6
2012-10-19,97.4
2012-10-20,89.7
2012-10-21,94.3
2012-10-22,83.4
2012-10-23,92.5
2012-10-24,95.2
2012-10-25,85.3
2012-10-26,84.3
2012-10-27,78.3
2012-10-28,72.1
2012-10-29,87.5
2012-10-30,78.8
2012-10-31,78.4
2012-11-01,87
2012-11-02,85
2012-11-03,83.9
2012-11-04,84.9
2012-11-05,81.7
2012-11-06,96.2
2012-11-07,93.5
2012-11-08,91.2
2012-11-09,75.6
2012-11-10,87.8
2012-11-11,93.8
2012-11-12,91.8
2012-11-13,91.9
2012-11-14,92
2012-11-15,86.2
2012-11-16,71.6
2012-11-17,75
2012-11-18,78.8
2012-11-19,83
2012-11-20,87.3
2012-11-21,71.3
2012-11-22,88.5
2012-11-23,78.8
2012-11-24,89.1
2012-11-25,85.4
2012-11-26,84.4
2012-11-27,81.6
2012-11-28,84.4
2012-11-29,80.3
2012-11-30,88.7
2012-12-01,97.3
2012-12-02,97.7
2012-12-03,92.2
2012-12-04,82.9
2012-12-05,76.9
2012-12-06,80.8
2012-12-07,74.9
2012-12-08,86
2012-12-09,83.2
2012-12-10,81.3
2012-12-11,83.3
2012-12-12,83.9
2012-12-13,87.7
2012-12-14,91.5
2012-12-15,94.7
2012-12-16,93.3
2012-12-17,90.4
2012-12-18,91
2012-12-19,92.3
2012-12-20,86.5
2012-12-21,87
2012-12-22,88
2012-12-23,83.1
2012-12-24,79.7
2012-12-25,79.9
2012-12-26,79.1
2012-12-27,85
2012-12-28,88.4
2012-12-29,87.4
2012-12-30,86.9
2012-12-31,79.4
2013-01-01,84.2
2013-01-02,92.1
2013-01-03,87.6
2013-01-04,86
2013-01-05,88
2013-01-06,83.7
2013-01-07,84.1
2013-01-08,91
2013-01-09,88.4
2013-01-10,67.2
2013-01-11,95.6
2013-01-12,83.9
2013-01-13,79.8
2013-01-14,80.9
2013-01-15,84.3
2013-01-16,76.4
2013-01-17,70
2013-01-18,81
2013-01-19,81.9
2013-01-20,74.8
2013-01-21,70.4
2013-01-22,73.2
2013-01-23,71.4
2013-01-24,73.3
2013-01-25,81.1
2013-01-26,82.6
2013-01-27,82
2013-01-28,95.8
2013-01-29,92.9
2013-01-30,83
2013-01-31,74.5
2013-02-01,69.9
2013-02-02,73
2013-02-03,73.2
2013-02-04,81
2013-02-05,76.7
2013-02-06,80.3
2013-02-07,77.8
2013-02-08,83.2
2013-02-09,92.2
2013-02-10,93
2013-02-11,82.6
2013-02-12,85.8
2013-02-13,84.7
2013-02-14,69.2
2013-02-15,74.7
2013-02-16,70.6
2013-02-17,85.6
2013-02-18,87.3
2013-02-19,72.2
2013-02-20,63.9
2013-02-21,59.3
2013-02-22,77.5
2013-02-23,77.4
2013-02-24,77.6
2013-02-25,87.7
2013-02-26,63.3
2013-02-27,75
2013-02-28,69.1
2013-03-01,52.3
2013-03-02,36.1
2013-03-03,31
2013-03-04,35.9
2013-03-05,80
2013-03-06,79.6
2013-03-07,68.4
2013-03-08,79.2
2013-03-09,91.1
2013-03-10,65.9
2013-03-11,71.6
2013-03-12,54.1
2013-03-13,58.3
2013-03-14,82.5
2013-03-15,60.7
2013-03-16,60
2013-03-17,47.9
2013-03-18,89.2
2013-03-19,73.9
2013-03-20,69.8
2013-03-21,65
2013-03-22,72.3
2013-03-23,70.3
2013-03-24,68.1
2013-03-25,60.5
2013-03-26,62.9
2013-03-27,49.3
2013-03-28,46.8
2013-03-29,55.4
2013-03-30,57.3
2013-03-31,60.1
2013-04-01,52.5
2013-04-02,45.4
2013-04-03,52.7
2013-04-04,59.4
2013-04-05,48.5
2013-04-06,81.9
2013-04-07,69.9
2013-04-08,74.3
2013-04-09,54.6
2013-04-10,45
2013-04-11,46.2
2013-04-12,62.9
2013-04-13,59
2013-04-14,52.8
2013-04-15,90.6
2013-04-16,85.4
2013-04-17,91.5
2013-04-18,76
2013-04-19,45.2
2013-04-20,41.9
2013-04-21,74.4
2013-04-22,65.7
2013-04-23,50.2
2013-04-24,65.6
2013-04-25,66.3
2013-04-26,50
2013-04-27,49.3
2013-04-28,43.9
2013-04-29,46.3
2013-04-30,78.7
2013-05-01,76.9
2013-05-02,68
2013-05-03,56.5
2013-05-04,73.4
2013-05-05,69.7
2013-05-06,56.2
2013-05-07,55
2013-05-08,56.8
2013-05-09,43.9
2013-05-10,62.8
2013-05-11,66.6
2013-05-12,47.6
2013-05-13,52.9
2013-05-14,63.4
2013-05-15,45.2
2013-05-16,45
2013-05-17,44.3
2013-05-18,72.8
2013-05-19,96.1
2013-05-20,95.3
2013-05-21,64.8
2013-05-22,43.2
2013-05-23,45.6
2013-05-24,35
2013-05-25,45.2
2013-05-26,40
2013-05-27,42.8
2013-05-28,56.1
2013-05-29,66.8
2013-05-30,93.2
2013-05-31,96.4
2013-06-01,86.2
2013-06-02,60.1
2013-06-03,50.2
2013-06-04,42.6
2013-06-05,41.7
2013-06-06,53
2013-06-07,70.4
2013-06-08,52.3
2013-06-09,68.1
2013-06-10,87.4
2013-06-11,64.4
2013-06-12,62.6
2013-06-13,50.1
2013-06-14,56.6
2013-06-15,68.3
2013-06-16,80.8
2013-06-17,59.6
2013-06-18,57.5
2013-06-19,57.8
2013-06-20,69.2
2013-06-21,82.7
2013-06-22,86
2013-06-23,85.3
2013-06-24,57.6
2013-06-25,55.6
2013-06-26,76.7
2013-06-27,87.3
2013-06-28,84.8
2013-06-29,56.1
2013-06-30,48.1
2013-07-01,41.5
2013-07-02,51.5
2013-07-03,60.3
2013-07-04,55.7
2013-07-05,69
2013-07-06,85.2
2013-07-07,83
2013-07-08,59.2
2013-07-09,80.7
2013-07-10,63.3
2013-07-11,64.2
2013-07-12,78.4
2013-07-13,76
2013-07-14,75.5
2013-07-15,70.8
2013-07-16,71.1
2013-07-17,55
2013-07-18,80.9
2013-07-19,63.9
2013-07-20,65.9
2013-07-21,68.1
2013-07-22,80.9
2013-07-23,65.1
2013-07-24,78.5
2013-07-25,92.7
2013-07-26,76.4
2013-07-27,68.5
2013-07-28,56.8
2013-07-29,65.6
2013-07-30,78.2
2013-07-31,73.7
2013-08-01,77.7
2013-08-02,69.6
2013-08-03,63.7
2013-08-04,69
2013-08-05,75.6
2013-08-06,85.9
2013-08-07,71.9
2013-08-08,80.5
2013-08-09,80
2013-08-10,68.8
2013-08-11,66.8
2013-08-12,67.6
2013-08-13,66.2
2013-08-14,60.9
2013-08-15,57.2
2013-08-16,62.5
2013-08-17,66.6
2013-08-18,76.5
2013-08-19,68.9
2013-08-20,62.1
2013-08-21,59.9
2013-08-22,59.6
2013-08-23,62.6
2013-08-24,77.2
2013-08-25,75.5
2013-08-26,62.8
2013-08-27,62
2013-08-28,56.6
2013-08-29,92.1
2013-08-30,87.2
2013-08-31,79.9
2013-09-01,87.4
2013-09-02,77.1
2013-09-03,69.5
2013-09-04,62.1
2013-09-05,66.5
2013-09-06,78
2013-09-07,68.2
2013-09-08,71.1
2013-09-09,93.7
2013-09-10,91.4
2013-09-11,84.7
2013-09-12,77.9
2013-09-13,76.6
2013-09-14,83.6
2013-09-15,66.1
2013-09-16,72.2
2013-09-17,73
2013-09-18,86.7
2013-09-19,88.5
2013-09-20,75.7
2013-09-21,74.1
2013-09-22,71.9
2013-09-23,65.3
2013-09-24,78.9
2013-09-25,79.9
2013-09-26,73.1
2013-09-27,90.8
2013-09-28,96.1
2013-09-29,79.1
2013-09-30,71.3
2013-10-01,69.5
2013-10-02,74.2
2013-10-03,80.4
2013-10-04,81.3
2013-10-05,82
2013-10-06,73
2013-10-07,77.1
2013-10-08,75.6
2013-10-09,73.6
2013-10-10,77.4
2013-10-11,67.1
2013-10-12,85.2
2013-10-13,72.8
2013-10-14,79.2
2013-10-15,85.3
2013-10-16,78
2013-10-17,74.8
2013-10-18,80.2
2013-10-19,92.3
2013-10-20,88.5
2013-10-21,89.8
2013-10-22,85.3
2013-10-23,80.3
2013-10-24,87.7
2013-10-25,82.4
2013-10-26,81.3
2013-10-27,84.3
2013-10-28,68.6
2013-10-29,77.7
2013-10-30,84.8
2013-10-31,93.4
2013-11-01,82.7
2013-11-02,81.3
2013-11-03,77.1
2013-11-04,78.5
2013-11-05,73.3
2013-11-06,81.6
2013-11-07,79.6
2013-11-08,85.4
2013-11-09,97.3
2013-11-10,86.7
2013-11-11,72.8
2013-11-12,72.8
2013-11-13,76.4
2013-11-14,87.5
2013-11-15,87
2013-11-16,84.2
2013-11-17,97.8
2013-11-18,92.9
2013-11-19,91.1
2013-11-20,91
2013-11-21,84.9
2013-11-22,81
2013-11-23,78.8
2013-11-24,81.4
2013-11-25,87.5
2013-11-26,79.7
2013-11-27,89.1
2013-11-28,86.1
2013-11-29,89.1
2013-11-30,93.1
2013-12-01,93.7
2013-12-02,92.2
2013-12-03,88.7
2013-12-04,88.5
2013-12-05,83.1
2013-12-06,79
2013-12-07,77.6
2013-12-08,78.9
2013-12-09,78.1
2013-12-10,76.1
2013-12-11,75.2
2013-12-12,75.3
2013-12-13,70.2
2013-12-14,76.2
2013-12-15,73.5
2013-12-16,85.1
2013-12-17,79.9
2013-12-18,77.5
2013-12-19,77.7
2013-12-20,82.1
2013-12-21,78.5
2013-12-22,73.9
2013-12-23,69.8
2013-12-24,79.9
2013-12-25,83.3
2013-12-26,79.9
2013-12-27,92.8
2013-12-28,84.9
2013-12-29,72.4
2013-12-30,71.3
2013-12-31,70
2014-01-01,68.5
2014-01-02,72.9
2014-01-03,83.7
2014-01-04,78.3
2014-01-05,69
2014-01-06,69.1
2014-01-07,74.6
2014-01-08,75.1
2014-01-09,83.5
2014-01-10,93.7
2014-01-11,95.1
2014-01-12,92.5
2014-01-13,84.8
2014-01-14,80.9
2014-01-15,85
2014-01-16,84
2014-01-17,80.1
2014-01-18,84
2014-01-19,81.8
2014-01-20,71.4
2014-01-21,77
2014-01-22,73.8
2014-01-23,73.5
2014-01-24,82.9
2014-01-25,66.9
2014-01-26,73.2
2014-01-27,68.1
2014-01-28,73.5
2014-01-29,77.7
2014-01-30,69
2014-01-31,74.6
2014-02-01,75.8
2014-02-02,79
2014-02-03,78.4
2014-02-04,72.5
2014-02-05,76.3
2014-02-06,76.2
2014-02-07,75.7
2014-02-08,70.9
2014-02-09,69.6
2014-02-10,70.4
2014-02-11,79.9
2014-02-12,73.4
2014-02-13,80.6
2014-02-14,73.9
2014-02-15,82.7
2014-02-16,77.6
2014-02-17,89.1
2014-02-18,81.3
2014-02-19,67.4
2014-02-20,88.2
2014-02-21,84.1
2014-02-22,76.9
2014-02-23,73
2014-02-24,70.2
2014-02-25,66.2
2014-02-26,65.5
2014-02-27,55.3
2014-02-28,64.6
2014-03-01,60.4
2014-03-02,61
2014-03-03,60.5
2014-03-04,54.8
2014-03-05,63
2014-03-06,88
2014-03-07,83.4
2014-03-08,69.4
2014-03-09,76.7
2014-03-10,78.6
2014-03-11,59.2
2014-03-12,50.9
2014-03-13,75.2
2014-03-14,74.4
2014-03-15,60
2014-03-16,54.5
2014-03-17,92.8
2014-03-18,89.2
2014-03-19,85.3
2014-03-20,60.9
2014-03-21,58.2
2014-03-22,60.2
2014-03-23,55.4
2014-03-24,61.4
2014-03-25,60.4
2014-03-26,64.6
2014-03-27,61.7
2014-03-28,43.1
2014-03-29,53.2
2014-03-30,74.8
2014-03-31,85.5
2014-04-01,72
2014-04-02,55.5
2014-04-03,49.5
2014-04-04,53.6
2014-04-05,68.1
2014-04-06,49.6
2014-04-07,57.3
2014-04-08,57.4
2014-04-09,57
2014-04-10,63.3
2014-04-11,58.2
2014-04-12,62.3
2014-04-13,85.7
2014-04-14,63
2014-04-15,46.6
2014-04-16,37.6
2014-04-17,35.8
2014-04-18,44.9
2014-04-19,79.2
2014-04-20,64.4
2014-04-21,72.7
2014-04-22,54.3
2014-04-23,39.3
2014-04-24,83.5
2014-04-25,89.6
2014-04-26,66.4
2014-04-27,45
2014-04-28,46.3
2014-04-29,54.3
2014-04-30,94.3
2014-05-01,83
2014-05-02,82.9
2014-05-03,77.3
2014-05-04,67.2
2014-05-05,66.3
2014-05-06,74
2014-05-07,68.2
2014-05-08,93.7
2014-05-09,97.3
2014-05-10,57.4
2014-05-11,48.8
2014-05-12,87.7
2014-05-13,86.3
2014-05-14,81.8
2014-05-15,61.4
2014-05-16,41.7
2014-05-17,39.7
2014-05-18,51.6
2014-05-19,66.1
2014-05-20,88.5
2014-05-21,87.5
2014-05-22,73.5
2014-05-23,50.5
2014-05-24,48.8
2014-05-25,52.7
2014-05-26,70.5
2014-05-27,51.5
2014-05-28,43
2014-05-29,44.8
2014-05-30,62.5
2014-05-31,83.9
2014-06-01,59.3
2014-06-02,89.8
2014-06-03,68.2
2014-06-04,51
2014-06-05,77.1
2014-06-06,64.3
2014-06-07,46.9
2014-06-08,62.9
2014-06-09,68.6
2014-06-10,58.5
2014-06-11,88.1
2014-06-12,84.5
2014-06-13,63.9
2014-06-14,74.9
2014-06-15,95.7
2014-06-16,77.1
2014-06-17,78.3
2014-06-18,69.8
2014-06-19,69.9
2014-06-20,83.8
2014-06-21,83.8
2014-06-22,72.7
2014-06-23,76.7
2014-06-24,86.9
2014-06-25,66.3
2014-06-26,69.6
2014-06-27,76
2014-06-28,85.7
2014-06-29,79.3
2014-06-30,93
2014-07-01,91.5
2014-07-02,62.9
2014-07-03,55.3
2014-07-04,65.9
2014-07-05,83
2014-07-06,70.5
2014-07-07,75.5
2014-07-08,84.8
2014-07-09,63.9
2014-07-10,67.2
2014-07-11,65.4
2014-07-12,67.4
2014-07-13,85.5
2014-07-14,82
2014-07-15,62.1
2014-07-16,60.8
2014-07-17,69.5
2014-07-18,68.3
2014-07-19,76.4
2014-07-20,73.9
2014-07-21,75.3
2014-07-22,71.5
2014-07-23,64.8
2014-07-24,66.1
2014-07-25,79.1
2014-07-26,70.1
2014-07-27,75.3
2014-07-28,64.2
2014-07-29,65.2
2014-07-30,65.9
2014-07-31,58.5
2014-08-01,55
2014-08-02,87.5
2014-08-03,69.7
2014-08-04,71.7
2014-08-05,70.2
2014-08-06,69.8
2014-08-07,65.9
2014-08-08,63.2
2014-08-09,67.5
2014-08-10,74.2
2014-08-11,60.3
2014-08-12,69
2014-08-13,62.5
2014-08-14,60.7
2014-08-15,69.1
2014-08-16,73.8
2014-08-17,68.6
2014-08-18,91
2014-08-19,87.4
2014-08-20,77.2
2014-08-21,85.6
2014-08-22,86.7
2014-08-23,86.8
2014-08-24,89.1
2014-08-25,83
2014-08-26,81.2
2014-08-27,73
2014-08-28,78.2
2014-08-29,93.7
2014-08-30,77.8
2014-08-31,94.1
2014-09-01,80.7
2014-09-02,74
2014-09-03,73.8
2014-09-04,79.4
2014-09-05,78.4
2014-09-06,80
2014-09-07,76.7
2014-09-08,72.8
2014-09-09,78.6
2014-09-10,58.5
2014-09-11,75
2014-09-12,74.9
2014-09-13,70
2014-09-14,85.2
2014-09-15,71.9
2014-09-16,71.1
2014-09-17,86.6
2014-09-18,85.8
2014-09-19,91.6
2014-09-20,86.2
2014-09-21,81.2
2014-09-22,72.4
2014-09-23,66.7
2014-09-24,90.2
2014-09-25,89.4
2014-09-26,81
2014-09-27,71.4
2014-09-28,91.6
2014-09-29,89.9
2014-09-30,84
2014-10-01,86.2
2014-10-02,82.5
2014-10-03,93
2014-10-04,80
2014-10-05,83
2014-10-06,85.9
2014-10-07,91.9
2014-10-08,81.2
2014-10-09,76.3
2014-10-10,80.5
2014-10-11,64.2
2014-10-12,64.3
2014-10-13,85.8
2014-10-14,69.2
2014-10-15,68.4
2014-10-16,60.1
2014-10-17,80.1
2014-10-18,74.1
2014-10-19,84.9
2014-10-20,78.7
2014-10-21,75.2
2014-10-22,67.7
2014-10-23,78.6
2014-10-24,62
2014-10-25,54.6
2014-10-26,77.2
2014-10-27,80.4
2014-10-28,96.4
2014-10-29,94.4
2014-10-30,84.5
2014-10-31,73.3
2014-11-01,55.7
2014-11-02,62
2014-11-03,72.7
2014-11-04,85.9
2014-11-05,75.7
2014-11-06,90.8
2014-11-07,91.5
2014-11-08,61.7
2014-11-09,67.5
2014-11-10,69.3
2014-11-11,80.2
2014-11-12,83.1
2014-11-13,79.9
2014-11-14,78.3
2014-11-15,83
2014-11-16,85.7
2014-11-17,80.8
2014-11-18,81
2014-11-19,81.7
2014-11-20,76.6
2014-11-21,77.5
2014-11-22,87.3
2014-11-23,94.6
2014-11-24,85.4
2014-11-25,82.6
2014-11-26,78.2
2014-11-27,76.5
2014-11-28,73.6
2014-11-29,89.1
2014-11-30,76.8
2014-12-01,69.3
2014-12-02,69.1
2014-12-03,75.5
2014-12-04,72.2
2014-12-05,83.9
2014-12-06,83.3
2014-12-07,82.1
2014-12-08,93.3
2014-12-09,88.5
2014-12-10,95.5
2014-12-11,97.5
2014-12-12,98
2014-12-13,99.2
2014-12-14,99.5
2014-12-15,95.2
2014-12-16,87.4
2014-12-17,76.8
2014-12-18,81.4
2014-12-19,91.5
2014-12-20,97.5
2014-12-21,98.1
2014-12-22,99
2014-12-23,99.4
2014-12-24,98.4
2014-12-25,97.1
2014-12-26,90
2014-12-27,87.2
2014-12-28,76.8
2014-12-29,74.4
2014-12-30,76
2014-12-31,84.1
2015-01-01,77.1
2015-01-02,81
2015-01-03,79.5
2015-01-04,70.7
2015-01-05,74.2
2015-01-06,76.4
2015-01-07,74.1
2015-01-08,78.5
2015-01-09,74.3
2015-01-10,72.2
2015-01-11,74.3
2015-01-12,71.6
2015-01-13,71.4
2015-01-14,86.6
2015-01-15,81.3
2015-01-16,75.2
2015-01-17,91.9
2015-01-18,83.9
2015-01-19,86.2
2015-01-20,94.2
2015-01-21,88.7
2015-01-22,81.7
2015-01-23,90.5
2015-01-24,75.9
2015-01-25,73.6
2015-01-26,93.4
2015-01-27,95.9
2015-01-28,96.8
2015-01-29,83
2015-01-30,83.9
2015-01-31,75.4
2015-02-01,68.6
2015-02-02,76.4
2015-02-03,78.2
2015-02-04,70.9
2015-02-05,72.6
2015-02-06,70.6
2015-02-07,84.4
2015-02-08,82.8
2015-02-09,83.5
2015-02-10,89.7
2015-02-11,77.8
2015-02-12,72.2
2015-02-13,79.6
2015-02-14,64.7
2015-02-15,71.1
2015-02-16,75.4
2015-02-17,73.5
2015-02-18,64.8
2015-02-19,63.3
2015-02-20,79.5
2015-02-21,72.6
2015-02-22,62.9
2015-02-23,74.9
2015-02-24,70.9
2015-02-25,65.5
2015-02-26,62.2
2015-02-27,61.8
2015-02-28,67.6
2015-03-01,73.9
2015-03-02,67
2015-03-03,62.6
2015-03-04,60.8
2015-03-05,61.9
2015-03-06,61.7
2015-03-07,65.8
2015-03-08,85.2
2015-03-09,67.5
2015-03-10,73.6
2015-03-11,58.1
2015-03-12,47.5
2015-03-13,82.7
2015-03-14,73.5
2015-03-15,50
2015-03-16,48.8
2015-03-17,50.5
2015-03-18,46.4
2015-03-19,80.3
2015-03-20,57.2
2015-03-21,50.8
2015-03-22,50.9
2015-03-23,44.2
2015-03-24,73.6
2015-03-25,91.7
2015-03-26,57.7
2015-03-27,51.6
2015-03-28,46.7
2015-03-29,75.1
2015-03-30,59.1
2015-03-31,79.4
2015-04-01,62.2
2015-04-02,75.7
2015-04-03,56.8
2015-04-04,57.9
2015-04-05,38.2
2015-04-06,37.1
2015-04-07,42
2015-04-08,86.3
2015-04-09,62.3
2015-04-10,58.2
2015-04-11,46.3
2015-04-12,63.1
2015-04-13,45.1
2015-04-14,28.4
2015-04-15,26
2015-04-16,35.5
2015-04-17,44.7
2015-04-18,46.7
2015-04-19,80.9
2015-04-20,94.3
2015-04-21,86.9
2015-04-22,57
2015-04-23,48.9
2015-04-24,42.8
2015-04-25,45.3
2015-04-26,30.2
2015-04-27,45.9
2015-04-28,70.5
2015-04-29,59.4
2015-04-30,45.6
2015-05-01,49.7
2015-05-02,48.2
2015-05-03,62.4
2015-05-04,59
2015-05-05,39.1
2015-05-06,62.8
2015-05-07,95.2
2015-05-08,83.1
2015-05-09,69.9
2015-05-10,67.3
2015-05-11,88.1
2015-05-12,79.7
2015-05-13,77.9
2015-05-14,85.5
2015-05-15,81.4
2015-05-16,59.1
2015-05-17,95.7
2015-05-18,89.2
2015-05-19,47.7
2015-05-20,41.9
2015-05-21,43.2
2015-05-22,39
2015-05-23,34.8
2015-05-24,38.5
2015-05-25,49.7
2015-05-26,58.4
2015-05-27,58
2015-05-28,87.6
2015-05-29,81.4
2015-05-30,57.3
2015-05-31,52.1
2015-06-01,46.9
2015-06-02,72.6
2015-06-03,80.1
2015-06-04,53.5
2015-06-05,49.5
2015-06-06,71.7
2015-06-07,88
2015-06-08,71.7
2015-06-09,73.8
2015-06-10,54.8
2015-06-11,53.5
2015-06-12,46.4
2015-06-13,54.2
2015-06-14,57.4
2015-06-15,67.1
2015-06-16,57.5
2015-06-17,72.7
2015-06-18,62.2
2015-06-19,79.3
2015-06-20,79.5
2015-06-21,72.3
2015-06-22,85.8
2015-06-23,73
2015-06-24,71.5
2015-06-25,69.3
2015-06-26,58.4
2015-06-27,81.4
2015-06-28,80
2015-06-29,74.4
2015-06-30,70.7
2015-07-01,69.9
2015-07-02,75.1
2015-07-03,65
2015-07-04,69.5
2015-07-05,90.6
2015-07-06,76.4
2015-07-07,59.4
2015-07-08,83.6
2015-07-09,70.3
2015-07-10,55.6
2015-07-11,64.7
2015-07-12,85.3
2015-07-13,83.4
2015-07-14,58.9
2015-07-15,79.6
2015-07-16,92.2
2015-07-17,80.2
2015-07-18,83.8
2015-07-19,76.2
2015-07-20,72.7
2015-07-21,62.8
2015-07-22,64.6
2015-07-23,68.6
2015-07-24,78.7
2015-07-25,70.1
2015-07-26,69.3
2015-07-27,65.8
2015-07-28,76.3
2015-07-29,86.3
2015-07-30,74.2
2015-07-31,82
2015-08-01,72.3
2015-08-02,66.8
2015-08-03,78.3
2015-08-04,79.7
2015-08-05,75.2
2015-08-06,84.7
2015-08-07,90.7
2015-08-08,73.1
2015-08-09,79.6
2015-08-10,76
2015-08-11,68.4
2015-08-12,76.2
2015-08-13,63.3
2015-08-14,54.5
2015-08-15,69.6
2015-08-16,71.3
2015-08-17,69.6
2015-08-18,66.7
2015-08-19,79.7
2015-08-20,65
2015-08-21,69.7
2015-08-22,91.3
2015-08-23,92.9
2015-08-24,87.6
2015-08-25,72.2
2015-08-26,70.6
2015-08-27,73.4
2015-08-28,90
2015-08-29,85.6
2015-08-30,83.5
2015-08-31,82.8
2015-09-01,64.5
2015-09-02,71.7
2015-09-03,68.6
2015-09-04,72.8
2015-09-05,88.7
2015-09-06,90.2
2015-09-07,67.1
2015-09-08,68.3
2015-09-09,69
2015-09-10,76.1
2015-09-11,79.3
2015-09-12,70.7
2015-09-13,63.3
2015-09-14,79.4
2015-09-15,80.6
2015-09-16,73.4
2015-09-17,89.8
2015-09-18,76.6
2015-09-19,80.1
2015-09-20,68
2015-09-21,65.3
2015-09-22,62.4
2015-09-23,60.8
2015-09-24,91
2015-09-25,92.2
2015-09-26,74.9
2015-09-27,72.4
2015-09-28,61.6
2015-09-29,62.8
2015-09-30,62.7
2015-10-01,59.8
2015-10-02,61.8
2015-10-03,63.9
2015-10-04,76.3
2015-10-05,84.8
2015-10-06,73.5
2015-10-07,80.3
2015-10-08,86.6
2015-10-09,81.6
2015-10-10,74.9
2015-10-11,69.1
2015-10-12,89.1
2015-10-13,86
2015-10-14,68.5
2015-10-15,69
2015-10-16,74
2015-10-17,74
2015-10-18,60.8
2015-10-19,58.2
2015-10-20,56.7
2015-10-21,83.3
2015-10-22,79
2015-10-23,94.8
2015-10-24,86.8
2015-10-25,84.7
2015-10-26,80.6
2015-10-27,82
2015-10-28,93.1
2015-10-29,88.6
2015-10-30,89
2015-10-31,94.7
2015-11-01,96.3
2015-11-02,96.5
2015-11-03,96.4
2015-11-04,97.4
2015-11-05,97.7
2015-11-06,95.7
2015-11-07,88.7
2015-11-08,68.3
2015-11-09,80.2
2015-11-10,79.8
2015-11-11,90.5
2015-11-12,93.9
2015-11-13,81.2
2015-11-14,71.4
2015-11-15,67.1
2015-11-16,88.4
2015-11-17,96.9
2015-11-18,97.4
2015-11-19,93.6
2015-11-20,86.7
2015-11-21,86.5
2015-11-22,90.3
2015-11-23,94.4
2015-11-24,89.2
2015-11-25,91.5
2015-11-26,85.1
2015-11-27,86.1
2015-11-28,79.8
2015-11-29,84.7
2015-11-30,90
2015-12-01,86.9
2015-12-02,89.7
2015-12-03,87.7
2015-12-04,74.1
2015-12-05,81.4
2015-12-06,88.8
2015-12-07,86.9
2015-12-08,88.6
2015-12-09,94.9
2015-12-10,93.8
2015-12-11,86.4
2015-12-12,93.3
2015-12-13,97.4
2015-12-14,89.8
2015-12-15,92.5
2015-12-16,93.4
2015-12-17,87.7
2015-12-18,83.9
2015-12-19,86
2015-12-20,91.4
2015-12-21,91.9
2015-12-22,95.9
2015-12-23,97.7
2015-12-24,90.1
2015-12-25,87.9
2015-12-26,85.7
2015-12-27,83.8
2015-12-28,85.7
2015-12-29,83.5
2015-12-30,85.2
2015-12-31,88.3
2016-01-01,92.8
2016-01-02,91
2016-01-03,91.9
2016-01-04,88
2016-01-05,84.7
2016-01-06,90.9
2016-01-07,95.1
2016-01-08,91.1
2016-01-09,77.1
2016-01-10,74.5
2016-01-11,78.5
2016-01-12,76.2
2016-01-13,76.9
2016-01-14,82.5
2016-01-15,84.2
2016-01-16,74.4
2016-01-17,71.8
2016-01-18,75.8
2016-01-19,78.8
2016-01-20,87.2
2016-01-21,85
2016-01-22,84.9
2016-01-23,86.7
2016-01-24,90.7
2016-01-25,93.9
2016-01-26,85
2016-01-27,90.4
2016-01-28,81.5
2016-01-29,87.9
2016-01-30,88.4
2016-01-31,79.5
2016-02-01,81.5
2016-02-02,78.6
2016-02-03,74.2
2016-02-04,82.9
2016-02-05,85.4
2016-02-06,88.2
2016-02-07,94
2016-02-08,81.2
2016-02-09,77.2
2016-02-10,73.3
2016-02-11,75.1
2016-02-12,67.7
2016-02-13,64.8
2016-02-14,73.2
2016-02-15,93.7
2016-02-16,72.6
2016-02-17,71.7
2016-02-18,78.6
2016-02-19,97.3
2016-02-20,83.8
2016-02-21,60.9
2016-02-22,76.9
2016-02-23,92.2
2016-02-24,92.1
2016-02-25,72.4
2016-02-26,74.8
2016-02-27,78.3
2016-02-28,81
2016-02-29,64.2
2016-03-01,53.9
2016-03-02,42.7
2016-03-03,33.6
2016-03-04,59
2016-03-05,73.7
2016-03-06,67.4
2016-03-07,75.3
2016-03-08,93.5
2016-03-09,89.7
2016-03-10,86.2
2016-03-11,68.1
2016-03-12,47.1
2016-03-13,65.5
2016-03-14,81.7
2016-03-15,91.4
2016-03-16,97.6
2016-03-17,82.5
2016-03-18,70.3
2016-03-19,67.2
2016-03-20,61.5
2016-03-21,38.7
2016-03-22,36.2
2016-03-23,34.8
2016-03-24,40.6
2016-03-25,74.5
2016-03-26,61.3
2016-03-27,59.5
2016-03-28,57.8
2016-03-29,54.7
2016-03-30,53
2016-03-31,63.3
2016-04-01,61.2
2016-04-02,59.6
2016-04-03,67.6
2016-04-04,40
2016-04-05,64.1
2016-04-06,90.8
2016-04-07,88
2016-04-08,60.8
2016-04-09,64
2016-04-10,87.1
2016-04-11,73.4
2016-04-12,53.6
2016-04-13,49.4
2016-04-14,73.7
2016-04-15,65.5
2016-04-16,88.4
2016-04-17,98
2016-04-18,85.1
2016-04-19,55.8
2016-04-20,77.6
2016-04-21,73.1
2016-04-22,40.8
2016-04-23,53.6
2016-04-24,34.4
2016-04-25,39.7
2016-04-26,38.4
2016-04-27,32.4
2016-04-28,39.5
2016-04-29,55.6
2016-04-30,49.5
2016-05-01,46.6
2016-05-02,39.8
2016-05-03,46.2
2016-05-04,44.3
2016-05-05,35.6
2016-05-06,38.8
2016-05-07,42.3
2016-05-08,48.7
2016-05-09,40
2016-05-10,45.2
2016-05-11,80.2
2016-05-12,91
2016-05-13,78.3
2016-05-14,66.7
2016-05-15,87.1
2016-05-16,69.1
2016-05-17,48
2016-05-18,43.4
2016-05-19,38.8
2016-05-20,53.4
2016-05-21,38.7
2016-05-22,40
2016-05-23,65.6
2016-05-24,75.3
2016-05-25,89.4
2016-05-26,84.9
2016-05-27,84.2
2016-05-28,94.9
2016-05-29,92
2016-05-30,73.1
2016-05-31,89.2
2016-06-01,92.2
2016-06-02,85.1
2016-06-03,74.2
2016-06-04,71
2016-06-05,83.7
2016-06-06,75.7
2016-06-07,68.2
2016-06-08,65.2
2016-06-09,53
2016-06-10,59.6
2016-06-11,54.7
2016-06-12,76.6
2016-06-13,77.3
2016-06-14,67.7
2016-06-15,91.9
2016-06-16,71.6
2016-06-17,84.3
2016-06-18,69.5
2016-06-19,77.6
2016-06-20,50.8
2016-06-21,54.4
2016-06-22,63.1
2016-06-23,54.7
2016-06-24,60.7
2016-06-25,90.7
2016-06-26,87.5
2016-06-27,66.5
2016-06-28,61.5
2016-06-29,80.7
2016-06-30,78
2016-07-01,53.9
2016-07-02,52.5
2016-07-03,66.5
2016-07-04,82.1
2016-07-05,85.4
2016-07-06,71.3
2016-07-07,80.1
2016-07-08,92.1
2016-07-09,77.2
2016-07-10,68.3
2016-07-11,89.3
2016-07-12,82.5
2016-07-13,90.8
2016-07-14,71.5
2016-07-15,62.5
2016-07-16,70.1
2016-07-17,73.6
2016-07-18,62.4
2016-07-19,69.6
2016-07-20,69.2
2016-07-21,67.2
2016-07-22,59.2
2016-07-23,76.3
2016-07-24,80.7
2016-07-25,68.5
2016-07-26,56.9
2016-07-27,69.3
2016-07-28,64
2016-07-29,60.8
2016-07-30,71.2
2016-07-31,68.4
2016-08-01,83.1
2016-08-02,73.4
2016-08-03,64.9
2016-08-04,80.2
2016-08-05,80.1
2016-08-06,72.9
2016-08-07,66.5
2016-08-08,68.4
2016-08-09,75.5
2016-08-10,68.2
2016-08-11,77.1
2016-08-12,87.1
2016-08-13,87.3
2016-08-14,74
2016-08-15,72.3
2016-08-16,76.8
2016-08-17,69.8
2016-08-18,88.7
2016-08-19,74.7
2016-08-20,74.4
2016-08-21,65.9
2016-08-22,74.7
2016-08-23,81.8
2016-08-24,69.4
2016-08-25,86.5
2016-08-26,75.9
2016-08-27,88.1
2016-08-28,88.5
2016-08-29,83.4
2016-08-30,66.2
2016-08-31,80
2016-09-01,74.5
2016-09-02,71.5
2016-09-03,69.8
2016-09-04,85.9
2016-09-05,94.9
2016-09-06,84.3
2016-09-07,81.8
2016-09-08,80.6
2016-09-09,75.8
2016-09-10,74.7
2016-09-11,75.2
2016-09-12,83.9
2016-09-13,80.9
2016-09-14,70
2016-09-15,81.6
2016-09-16,95.6
2016-09-17,94
2016-09-18,86.2
2016-09-19,79.3
2016-09-20,64.3
2016-09-21,76.7
2016-09-22,71
2016-09-23,65.6
2016-09-24,88.4
2016-09-25,93.3
2016-09-26,92.6
2016-09-27,92.1
2016-09-28,85.8
2016-09-29,80.5
2016-09-30,83.3
2016-10-01,80.1
2016-10-02,75.9
2016-10-03,63.7
2016-10-04,75.5
2016-10-05,82.2
2016-10-06,68.6
2016-10-07,88.2
2016-10-08,87.8
2016-10-09,78.6
2016-10-10,71.1
2016-10-11,95.4
2016-10-12,82.6
2016-10-13,71.5
2016-10-14,78
2016-10-15,72.6
2016-10-16,80.5
2016-10-17,93.2
2016-10-18,82.1
2016-10-19,74.4
2016-10-20,82.5
2016-10-21,79.5
2016-10-22,80
2016-10-23,78.1
2016-10-24,86.8
2016-10-25,77.9
2016-10-26,84.7
2016-10-27,96.1
2016-10-28,96.3
2016-10-29,95.9
2016-10-30,84.9
2016-10-31,93.9
2016-11-01,92.4
2016-11-02,88
2016-11-03,92.5
2016-11-04,83.4
2016-11-05,80.2
2016-11-06,64.6
2016-11-07,63.7
2016-11-08,82.2
2016-11-09,71.6
2016-11-10,65.8
2016-11-11,77.4
2016-11-12,69.1
2016-11-13,72.3
2016-11-14,86.8
2016-11-15,90.3
2016-11-16,87.2
2016-11-17,81.7
2016-11-18,73.2
2016-11-19,64.1
2016-11-20,68.1
2016-11-21,81.6
2016-11-22,89.8
2016-11-23,97.8
2016-11-24,97.1
2016-11-25,97.6
2016-11-26,97.7
2016-11-27,98.7
2016-11-28,98.1
2016-11-29,97.7
2016-11-30,95.7
2016-12-01,90.1
2016-12-02,94.3
2016-12-03,89.9
2016-12-04,94
2016-12-05,90.7
2016-12-06,94.4
2016-12-07,91.6
2016-12-08,84.8
2016-12-09,81.3
2016-12-10,79.8
2016-12-11,82.1
2016-12-12,82
2016-12-13,77.1
2016-12-14,72.7
2016-12-15,76.4
2016-12-16,77.9
2016-12-17,72.5
2016-12-18,74.3
2016-12-19,88.1
2016-12-20,91.4
2016-12-21,92.9
2016-12-22,87.6
2016-12-23,85.5
2016-12-24,83.8
2016-12-25,87.1
2016-12-26,89.3
2016-12-27,82.9
2016-12-28,90.6
2016-12-29,85.4
2016-12-30,86.6
2016-12-31,86.6
