1990,1,1,0.33191,0.2996
1990,1,2,0.32651,0.25293
1990,1,3,0.31615,0.21413
1990,1,4,0.30049,0.18196
1990,1,5,0.28157,0.15523
1990,1,6,0.26086,0.13301
1990,1,7,0.23946,0.11452
1990,1,8,0.21812,0.098736
1990,1,9,0.19742,0.085553
1990,1,10,0.17771,0.074535
1990,1,11,0.15921,0.064812
1990,1,12,0.14206,0.057012
1990,1,13,0.12631,0.050479
1990,1,14,0.11196,0.044978
1990,1,15,0.098955,0.04035
1990,1,16,0.087246,0.036441
1990,1,17,0.076749,0.033132
1990,1,18,0.067378,0.030308
1990,1,19,0.058992,0.02767
1990,1,20,0.051538,0.025265
1990,1,21,0.044946,0.022957
1990,1,22,0.039138,0.020867
1990,1,23,0.034038,0.019101
1990,1,24,0.029568,0.017278
1990,1,25,0.025661,0.015823
1990,1,26,0.02225,0.01462
1990,1,27,0.019277,0.013573
1990,1,28,0.016689,0.012654
1990,1,29,0.014438,0.011837
1990,1,30,0.012483,0.011043
1990,1,31,0.010786,0.010259
1990,2,1,0.0093156,0.0096148
1990,2,2,0.0080415,0.0090346
1990,2,3,0.0069386,0.008516
1990,2,4,0.0059847,0.0080669
1990,2,5,0.0051601,0.007692
1990,2,6,0.0044476,0.0073733
1990,2,7,0.0038324,0.0071027
1990,2,8,0.0033014,0.0068837
1990,2,9,0.0028432,0.0066615
1990,2,10,0.0024481,0.0063835
1990,2,11,0.0021075,0.0061616
1990,2,12,0.001814,0.0058959
1990,2,13,0.001561,0.0057213
1990,2,14,0.0013432,0.00556
1990,2,15,0.0011556,0.0054081
1990,2,16,0.00099406,0.0052016
1990,2,17,0.00085502,0.0049977
1990,2,18,0.00073537,0.0047005
1990,2,19,0.0006324,0.0045111
1990,2,20,0.00054381,0.00433
1990,2,21,0.00046761,0.0042287
1990,2,22,0.00040206,0.0041505
1990,2,23,0.00034568,0.0040835
1990,2,24,0.0002972,0.0040371
1990,2,25,0.0002555,0.0039919
1990,2,26,0.00021966,0.0039119
1990,2,27,0.00018883,0.0038071
1990,2,28,0.00016233,0.0037513
1990,3,1,0.00013955,0.0037167
1990,3,2,0.00011996,0.0037044
1990,3,3,0.00010312,0.0037003
1990,3,4,8.8651e-05,0.0036973
1990,3,5,7.6209e-05,0.0036974
1990,3,6,6.5514e-05,0.0035447
1990,3,7,5.6321e-05,0.0035856
1990,3,8,4.8418e-05,0.0035274
1990,3,9,4.1625e-05,0.0033352
1990,3,10,3.5788e-05,0.0040541
1990,3,11,3.0771e-05,0.0054239
1990,3,12,2.6461e-05,0.0081467
1990,3,13,2.2757e-05,0.011286
1990,3,14,1.9575e-05,0.01631
1990,3,15,1.6845e-05,0.024776
1990,3,16,1.4497e-05,0.03276
1990,3,17,1.2472e-05,0.035983
1990,3,18,1.0727e-05,0.03642
1990,3,19,9.2279e-06,0.038037
1990,3,20,7.939e-06,0.039723
1990,3,21,6.8316e-06,0.042191
1990,3,22,5.8769e-06,0.042504
1990,3,23,5.0547e-06,0.041636
1990,3,24,4.3472e-06,0.039315
1990,3,25,3.7405e-06,0.038376
1990,3,26,3.2204e-06,0.038617
1990,3,27,2.7734e-06,0.03872
1990,3,28,2.3889e-06,0.038484
1990,3,29,2.0586e-06,0.038234
1990,3,30,1.7796e-06,0.042781
1990,3,31,1.5325e-06,0.0475
1990,4,1,1.3276e-06,0.055648
1990,4,2,1.1564e-06,0.064217
1990,4,3,1.0085e-06,0.069684
1990,4,4,8.874e-07,0.080018
1990,4,5,7.8665e-07,0.092188
1990,4,6,6.9368e-07,0.096025
1990,4,7,6.1157e-07,0.096809
1990,4,8,5.3886e-07,0.09524
1990,4,9,4.7853e-07,0.096223
1990,4,10,4.3247e-07,0.10326
1990,4,11,3.9672e-07,0.11359
1990,4,12,3.6244e-07,0.11874
1990,4,13,3.3463e-07,0.12523
1990,4,14,3.197e-07,0.14266
1990,4,15,2.9861e-07,0.14835
1990,4,16,2.7408e-07,0.14526
1990,4,17,2.5419e-07,0.14376
1990,4,18,2.3778e-07,0.14337
1990,4,19,2.4285e-07,0.16805
1990,4,20,2.6387e-07,0.20899
1990,4,21,3.0232e-07,0.25994
1990,4,22,3.6831e-07,0.32071
1990,4,23,4.1092e-07,0.39719
1990,4,24,5.5856e-07,0.50825
1990,4,25,1.5195e-06,1.0016
1990,4,26,1.2576e-06,1.4271
1990,4,27,9.0326e-07,1.5964
1990,4,28,2.2123e-07,0.5071
1990,4,29,2.4307e-07,0.62801
1990,4,30,2.9338e-07,0.79456
1990,5,1,3.1063e-07,0.88264
1990,5,2,3.5008e-07,1.0179
1990,5,3,1.5978e-06,2.7901
1990,5,4,1.9503e-06,4.0729
1990,5,5,2.287e-06,6.0448
1990,5,6,2.5366e-06,8.7937
1990,5,7,1.8737e-06,10.157
1990,5,8,1.5292e-06,10.06
1990,5,9,1.169e-06,9.7775
1990,5,10,1.4033e-06,9.5537
1990,5,11,1.3318e-06,8.9651
1990,5,12,1.3837e-06,8.3832
1990,5,13,1.1205e-06,7.7147
1990,5,14,1.2565e-06,7.3324
1990,5,15,1.3507e-06,6.8587
1990,5,16,1.0581e-06,6.4168
1990,5,17,8.653e-07,8.876
1990,5,18,1.0855e-06,11.42
1990,5,19,1.2439e-06,12.22
1990,5,20,1.1953e-06,11.529
1990,5,21,1.1621e-06,10.725
1990,5,22,1.1106e-06,9.9536
1990,5,23,1.2462e-06,9.263
1990,5,24,1.5596e-06,13.487
1990,5,25,1.7262e-06,16.406
1990,5,26,1.6437e-06,14.531
1990,5,27,1.5877e-06,13.203
1990,5,28,1.562e-06,12.3
1990,5,29,1.5547e-06,11.505
1990,5,30,1.5572e-06,10.731
1990,5,31,1.5483e-06,10.15
1990,6,1,1.2043e-06,9.497
1990,6,2,7.7668e-07,14.338
1990,6,3,8.964e-07,14.111
1990,6,4,1.0284e-06,13.479
1990,6,5,6.9949e-07,13.136
1990,6,6,9.5231e-07,12.111
1990,6,7,1.1725e-06,11.095
1990,6,8,8.0999e-07,11.384
1990,6,9,9.1713e-07,13.247
1990,6,10,1.3332e-06,9.3812
1990,6,11,1.0343e-06,19.89
1990,6,12,1.3162e-06,16.28
1990,6,13,1.0014e-06,18.671
1990,6,14,8.8617e-07,17.28
1990,6,15,8.7391e-07,16.096
1990,6,16,9.6328e-07,15.002
1990,6,17,6.8957e-07,13.24
1990,6,18,8.7176e-07,12.986
1990,6,19,6.7279e-07,12.053
1990,6,20,5.3834e-07,11.404
1990,6,21,4.2629e-07,11.842
1990,6,22,7.0932e-07,10.517
1990,6,23,8.9227e-07,10.049
1990,6,24,1.0026e-06,9.6032
1990,6,25,1.3175e-06,8.4284
1990,6,26,1.3955e-06,7.8521
1990,6,27,1.1572e-06,12.457
1990,6,28,8.2625e-07,12.426
1990,6,29,1.0421e-06,16.972
1990,6,30,1.2222e-06,17.365
1990,7,1,1.0998e-06,15.334
1990,7,2,1.1075e-06,13.653
1990,7,3,6.8942e-07,11.585
1990,7,4,8.4732e-07,10.742
1990,7,5,8.9301e-07,9.4878
1990,7,6,8.949e-07,9.2637
1990,7,7,5.6552e-07,12.799
1990,7,8,9.1559e-07,8.9553
1990,7,9,1.134e-06,8.8122
1990,7,10,1.2488e-06,8.7306
1990,7,11,1.2458e-06,8.4432
1990,7,12,1.3045e-06,8.0583
1990,7,13,1.3228e-06,7.5813
1990,7,14,1.3303e-06,7.0629
1990,7,15,1.1712e-06,6.5355
1990,7,16,1.1559e-06,6.0474
1990,7,17,8.5865e-07,11.822
1990,7,18,8.6249e-07,12.845
1990,7,19,1.0164e-06,14.719
1990,7,20,9.8109e-07,14.344
1990,7,21,8.7422e-07,12.741
1990,7,22,9.0806e-07,11.448
1990,7,23,1.0155e-06,10.268
1990,7,24,1.0694e-06,13.117
1990,7,25,1.1093e-06,14.455
1990,7,26,7.7057e-07,12.178
1990,7,27,5.5e-07,10.115
1990,7,28,6.3729e-07,10.108
1990,7,29,7.4352e-07,9.7656
1990,7,30,8.7554e-07,9.4041
1990,7,31,9.8299e-07,8.9939
1990,8,1,1.0084e-06,8.5754
1990,8,2,9.6449e-07,9.7551
1990,8,3,8.9643e-07,10.861
1990,8,4,9.5222e-07,12.443
1990,8,5,8.6708e-07,12.086
1990,8,6,9.4467e-07,11.689
1990,8,7,9.8541e-07,11.203
1990,8,8,9.501e-07,10.662
1990,8,9,8.9518e-07,11.504
1990,8,10,8.7008e-07,14.442
1990,8,11,8.8298e-07,14.589
1990,8,12,8.5174e-07,13.971
1990,8,13,9.2304e-07,13.437
1990,8,14,9.5136e-07,12.879
1990,8,15,9.1528e-07,12.308
1990,8,16,8.9652e-07,13.03
1990,8,17,1.1019e-06,16.584
1990,8,18,8.412e-07,16.186
1990,8,19,8.307e-07,15.722
1990,8,20,9.3771e-07,14.838
1990,8,21,9.3002e-07,14.239
1990,8,22,9.3257e-07,15.017
1990,8,23,5.9009e-07,16.036
1990,8,24,8.1439e-07,17.568
1990,8,25,7.9132e-07,17.093
1990,8,26,7.4201e-07,16.406
1990,8,27,7.3413e-07,16.609
1990,8,28,6.8293e-07,17.399
1990,8,29,8.6472e-07,17.827
1990,8,30,8.7234e-07,18.052
1990,8,31,8.874e-07,17.594
1990,9,1,6.0559e-07,17.021
1990,9,2,6.7893e-07,16.652
1990,9,3,6.533e-07,15.943
1990,9,4,7.0103e-07,15.458
1990,9,5,7.2732e-07,15.067
1990,9,6,7.2636e-07,14.871
1990,9,7,7.6796e-07,14.733
1990,9,8,7.8702e-07,14.695
1990,9,9,7.2342e-07,14.621
1990,9,10,8.118e-07,16.273
1990,9,11,6.5455e-07,15.905
1990,9,12,4.8397e-07,15.523
1990,9,13,4.1858e-07,15.241
1990,9,14,4.8304e-07,15.581
1990,9,15,4.8815e-07,15.998
1990,9,16,5.0591e-07,17.85
1990,9,17,5.3787e-07,19.292
1990,9,18,4.826e-07,19.314
1990,9,19,5.159e-07,19.24
1990,9,20,5.143e-07,20.682
1990,9,21,4.7685e-07,21.407
1990,9,22,4.4867e-07,21.398
1990,9,23,4.8942e-07,21.907
1990,9,24,5.4924e-07,22.282
1990,9,25,6.1431e-07,21.784
1990,9,26,6.9418e-07,24.686
1990,9,27,5.793e-07,24.161
1990,9,28,4.8426e-07,22.709
1990,9,29,4.1892e-07,22.072
1990,9,30,4.4661e-07,22.493
1990,10,1,4.4649e-07,21.965
1990,10,2,4.57e-07,21.572
1990,10,3,4.1609e-07,21.2
1990,10,4,3.8722e-07,21.465
1990,10,5,4.1431e-07,22.162
1990,10,6,4.1226e-07,22.152
1990,10,7,4.2389e-07,22.806
1990,10,8,4.364e-07,23.287
1990,10,9,4.1163e-07,22.766
1990,10,10,4.2343e-07,23.328
1990,10,11,4.2963e-07,23.868
1990,10,12,4.2923e-07,24.167
1990,10,13,2.0427e-07,15.109
1990,10,14,1.9742e-07,15.107
1990,10,15,1.9715e-07,15.115
1990,10,16,1.9625e-07,15.065
1990,10,17,2.0471e-07,15.846
1990,10,18,2.0556e-07,16.499
1990,10,19,2.1961e-07,18.105
1990,10,20,2.3082e-07,20.301
1990,10,21,2.2228e-07,20.549
1990,10,22,2.272e-07,20.83
1990,10,23,2.1751e-07,20.75
1990,10,24,1.988e-07,20.483
1990,10,25,1.989e-07,20.568
1990,10,26,1.9476e-07,20.486
1990,10,27,2.1132e-07,20.816
1990,10,28,2.0052e-07,20.659
1990,10,29,1.8798e-07,20.425
1990,10,30,1.8604e-07,20.339
1990,10,31,1.8005e-07,20.194
1990,11,1,1.6586e-07,19.863
1990,11,2,1.9399e-07,21.035
1990,11,3,2.8741e-07,19.803
1990,11,4,3.4322e-07,18.351
1990,11,5,4.0564e-07,16.957
1990,11,6,4.111e-07,15.527
1990,11,7,4.377e-07,14.572
1990,11,8,3.4384e-07,19.522
1990,11,9,3.738e-07,17.656
1990,11,10,3.7571e-07,18.775
1990,11,11,4.4731e-07,16.713
1990,11,12,4.5964e-07,14.754
1990,11,13,4.4986e-07,12.832
1990,11,14,4.3462e-07,11.098
1990,11,15,4.3318e-07,9.7406
1990,11,16,4.2854e-07,8.6147
1990,11,17,4.4597e-07,7.5233
1990,11,18,4.565e-07,6.4438
1990,11,19,4.7061e-07,5.4978
1990,11,20,4.8857e-07,4.8368
1990,11,21,4.919e-07,4.6297
1990,11,22,4.9471e-07,4.0863
1990,11,23,4.5802e-07,3.5672
1990,11,24,4.1935e-07,3.1017
1990,11,25,3.7482e-07,2.6541
1990,11,26,3.4017e-07,2.2921
1990,11,27,3.0873e-07,1.9787
1990,11,28,2.8147e-07,1.7124
1990,11,29,2.5247e-07,1.4732
1990,11,30,2.2777e-07,1.2719
1990,12,1,2.0985e-07,1.1113
1990,12,2,1.9689e-07,0.98188
1990,12,3,1.7925e-07,0.85406
1990,12,4,1.6526e-07,0.74806
1990,12,5,1.5465e-07,0.66082
1990,12,6,1.4562e-07,0.58626
1990,12,7,1.3394e-07,0.51434
1990,12,8,1.2732e-07,0.45924
1990,12,9,1.2115e-07,0.41091
1990,12,10,1.1834e-07,0.37356
1990,12,11,1.1493e-07,0.33948
1990,12,12,1.0657e-07,0.30235
1990,12,13,9.7829e-08,0.26812
1990,12,14,8.9438e-08,0.23746
1990,12,15,8.291e-08,0.21208
1990,12,16,7.7262e-08,0.19016
1990,12,17,7.2327e-08,0.17173
1990,12,18,6.7705e-08,0.15534
1990,12,19,6.335e-08,0.14072
1990,12,20,5.6133e-08,0.12403
1990,12,21,5.0126e-08,0.10993
1990,12,22,4.3849e-08,0.096906
1990,12,23,3.8744e-08,0.086044
1990,12,24,3.4338e-08,0.076674
1990,12,25,3.0501e-08,0.068536
1990,12,26,2.7213e-08,0.061729
1990,12,27,2.4393e-08,0.055827
1990,12,28,2.1821e-08,0.050544
1990,12,29,1.9469e-08,0.045981
1990,12,30,1.7507e-08,0.042043
1990,12,31,1.5815e-08,0.038573
1991,1,1,1.4334e-08,0.03563
1991,1,2,1.3065e-08,0.033019
1991,1,3,1.1972e-08,0.030687
1991,1,4,1.103e-08,0.028706
1991,1,5,1.0228e-08,0.026925
1991,1,6,9.5408e-09,0.025411
1991,1,7,8.9409e-09,0.024017
1991,1,8,8.1374e-09,0.022554
1991,1,9,7.4758e-09,0.021325
1991,1,10,6.9067e-09,0.020257
1991,1,11,6.214e-09,0.019128
1991,1,12,5.7431e-09,0.018318
1991,1,13,5.3394e-09,0.017531
1991,1,14,4.9871e-09,0.016766
1991,1,15,4.7154e-09,0.016058
1991,1,16,4.499e-09,0.015392
1991,1,17,4.3006e-09,0.014738
1991,1,18,4.1604e-09,0.01414
1991,1,19,4.0442e-09,0.013568
1991,1,20,3.9455e-09,0.013021
1991,1,21,3.8697e-09,0.012505
1991,1,22,3.7168e-09,0.011932
1991,1,23,3.519e-09,0.011335
1991,1,24,3.4428e-09,0.010726
1991,1,25,3.3664e-09,0.010293
1991,1,26,3.2385e-09,0.0097018
1991,1,27,3.1069e-09,0.0090609
1991,1,28,3.0366e-09,0.008467
1991,1,29,2.9757e-09,0.0078965
1991,1,30,2.9183e-09,0.0073583
1991,1,31,2.8494e-09,0.0068418
1991,2,1,2.789e-09,0.0063741
1991,2,2,2.7465e-09,0.0059551
1991,2,3,3.3209e-09,0.0060997
1991,2,4,3.9406e-09,0.0062964
1991,2,5,4.662e-09,0.0065954
1991,2,6,5.3914e-09,0.0069147
1991,2,7,6.3554e-09,0.0074517
1991,2,8,7.217e-09,0.0079096
1991,2,9,8.246e-09,0.0085265
1991,2,10,9.1188e-09,0.0090167
1991,2,11,9.7855e-09,0.0093399
1991,2,12,1.0294e-08,0.0095412
1991,2,13,1.0706e-08,0.009677
1991,2,14,1.0905e-08,0.0096452
1991,2,15,1.0996e-08,0.0095398
1991,2,16,1.1007e-08,0.0093852
1991,2,17,1.0929e-08,0.0091729
1991,2,18,1.0914e-08,0.0090345
1991,2,19,1.083e-08,0.0088516
1991,2,20,1.0491e-08,0.0084597
1991,2,21,1.0247e-08,0.0081703
1991,2,22,1.005e-08,0.0079347
1991,2,23,9.8386e-09,0.0076979
1991,2,24,9.6234e-09,0.0074671
1991,2,25,9.4123e-09,0.0072485
1991,2,26,9.2105e-09,0.0070453
1991,2,27,9.0255e-09,0.0068629
1991,2,28,8.8481e-09,0.006692
1991,3,1,8.3614e-09,0.0062572
1991,3,2,7.9128e-09,0.0058665
1991,3,3,7.5072e-09,0.0055215
1991,3,4,7.1516e-09,0.005226
1991,3,5,6.7586e-09,0.0049024
1991,3,6,6.0694e-09,0.004328
1991,3,7,5.583e-09,0.0039396
1991,3,8,5.0917e-09,0.0035516
1991,3,9,4.5248e-09,0.0031027
1991,3,10,4.0931e-09,0.0027754
1991,3,11,3.7889e-09,0.0025588
1991,3,12,3.5563e-09,0.0024017
1991,3,13,3.2655e-09,0.0021918
1991,3,14,3.0636e-09,0.002057
1991,3,15,2.9576e-09,0.0020014
1991,3,16,3.4663e-09,0.0024677
1991,3,17,4.4531e-09,0.0033276
1991,3,18,5.7983e-09,0.0044737
1991,3,19,8.422e-09,0.0067046
1991,3,20,1.2762e-08,0.010407
1991,3,21,1.815e-08,0.015012
1991,3,22,2.4469e-08,0.020452
1991,3,23,3.0598e-08,0.025741
1991,3,24,3.5012e-08,0.029469
1991,3,25,4.1638e-08,0.035335
1991,3,26,4.6312e-08,0.039403
1991,3,27,5.0455e-08,0.04302
1991,3,28,5.2796e-08,0.044935
1991,3,29,5.4366e-08,0.046148
1991,3,30,5.3923e-08,0.045431
1991,3,31,5.0334e-08,0.041706
1991,4,1,5.0553e-08,0.041764
1991,4,2,5.146e-08,0.042512
1991,4,3,5.5304e-08,0.046148
1991,4,4,6.5459e-08,0.056234
1991,4,5,8.3737e-08,0.075053
1991,4,6,1.1097e-07,0.10507
1991,4,7,1.4646e-07,0.14548
1991,4,8,1.8368e-07,0.19023
1991,4,9,2.3121e-07,0.24169
1991,4,10,2.706e-07,0.29185
1991,4,11,3.2724e-07,0.3503
1991,4,12,3.7879e-07,0.41383
1991,4,13,3.7477e-07,0.49809
1991,4,14,4.9704e-07,0.61538
1991,4,15,4.6828e-07,0.61958
1991,4,16,4.6831e-07,0.75446
1991,4,17,5.4036e-07,0.89797
1991,4,18,1.5294e-07,0.36385
1991,4,19,1.9522e-07,0.47106
1991,4,20,1.1441e-06,2.339
1991,4,21,1.5364e-06,3.2319
1991,4,22,1.5124e-06,4.4823
1991,4,23,1.6261e-06,6.1992
1991,4,24,1.6141e-06,8.5479
1991,4,25,1.8937e-06,12.651
1991,4,26,1.9543e-06,16.283
1991,4,27,1.5902e-06,16.746
1991,4,28,1.4474e-06,15.747
1991,4,29,1.1549e-06,14.637
1991,4,30,9.5364e-07,13.908
1991,5,1,7.4139e-07,14.23
1991,5,2,6.5005e-07,14.081
1991,5,3,8.1942e-07,14.308
1991,5,4,1.8229e-07,4.6376
1991,5,5,1.6483e-07,4.743
1991,5,6,1.6283e-07,5.0852
1991,5,7,1.8577e-07,5.5241
1991,5,8,1.2255e-06,19.042
1991,5,9,1.5149e-06,23.983
1991,5,10,1.584e-06,22.457
1991,5,11,1.318e-06,20.303
1991,5,12,1.5114e-06,18.317
1991,5,13,1.5966e-06,16.489
1991,5,14,1.7045e-06,14.952
1991,5,15,1.6805e-06,25.962
1991,5,16,1.3811e-06,23.415
1991,5,17,1.5157e-06,21.214
1991,5,18,1.619e-06,19.243
1991,5,19,1.3588e-06,18.126
1991,5,20,1.125e-06,16.832
1991,5,21,1.1765e-06,15.767
1991,5,22,9.1594e-07,14.633
1991,5,23,6.8477e-07,13.434
1991,5,24,1.1495e-06,19.715
1991,5,25,1.3015e-06,20.165
1991,5,26,1.1652e-06,18.818
1991,5,27,1.0988e-06,17.53
1991,5,28,1.2178e-06,16.369
1991,5,29,1.0194e-06,21.154
1991,5,30,1.1867e-06,22.714
1991,5,31,1.0716e-06,20.573
1991,6,1,9.6132e-07,19.189
1991,6,2,7.7132e-07,17.833
1991,6,3,1.0345e-06,16.711
1991,6,4,1.2376e-06,15.603
1991,6,5,1.3849e-06,14.584
1991,6,6,1.4503e-06,13.601
1991,6,7,1.6267e-06,22.053
1991,6,8,1.3986e-06,19.777
1991,6,9,1.1319e-06,18.456
1991,6,10,1.1836e-06,17.221
1991,6,11,1.2012e-06,16.077
1991,6,12,9.7742e-07,19.346
1991,6,13,8.0888e-07,19.965
1991,6,14,6.8285e-07,19.554
1991,6,15,6.0941e-07,18.388
1991,6,16,8.2079e-07,17.202
1991,6,17,9.0406e-07,15.829
1991,6,18,9.1998e-07,19.436
1991,6,19,9.6311e-07,20.525
1991,6,20,9.6213e-07,18.417
1991,6,21,1.0504e-06,16.483
1991,6,22,1.1258e-06,15.651
1991,6,23,1.0706e-06,14.767
1991,6,24,1.0949e-06,13.98
1991,6,25,7.7305e-07,12.976
1991,6,26,8.5081e-07,17.921
1991,6,27,9.6898e-07,18.529
1991,6,28,7.1646e-07,16.963
1991,6,29,5.7868e-07,16.067
1991,6,30,3.9263e-07,15.597
1991,7,1,3.45e-07,14.817
1991,7,2,3.7424e-07,14.448
1991,7,3,3.3709e-07,13.715
1991,7,4,6.1938e-07,18.037
1991,7,5,5.7982e-07,18.932
1991,7,6,5.9018e-07,18.336
1991,7,7,6.0182e-07,17.634
1991,7,8,7.1748e-07,16.969
1991,7,9,8.6301e-07,16.22
1991,7,10,1.0686e-06,19.326
1991,7,11,9.0216e-07,20.103
1991,7,12,8.0339e-07,19.642
1991,7,13,9.1684e-07,18.434
1991,7,14,1.0772e-06,16.872
1991,7,15,1.1145e-06,15.407
1991,7,16,1.2082e-06,14.181
1991,7,17,1.1588e-06,13.037
1991,7,18,8.1473e-07,13.765
1991,7,19,1.1403e-06,18.605
1991,7,20,1.2184e-06,16.603
1991,7,21,1.2529e-06,14.84
1991,7,22,1.2049e-06,12.988
1991,7,23,1.0633e-06,12.418
1991,7,24,7.9711e-07,17.179
1991,7,25,7.4809e-07,16.732
1991,7,26,7.1049e-07,16.132
1991,7,27,7.0708e-07,15.507
1991,7,28,7.2636e-07,14.752
1991,7,29,8.0716e-07,13.801
1991,7,30,8.057e-07,12.696
1991,7,31,8.9239e-07,11.768
1991,8,1,8.4975e-07,12.673
1991,8,2,7.4962e-07,14.634
1991,8,3,7.4417e-07,15.063
1991,8,4,8.5718e-07,14.755
1991,8,5,8.8032e-07,14.199
1991,8,6,7.6853e-07,13.488
1991,8,7,1.0213e-06,16.248
1991,8,8,1.1091e-06,18.846
1991,8,9,1.1326e-06,17.163
1991,8,10,9.95e-07,15.544
1991,8,11,1.107e-06,14.167
1991,8,12,1.1411e-06,12.8
1991,8,13,1.1176e-06,11.652
1991,8,14,1.0542e-06,10.623
1991,8,15,1.0469e-06,16.583
1991,8,16,7.2057e-07,16.422
1991,8,17,6.424e-07,15.547
1991,8,18,8.0501e-07,14.955
1991,8,19,8.8483e-07,14.132
1991,8,20,9.2436e-07,13.347
1991,8,21,9.3913e-07,14.42
1991,8,22,9.4179e-07,15.407
1991,8,23,9.7101e-07,16.127
1991,8,24,9.2862e-07,14.871
1991,8,25,8.7219e-07,14.33
1991,8,26,6.4359e-07,13.457
1991,8,27,7.8126e-07,13.269
1991,8,28,8.3251e-07,12.733
1991,8,29,1.008e-06,17.484
1991,8,30,9.3258e-07,16.837
1991,8,31,9.0373e-07,16.33
1991,9,1,9.0227e-07,15.719
1991,9,2,8.2872e-07,15.024
1991,9,3,6.96e-07,15.291
1991,9,4,6.7623e-07,14.81
1991,9,5,6.6333e-07,14.484
1991,9,6,7.256e-07,14.454
1991,9,7,7.2788e-07,14.245
1991,9,8,5.1413e-07,13.045
1991,9,9,4.5003e-07,14.167
1991,9,10,4.8201e-07,15.494
1991,9,11,4.2482e-07,15.368
1991,9,12,3.5865e-07,15.53
1991,9,13,4.7465e-07,16.465
1991,9,14,3.5049e-07,15.886
1991,9,15,4.006e-07,16.945
1991,9,16,3.852e-07,17.36
1991,9,17,3.8435e-07,18.421
1991,9,18,3.1818e-07,18.165
1991,9,19,3.3238e-07,19.464
1991,9,20,4.1449e-07,21.232
1991,9,21,4.7754e-07,22.101
1991,9,22,3.6921e-07,20.357
1991,9,23,3.793e-07,21.006
1991,9,24,3.9873e-07,20.999
1991,9,25,3.9649e-07,21.531
1991,9,26,4.1323e-07,22.395
1991,9,27,1.8615e-07,13.695
1991,9,28,1.8457e-07,13.951
1991,9,29,1.8853e-07,14.351
1991,9,30,1.8489e-07,14.627
1991,10,1,1.768e-07,14.778
1991,10,2,1.7185e-07,14.934
1991,10,3,1.7415e-07,15.081
1991,10,4,1.7884e-07,15.211
1991,10,5,1.8034e-07,15.454
1991,10,6,1.9264e-07,15.892
1991,10,7,1.9056e-07,16.117
1991,10,8,1.8902e-07,16.109
1991,10,9,1.7689e-07,15.867
1991,10,10,1.7588e-07,15.947
1991,10,11,1.7736e-07,16.178
1991,10,12,1.7491e-07,16.484
1991,10,13,1.7419e-07,17.264
1991,10,14,1.997e-07,20.268
1991,10,15,2.0775e-07,20.63
1991,10,16,1.9941e-07,20.586
1991,10,17,2.1377e-07,21.432
1991,10,18,2.0757e-07,21.305
1991,10,19,2.132e-07,21.587
1991,10,20,2.2294e-07,21.914
1991,10,21,2.0809e-07,21.72
1991,10,22,4.3958e-07,23.143
1991,10,23,4.4041e-07,21.252
1991,10,24,4.2078e-07,19.092
1991,10,25,4.4751e-07,17.638
1991,10,26,4.5156e-07,16.022
1991,10,27,4.5346e-07,14.481
1991,10,28,4.1213e-07,12.487
1991,10,29,3.9189e-07,11.018
1991,10,30,4.2077e-07,9.611
1991,10,31,4.382e-07,9.4116
1991,11,1,3.881e-07,7.9676
1991,11,2,3.3525e-07,6.6325
1991,11,3,3.0339e-07,5.6737
1991,11,4,2.8326e-07,4.9394
1991,11,5,2.5723e-07,4.2293
1991,11,6,2.3923e-07,3.6639
1991,11,7,2.2475e-07,3.189
1991,11,8,2.1184e-07,2.7795
1991,11,9,1.9993e-07,2.4236
1991,11,10,1.8458e-07,2.0945
1991,11,11,1.7728e-07,1.8462
1991,11,12,1.704e-07,1.6301
1991,11,13,1.6277e-07,1.4365
1991,11,14,1.6602e-07,1.3121
1991,11,15,1.6844e-07,1.2013
1991,11,16,1.6718e-07,1.0933
1991,11,17,1.6634e-07,1
1991,11,18,1.5512e-07,0.94338
1991,11,19,1.4881e-07,0.83897
1991,11,20,1.5069e-07,0.77079
1991,11,21,1.4562e-07,0.69147
1991,11,22,1.4044e-07,0.62074
1991,11,23,1.3184e-07,0.54909
1991,11,24,1.2417e-07,0.48686
1991,11,25,1.15e-07,0.42788
1991,11,26,1.0942e-07,0.38205
1991,11,27,1.012e-07,0.33719
1991,11,28,9.3708e-08,0.29814
1991,11,29,8.4686e-08,0.26054
1991,11,30,7.7151e-08,0.22894
1991,12,1,7.11e-08,0.20266
1991,12,2,6.6655e-08,0.18182
1991,12,3,5.976e-08,0.1598
1991,12,4,5.4301e-08,0.14167
1991,12,5,5.0029e-08,0.12673
1991,12,6,4.6168e-08,0.11367
1991,12,7,4.0521e-08,0.10004
1991,12,8,3.6175e-08,0.088995
1991,12,9,3.2365e-08,0.079452
1991,12,10,2.9286e-08,0.071455
1991,12,11,2.6678e-08,0.064786
1991,12,12,2.448e-08,0.059036
1991,12,13,2.2493e-08,0.053916
1991,12,14,2.0048e-08,0.048866
1991,12,15,1.8526e-08,0.045043
1991,12,16,1.7147e-08,0.041602
1991,12,17,1.568e-08,0.038423
1991,12,18,1.4484e-08,0.035672
1991,12,19,1.3441e-08,0.033337
1991,12,20,1.2095e-08,0.030807
1991,12,21,1.1252e-08,0.028964
1991,12,22,1.0468e-08,0.027233
1991,12,23,9.9469e-09,0.025897
1991,12,24,9.5011e-09,0.024746
1991,12,25,9.1145e-09,0.023735
1991,12,26,8.8175e-09,0.022931
1991,12,27,8.5758e-09,0.022231
1991,12,28,8.3794e-09,0.021539
1991,12,29,8.2227e-09,0.020861
1991,12,30,8.0993e-09,0.020202
1991,12,31,7.9837e-09,0.019543
1992,1,1,7.8842e-09,0.018901
1992,1,2,7.8253e-09,0.018302
1992,1,3,7.8024e-09,0.017746
1992,1,4,7.8134e-09,0.017234
1992,1,5,7.8423e-09,0.016752
1992,1,6,7.8947e-09,0.016307
1992,1,7,7.9381e-09,0.015869
1992,1,8,7.621e-09,0.015117
1992,1,9,7.5364e-09,0.014601
1992,1,10,7.484e-09,0.014133
1992,1,11,7.4405e-09,0.013692
1992,1,12,7.4217e-09,0.013292
1992,1,13,7.4317e-09,0.012809
1992,1,14,7.4019e-09,0.012454
1992,1,15,7.3606e-09,0.011988
1992,1,16,7.3041e-09,0.011465
1992,1,17,7.1215e-09,0.010823
1992,1,18,6.9455e-09,0.010206
1992,1,19,6.7011e-09,0.009557
1992,1,20,6.4897e-09,0.0089679
1992,1,21,6.315e-09,0.0084527
1992,1,22,6.1821e-09,0.0080059
1992,1,23,5.8442e-09,0.0074047
1992,1,24,5.6422e-09,0.0069538
1992,1,25,5.4663e-09,0.006551
1992,1,26,5.3176e-09,0.0061954
1992,1,27,5.1575e-09,0.0058501
1992,1,28,5.0284e-09,0.0055519
1992,1,29,4.938e-09,0.005305
1992,1,30,4.7339e-09,0.0049736
1992,1,31,4.6477e-09,0.0047623
1992,2,1,4.5836e-09,0.0045829
1992,2,2,4.5462e-09,0.0044379
1992,2,3,4.5343e-09,0.0043251
1992,2,4,4.5403e-09,0.0042365
1992,2,5,4.5552e-09,0.0041634
1992,2,6,4.5166e-09,0.0040509
1992,2,7,4.4983e-09,0.003964
1992,2,8,4.4964e-09,0.0038983
1992,2,9,4.4903e-09,0.0038349
1992,2,10,4.4031e-09,0.0037063
1992,2,11,4.3538e-09,0.0036178
1992,2,12,4.3035e-09,0.0035338
1992,2,13,4.1381e-09,0.0033544
1992,2,14,4.0527e-09,0.0032517
1992,2,15,3.882e-09,0.0030792
1992,2,16,3.8125e-09,0.0030004
1992,2,17,3.7478e-09,0.0029283
1992,2,18,3.5406e-09,0.0027348
1992,2,19,3.4488e-09,0.0026471
1992,2,20,3.2322e-09,0.002453
1992,2,21,3.1359e-09,0.002368
1992,2,22,3.0468e-09,0.0022906
1992,2,23,2.994e-09,0.0022454
1992,2,24,2.9217e-09,0.0021835
1992,2,25,2.895e-09,0.0021618
1992,2,26,2.8823e-09,0.0021516
1992,2,27,2.8875e-09,0.0021564
1992,2,28,2.7812e-09,0.0020637
1992,2,29,2.7745e-09,0.0020593
1992,3,1,2.777e-09,0.0020622
1992,3,2,2.792e-09,0.0020753
1992,3,3,2.8187e-09,0.0020977
1992,3,4,4.0012e-09,0.0031231
1992,3,5,5.4039e-09,0.0043162
1992,3,6,8.1318e-09,0.0066509
1992,3,7,1.2024e-08,0.0099863
1992,3,8,1.5721e-08,0.013117
1992,3,9,1.9133e-08,0.015978
1992,3,10,2.3024e-08,0.019276
1992,3,11,2.6337e-08,0.022047
1992,3,12,2.7075e-08,0.022442
1992,3,13,2.8329e-08,0.023355
1992,3,14,3.0377e-08,0.025034
1992,3,15,3.1416e-08,0.025783
1992,3,16,3.2285e-08,0.026398
1992,3,17,3.1904e-08,0.025864
1992,3,18,3.2367e-08,0.026156
1992,3,19,3.2929e-08,0.026559
1992,3,20,3.3869e-08,0.02733
1992,3,21,3.4496e-08,0.027813
1992,3,22,3.4411e-08,0.027636
1992,3,23,3.3258e-08,0.026484
1992,3,24,3.4449e-08,0.027561
1992,3,25,3.7566e-08,0.030444
1992,3,26,3.7943e-08,0.030707
1992,3,27,3.7987e-08,0.030666
1992,3,28,3.7913e-08,0.030527
1992,3,29,3.9419e-08,0.031902
1992,3,30,4.0956e-08,0.033326
1992,3,31,4.3909e-08,0.036085
1992,4,1,4.7195e-08,0.039166
1992,4,2,4.8917e-08,0.040724
1992,4,3,5.291e-08,0.044542
1992,4,4,5.7773e-08,0.049235
1992,4,5,6.215e-08,0.053487
1992,4,6,6.7924e-08,0.059236
1992,4,7,7.4041e-08,0.065609
1992,4,8,8.5871e-08,0.079067
1992,4,9,9.449e-08,0.0885
1992,4,10,1.0584e-07,0.10124
1992,4,11,1.0428e-07,0.099428
1992,4,12,1.0406e-07,0.09907
1992,4,13,1.0593e-07,0.10107
1992,4,14,1.0606e-07,0.10114
1992,4,15,1.1714e-07,0.11396
1992,4,16,1.3243e-07,0.13275
1992,4,17,1.496e-07,0.15687
1992,4,18,1.7405e-07,0.18989
1992,4,19,1.9332e-07,0.20652
1992,4,20,2.5488e-07,0.2566
1992,4,21,2.5474e-07,0.27361
1992,4,22,2.4472e-07,0.27077
1992,4,23,2.233e-07,0.24779
1992,4,24,2.179e-07,0.2469
1992,4,25,2.1146e-07,0.24312
1992,4,26,2.8145e-07,0.31213
1992,4,27,3.0451e-07,0.44193
1992,4,28,4.2226e-07,0.5474
1992,4,29,5.3804e-07,0.67931
1992,4,30,1.4848e-07,0.33034
1992,5,1,1.1275e-06,1.6037
1992,5,2,1.2625e-06,2.2921
1992,5,3,1.4308e-06,3.3235
1992,5,4,1.5254e-06,4.7975
1992,5,5,1.9041e-06,7.2265
1992,5,6,1.3364e-06,8.3913
1992,5,7,1.9822e-06,14.466
1992,5,8,1.7526e-06,16.899
1992,5,9,1.6826e-06,16.518
1992,5,10,1.637e-06,14.525
1992,5,11,1.4066e-06,14.306
1992,5,12,1.2449e-06,13.238
1992,5,13,1.3021e-06,12.457
1992,5,14,1.0862e-06,11.624
1992,5,15,1.2542e-06,11.182
1992,5,16,9.4293e-07,10.171
1992,5,17,1.1876e-06,10.891
1992,5,18,1.1464e-06,10.15
1992,5,19,1.2831e-06,9.5384
1992,5,20,1.8698e-06,16.551
1992,5,21,1.6767e-06,16.321
1992,5,22,1.2648e-06,15.425
1992,5,23,1.0283e-06,16.642
1992,5,24,9.5918e-07,15.829
1992,5,25,1.0058e-06,15.076
1992,5,26,1.0565e-06,14.278
1992,5,27,1.2806e-06,12.67
1992,5,28,1.4206e-06,12.069
1992,5,29,1.3947e-06,11.528
1992,5,30,1.4001e-06,10.788
1992,5,31,1.193e-06,10.048
1992,6,1,1.1673e-06,9.4064
1992,6,2,1.1251e-06,8.7771
1992,6,3,1.0983e-06,8.2018
1992,6,4,9.1806e-07,16.917
1992,6,5,8.6533e-07,15.606
1992,6,6,7.9664e-07,14.838
1992,6,7,7.1706e-07,14.037
1992,6,8,9.3749e-07,13.495
1992,6,9,1.2396e-06,12.229
1992,6,10,1.4667e-06,18.265
1992,6,11,1.3095e-06,18.892
1992,6,12,1.1298e-06,16.81
1992,6,13,8.44e-07,15.942
1992,6,14,7.7239e-07,14.997
1992,6,15,9.48e-07,14.239
1992,6,16,7.7872e-07,13.203
1992,6,17,6.572e-07,15.816
1992,6,18,5.0159e-07,17.104
1992,6,19,8.6132e-07,17.766
1992,6,20,1.0053e-06,16.954
1992,6,21,1.0141e-06,16.093
1992,6,22,8.0437e-07,14.948
1992,6,23,5.6582e-07,14.529
1992,6,24,7.4158e-07,13.608
1992,6,25,6.0726e-07,14.382
1992,6,26,9.283e-07,13.333
1992,6,27,6.353e-07,14.123
1992,6,28,5.952e-07,13.801
1992,6,29,9.1249e-07,14.084
1992,6,30,9.2296e-07,13.516
1992,7,1,6.5045e-07,13.723
1992,7,2,5.192e-07,13.257
1992,7,3,4.9726e-07,14.43
1992,7,4,5.3665e-07,15.152
1992,7,5,9.5907e-07,14.693
1992,7,6,8.0548e-07,15.037
1992,7,7,9.5836e-07,12.703
1992,7,8,9.6816e-07,16.158
1992,7,9,1.2079e-06,19.588
1992,7,10,1.0486e-06,18.99
1992,7,11,1.0893e-06,17.401
1992,7,12,1.0492e-06,16.368
1992,7,13,9.7686e-07,15.395
1992,7,14,9.503e-07,14.476
1992,7,15,8.4766e-07,15.757
1992,7,16,9.4801e-07,18.622
1992,7,17,1.0563e-06,18.782
1992,7,18,1.1373e-06,17.1
1992,7,19,7.2158e-07,17.585
1992,7,20,7.5771e-07,16.917
1992,7,21,1.0078e-06,13.922
1992,7,22,1.1164e-06,13.227
1992,7,23,1.2134e-06,17.603
1992,7,24,1.013e-06,18.263
1992,7,25,9.0965e-07,16.739
1992,7,26,8.9257e-07,18.036
1992,7,27,6.7531e-07,16.651
1992,7,28,6.9752e-07,16.721
1992,7,29,7.1448e-07,16.773
1992,7,30,8.4716e-07,17.587
1992,7,31,8.3403e-07,17.548
1992,8,1,8.8747e-07,17.703
1992,8,2,8.5879e-07,17.158
1992,8,3,8.7469e-07,16.271
1992,8,4,9.4785e-07,15.29
1992,8,5,9.9215e-07,16.211
1992,8,6,1.173e-06,9.6386
1992,8,7,6.8846e-07,14.911
1992,8,8,8.7524e-07,15.796
1992,8,9,7.4392e-07,14.581
1992,8,10,7.8503e-07,13.877
1992,8,11,6.994e-07,12.27
1992,8,12,8.3374e-07,12.005
1992,8,13,8.4021e-07,12.596
1992,8,14,9.5618e-07,13.776
1992,8,15,9.8664e-07,14.729
1992,8,16,1.0131e-06,15.028
1992,8,17,1.007e-06,14.343
1992,8,18,9.9798e-07,13.293
1992,8,19,9.9671e-07,14.44
1992,8,20,9.4906e-07,14.885
1992,8,21,9.8128e-07,15.543
1992,8,22,7.3997e-07,13.886
1992,8,23,4.3638e-07,14.887
1992,8,24,4.3203e-07,15.121
1992,8,25,4.6329e-07,15.427
1992,8,26,5.758e-07,15.315
1992,8,27,6.4516e-07,15.099
1992,8,28,5.3668e-07,14.295
1992,8,29,4.6568e-07,15.109
1992,8,30,5.459e-07,16.739
1992,8,31,5.2465e-07,16.844
1992,9,1,5.5067e-07,16.606
1992,9,2,4.2799e-07,15.777
1992,9,3,5.4423e-07,18.858
1992,9,4,6.9763e-07,20.405
1992,9,5,5.275e-07,19.159
1992,9,6,5.6424e-07,19.371
1992,9,7,3.9447e-07,17.375
1992,9,8,4.7595e-07,17.605
1992,9,9,4.1076e-07,17.176
1992,9,10,4.8028e-07,17.476
1992,9,11,5.8204e-07,18.152
1992,9,12,6.8521e-07,17.763
1992,9,13,5.1058e-07,16.79
1992,9,14,5.7371e-07,16.558
1992,9,15,5.5754e-07,15.994
1992,9,16,5.488e-07,15.51
1992,9,17,4.6425e-07,15.2
1992,9,18,4.9198e-07,17.028
1992,9,19,5.0763e-07,19.489
1992,9,20,6.5655e-07,24.451
1992,9,21,5.6706e-07,23.918
1992,9,22,6.1186e-07,25.879
1992,9,23,6.4097e-07,28.27
1992,9,24,6.2294e-07,28.618
1992,9,25,7.6173e-07,29.696
1992,9,26,4.9539e-07,26.695
1992,9,27,4.7566e-07,26.431
1992,9,28,4.2154e-07,25.862
1992,9,29,4.3047e-07,25.697
1992,9,30,4.1946e-07,25.03
1992,10,1,5.6423e-07,25.755
1992,10,2,6.5362e-07,24.169
1992,10,3,6.6545e-07,22.887
1992,10,4,5.8305e-07,22.646
1992,10,5,5.1979e-07,21.974
1992,10,6,4.6714e-07,21.211
1992,10,7,4.7784e-07,20.496
1992,10,8,4.9465e-07,20.097
1992,10,9,4.8794e-07,19.827
1992,10,10,4.977e-07,19.682
1992,10,11,5.0256e-07,20.153
1992,10,12,4.7055e-07,21.024
1992,10,13,4.0411e-07,21.052
1992,10,14,1.7935e-07,13.238
1992,10,15,1.87e-07,13.909
1992,10,16,1.8599e-07,14.495
1992,10,17,1.8741e-07,15.27
1992,10,18,2.0272e-07,16.597
1992,10,19,2.483e-07,20.177
1992,10,20,2.3605e-07,20.332
1992,10,21,2.2833e-07,20.712
1992,10,22,2.1895e-07,20.723
1992,10,23,2.1042e-07,20.781
1992,10,24,1.9542e-07,20.702
1992,10,25,1.8389e-07,20.661
1992,10,26,1.8049e-07,20.768
1992,10,27,1.8012e-07,20.925
1992,10,28,1.7991e-07,21.106
1992,10,29,1.9106e-07,21.824
1992,10,30,2.2357e-07,23.905
1992,10,31,2.1661e-07,23.916
1992,11,1,2.0998e-07,23.832
1992,11,2,3.1062e-07,23.705
1992,11,3,3.3907e-07,22.123
1992,11,4,3.5245e-07,20.515
1992,11,5,3.5535e-07,18.848
1992,11,6,3.6326e-07,17.318
1992,11,7,3.2836e-07,14.92
1992,11,8,3.0712e-07,13.127
1992,11,9,2.7901e-07,11.284
1992,11,10,2.4648e-07,9.5134
1992,11,11,2.2985e-07,8.2429
1992,11,12,2.2168e-07,7.2571
1992,11,13,2.1446e-07,6.394
1992,11,14,2.047e-07,5.5904
1992,11,15,2.0067e-07,4.9511
1992,11,16,1.9029e-07,4.3125
1992,11,17,1.7766e-07,3.7297
1992,11,18,1.6755e-07,3.2377
1992,11,19,1.6046e-07,2.8288
1992,11,20,1.4884e-07,2.4364
1992,11,21,1.3869e-07,2.1009
1992,11,22,1.2838e-07,1.8058
1992,11,23,1.2031e-07,1.5589
1992,11,24,1.1202e-07,1.3425
1992,11,25,1.0796e-07,1.1731
1992,11,26,1.0386e-07,1.0258
1992,11,27,1.0062e-07,0.90087
1992,11,28,9.4393e-08,0.78285
1992,11,29,8.9147e-08,0.68266
1992,11,30,8.6205e-08,0.60142
1992,12,1,8.4106e-08,0.53291
1992,12,2,7.8541e-08,0.46619
1992,12,3,7.5356e-08,0.41283
1992,12,4,7.3334e-08,0.36859
1992,12,5,7.123e-08,0.32988
1992,12,6,6.6799e-08,0.29182
1992,12,7,6.4972e-08,0.26264
1992,12,8,6.2615e-08,0.23619
1992,12,9,6.0739e-08,0.21408
1992,12,10,5.9092e-08,0.19493
1992,12,11,5.7595e-08,0.17825
1992,12,12,5.5636e-08,0.16281
1992,12,13,5.2792e-08,0.14815
1992,12,14,4.9715e-08,0.13461
1992,12,15,4.7768e-08,0.1238
1992,12,16,4.6098e-08,0.11465
1992,12,17,4.4573e-08,0.10655
1992,12,18,4.2981e-08,0.09911
1992,12,19,3.982e-08,0.090638
1992,12,20,3.7469e-08,0.083926
1992,12,21,3.4484e-08,0.077132
1992,12,22,3.2463e-08,0.071984
1992,12,23,3.0576e-08,0.067403
1992,12,24,2.88e-08,0.063642
1992,12,25,2.6906e-08,0.059821
1992,12,26,2.5198e-08,0.056288
1992,12,27,2.3209e-08,0.052533
1992,12,28,2.1467e-08,0.049137
1992,12,29,1.9834e-08,0.045947
1992,12,30,1.8278e-08,0.042925
1992,12,31,1.658e-08,0.039843
1993,1,1,1.5393e-08,0.037371
1993,1,2,1.434e-08,0.035111
1993,1,3,1.3179e-08,0.032811
1993,1,4,1.2308e-08,0.030871
1993,1,5,1.1565e-08,0.029122
1993,1,6,1.0875e-08,0.027481
1993,1,7,1.0274e-08,0.025981
1993,1,8,9.7683e-09,0.024349
1993,1,9,9.3029e-09,0.023128
1993,1,10,8.905e-09,0.021761
1993,1,11,8.56e-09,0.020358
1993,1,12,8.273e-09,0.019
1993,1,13,7.9735e-09,0.017667
1993,1,14,7.7258e-09,0.016432
1993,1,15,7.5171e-09,0.015316
1993,1,16,7.34e-09,0.014315
1993,1,17,7.1836e-09,0.0134
1993,1,18,7.0533e-09,0.012569
1993,1,19,6.9519e-09,0.011821
1993,1,20,6.88e-09,0.011153
1993,1,21,6.8403e-09,0.010566
1993,1,22,6.7485e-09,0.009977
1993,1,23,6.6659e-09,0.0094417
1993,1,24,6.638e-09,0.0089967
1993,1,25,6.6161e-09,0.0085936
1993,1,26,6.4683e-09,0.0081118
1993,1,27,6.3525e-09,0.0076927
1993,1,28,6.2044e-09,0.0072753
1993,1,29,6.0757e-09,0.006904
1993,1,30,5.9589e-09,0.0065692
1993,1,31,5.8839e-09,0.006295
1993,2,1,5.8491e-09,0.0060767
1993,2,2,5.8458e-09,0.005904
1993,2,3,7.0785e-09,0.0068408
1993,2,4,8.1736e-09,0.0076442
1993,2,5,9.1435e-09,0.0083318
1993,2,6,9.7141e-09,0.0086643
1993,2,7,1.0094e-08,0.008837
1993,2,8,1.0377e-08,0.0089362
1993,2,9,1.0578e-08,0.0089766
1993,2,10,1.0742e-08,0.0089984
1993,2,11,1.084e-08,0.0089731
1993,2,12,1.088e-08,0.0089098
1993,2,13,1.0897e-08,0.0088373
1993,2,14,1.089e-08,0.0087549
1993,2,15,1.0834e-08,0.0086391
1993,2,16,1.0723e-08,0.0084833
1993,2,17,1.0487e-08,0.0082261
1993,2,18,1.0277e-08,0.0080022
1993,2,19,1.0017e-08,0.007744
1993,2,20,9.6884e-09,0.0074323
1993,2,21,9.4632e-09,0.0072216
1993,2,22,9.2138e-09,0.0069946
1993,2,23,8.9411e-09,0.006752
1993,2,24,8.673e-09,0.0065183
1993,2,25,8.4162e-09,0.0062986
1993,2,26,8.1784e-09,0.006099
1993,2,27,7.9622e-09,0.0059209
1993,2,28,7.7825e-09,0.0057765
1993,3,1,7.6426e-09,0.0056678
1993,3,2,8.2341e-09,0.0062047
1993,3,3,9.9488e-09,0.0077223
1993,3,4,1.3065e-08,0.010462
1993,3,5,1.7559e-08,0.014415
1993,3,6,2.0453e-08,0.016878
1993,3,7,2.3288e-08,0.019281
1993,3,8,2.4307e-08,0.020004
1993,3,9,2.3954e-08,0.019481
1993,3,10,2.4168e-08,0.019522
1993,3,11,2.5152e-08,0.020299
1993,3,12,2.6136e-08,0.021083
1993,3,13,2.543e-08,0.020307
1993,3,14,2.5237e-08,0.02004
1993,3,15,2.5686e-08,0.020386
1993,3,16,2.5039e-08,0.019723
1993,3,17,2.4461e-08,0.019147
1993,3,18,2.3222e-08,0.017983
1993,3,19,2.2203e-08,0.017049
1993,3,20,2.1374e-08,0.016311
1993,3,21,2.0939e-08,0.015945
1993,3,22,2.0579e-08,0.01565
1993,3,23,2.0014e-08,0.015169
1993,3,24,2.172e-08,0.016764
1993,3,25,2.5143e-08,0.019909
1993,3,26,3.104e-08,0.025338
1993,3,27,3.8327e-08,0.0321
1993,3,28,4.6781e-08,0.040101
1993,3,29,5.7005e-08,0.05005
1993,3,30,6.6607e-08,0.059612
1993,3,31,7.4526e-08,0.067599
1993,4,1,8.2862e-08,0.076275
1993,4,2,9.1652e-08,0.085719
1993,4,3,9.766e-08,0.092688
1993,4,4,1.1081e-07,0.10778
1993,4,5,1.3193e-07,0.13346
1993,4,6,1.5933e-07,0.16923
1993,4,7,1.883e-07,0.20937
1993,4,8,2.1775e-07,0.25221
1993,4,9,2.6145e-07,0.30165
1993,4,10,2.9961e-07,0.35094
1993,4,11,3.567e-07,0.41321
1993,4,12,3.1582e-07,0.45468
1993,4,13,3.9447e-07,0.56227
1993,4,14,5.3212e-07,0.69056
1993,4,15,6.7371e-07,0.8478
1993,4,16,1.6378e-07,0.3738
1993,4,17,9.8957e-07,1.8027
1993,4,18,2.3547e-07,0.63375
1993,4,19,1.1238e-06,3.068
1993,4,20,1.4278e-06,4.3388
1993,4,21,1.5759e-06,6.1191
1993,4,22,1.9477e-06,8.8532
1993,4,23,2.0669e-06,13.235
1993,4,24,1.6985e-06,17.844
1993,4,25,1.6803e-06,21.168
1993,4,26,1.5544e-06,20.784
1993,4,27,1.3335e-06,19.638
1993,4,28,9.8544e-07,19.514
1993,4,29,7.6997e-07,18.346
1993,4,30,7.1466e-07,18.248
1993,5,1,7.0366e-07,18.006
1993,5,2,6.2962e-07,17.252
1993,5,3,1.2573e-06,23.704
1993,5,4,1.5859e-06,26.205
1993,5,5,1.6084e-06,23.579
1993,5,6,1.6409e-06,21.097
1993,5,7,1.4566e-06,18.979
1993,5,8,1.3342e-06,17.174
1993,5,9,1.2947e-06,15.615
1993,5,10,1.25e-06,14.328
1993,5,11,1.0502e-06,22.888
1993,5,12,1.2102e-06,20.777
1993,5,13,1.185e-06,18.69
1993,5,14,1.1374e-06,17.447
1993,5,15,8.7551e-07,17.878
1993,5,16,8.7853e-07,16.877
1993,5,17,8.759e-07,15.891
1993,5,18,9.2643e-07,15.276
1993,5,19,7.4613e-07,14.055
1993,5,20,8.624e-07,14.076
1993,5,21,1.1279e-06,12.616
1993,5,22,8.5948e-07,12.762
1993,5,23,6.791e-07,12.17
1993,5,24,9.2213e-07,12.43
1993,5,25,8.7754e-07,11.871
1993,5,26,1.014e-06,11.417
1993,5,27,8.3582e-07,10.585
1993,5,28,9.047e-07,10.336
1993,5,29,9.4328e-07,9.8284
1993,5,30,1.0775e-06,9.3299
1993,5,31,9.799e-07,8.7267
1993,6,1,9.4768e-07,8.4545
1993,6,2,9.0187e-07,8.1891
1993,6,3,1.0399e-06,8.0983
1993,6,4,1.1553e-06,7.8307
1993,6,5,1.1051e-06,7.4574
1993,6,6,9.7279e-07,6.9895
1993,6,7,9.2585e-07,6.5788
1993,6,8,8.3695e-07,6.1495
1993,6,9,8.2266e-07,8.0747
1993,6,10,1.2167e-06,10.881
1993,6,11,1.5057e-06,8.2949
1993,6,12,1.5117e-06,7.6961
1993,6,13,9.0879e-07,9.8157
1993,6,14,7.7203e-07,9.0034
1993,6,15,9.8308e-07,8.7215
1993,6,16,6.3803e-07,9.8268
1993,6,17,9.1389e-07,8.2925
1993,6,18,1.0972e-06,8.1748
1993,6,19,1.2191e-06,7.8619
1993,6,20,1.2943e-06,7.4526
1993,6,21,1.2071e-06,6.9783
1993,6,22,1.2043e-06,6.4656
1993,6,23,1.0322e-06,6.0095
1993,6,24,7.7725e-07,9.9311
1993,6,25,7.1265e-07,9.875
1993,6,26,6.3734e-07,10.641
1993,6,27,7.6505e-07,12.172
1993,6,28,6.9851e-07,11.907
1993,6,29,7.3661e-07,11.757
1993,6,30,6.118e-07,11.114
1993,7,1,7.8043e-07,10.74
1993,7,2,8.8663e-07,10.261
1993,7,3,9.1306e-07,9.735
1993,7,4,7.6769e-07,9.0454
1993,7,5,6.7504e-07,11.259
1993,7,6,6.6609e-07,13.295
1993,7,7,7.0142e-07,14.08
1993,7,8,8.7167e-07,13.468
1993,7,9,9.3865e-07,12.806
1993,7,10,8.4477e-07,12.082
1993,7,11,7.1051e-07,12.571
1993,7,12,7.0069e-07,12.561
1993,7,13,6.4343e-07,12.293
1993,7,14,8.0772e-07,13.223
1993,7,15,1.0897e-06,9.8513
1993,7,16,8.9262e-07,9.2466
1993,7,17,8.1704e-07,8.7846
1993,7,18,1.0337e-06,12.759
1993,7,19,8.2986e-07,17.884
1993,7,20,8.6e-07,17.3
1993,7,21,1.1433e-06,12.238
1993,7,22,9.3029e-07,18.261
1993,7,23,6.3996e-07,15.919
1993,7,24,5.2263e-07,14.768
1993,7,25,4.7216e-07,14.094
1993,7,26,4.7893e-07,15.193
1993,7,27,4.614e-07,17.598
1993,7,28,5.2478e-07,18.341
1993,7,29,8.5185e-07,18.748
1993,7,30,1.0043e-06,17.809
1993,7,31,1.0759e-06,16.844
1993,8,1,7.9672e-07,16.834
1993,8,2,7.1712e-07,16.018
1993,8,3,7.5663e-07,15.517
1993,8,4,7.2141e-07,14.683
1993,8,5,7.6178e-07,14.43
1993,8,6,7.6522e-07,14.062
1993,8,7,7.7405e-07,13.692
1993,8,8,8.5399e-07,13.297
1993,8,9,7.8007e-07,13.207
1993,8,10,8.9368e-07,14.316
1993,8,11,7.8015e-07,14.269
1993,8,12,7.3373e-07,14.022
1993,8,13,8.7721e-07,14.861
1993,8,14,6.7676e-07,13.645
1993,8,15,5.6707e-07,12.789
1993,8,16,7.7453e-07,13.339
1993,8,17,7.8595e-07,12.724
1993,8,18,8.8484e-07,13.81
1993,8,19,8.3612e-07,13.777
1993,8,20,9.3051e-07,14.736
1993,8,21,8.9559e-07,14.509
1993,8,22,8.9353e-07,13.825
1993,8,23,7.2198e-07,12.722
1993,8,24,8.3723e-07,14.147
1993,8,25,8.0893e-07,14.682
1993,8,26,5.4511e-07,16.636
1993,8,27,4.9783e-07,16.516
1993,8,28,5.2308e-07,16.195
1993,8,29,5.4244e-07,15.688
1993,8,30,6.4094e-07,15.422
1993,8,31,6.795e-07,15.047
1993,9,1,5.9619e-07,15.584
1993,9,2,4.9525e-07,16.824
1993,9,3,4.7061e-07,18.755
1993,9,4,4.7672e-07,19.281
1993,9,5,4.7593e-07,19.33
1993,9,6,5.2974e-07,19.364
1993,9,7,5.7185e-07,19.151
1993,9,8,5.0224e-07,20.044
1993,9,9,5.5343e-07,22.993
1993,9,10,5.996e-07,24.729
1993,9,11,6.0645e-07,24.468
1993,9,12,5.0886e-07,23.594
1993,9,13,3.956e-07,22.959
1993,9,14,4.0093e-07,24.418
1993,9,15,3.8638e-07,24.89
1993,9,16,3.467e-07,25.066
1993,9,17,4.642e-07,28.242
1993,9,18,5.5608e-07,28.993
1993,9,19,7.7868e-07,27.414
1993,9,20,6.38e-07,26.936
1993,9,21,3.1521e-07,23.584
1993,9,22,3.1753e-07,23.673
1993,9,23,3.4539e-07,23.585
1993,9,24,5.3792e-07,25.166
1993,9,25,6.2648e-07,23.891
1993,9,26,3.4043e-07,21.743
1993,9,27,3.3003e-07,21.974
1993,9,28,1.5749e-07,14.457
1993,9,29,1.8076e-07,15.308
1993,9,30,1.8396e-07,15.918
1993,10,1,1.9246e-07,16.796
1993,10,2,1.9793e-07,17.57
1993,10,3,1.932e-07,18.203
1993,10,4,1.9476e-07,18.909
1993,10,5,1.9678e-07,19.636
1993,10,6,1.979e-07,20.099
1993,10,7,2.1e-07,20.939
1993,10,8,2.2259e-07,21.926
1993,10,9,2.3403e-07,22.871
1993,10,10,2.3244e-07,23.325
1993,10,11,2.5174e-07,25.026
1993,10,12,2.6046e-07,26.256
1993,10,13,2.8702e-07,29.317
1993,10,14,2.6794e-07,29.578
1993,10,15,2.455e-07,29.061
1993,10,16,2.2405e-07,28.924
1993,10,17,1.9761e-07,28.192
1993,10,18,1.7856e-07,27.59
1993,10,19,1.8868e-07,27.496
1993,10,20,1.73e-07,27.084
1993,10,21,4.4385e-07,29.265
1993,10,22,1.5818e-07,26.211
1993,10,23,1.6382e-07,26.008
1993,10,24,1.6255e-07,25.774
1993,10,25,1.5907e-07,25.466
1993,10,26,1.9616e-07,26.617
1993,10,27,3.0463e-07,27.526
1993,10,28,3.7888e-07,25.08
1993,10,29,4.0015e-07,22.547
1993,10,30,4.0016e-07,19.87
1993,10,31,3.9217e-07,17.305
1993,11,1,3.8257e-07,15.002
1993,11,2,3.7506e-07,13.029
1993,11,3,3.7506e-07,11.515
1993,11,4,3.6862e-07,10.102
1993,11,5,3.5877e-07,8.8296
1993,11,6,3.4881e-07,7.729
1993,11,7,3.3603e-07,6.802
1993,11,8,3.2175e-07,5.9815
1993,11,9,3.0205e-07,5.2082
1993,11,10,2.8441e-07,4.5446
1993,11,11,2.7151e-07,3.9994
1993,11,12,2.6146e-07,3.5419
1993,11,13,2.4927e-07,3.1227
1993,11,14,2.412e-07,2.7798
1993,11,15,2.3374e-07,2.481
1993,11,16,2.2572e-07,2.2266
1993,11,17,2.2263e-07,2.0142
1993,11,18,2.1809e-07,1.8199
1993,11,19,2.1728e-07,1.6664
1993,11,20,2.1388e-07,1.5197
1993,11,21,2.0695e-07,1.3725
1993,11,22,1.9754e-07,1.2347
1993,11,23,1.8292e-07,1.0889
1993,11,24,1.6967e-07,0.96044
1993,11,25,1.5562e-07,0.84107
1993,11,26,1.4609e-07,0.74554
1993,11,27,1.3457e-07,0.65399
1993,11,28,1.2449e-07,0.57475
1993,11,29,1.1194e-07,0.49802
1993,11,30,1.0111e-07,0.43239
1993,12,1,9.2886e-08,0.37961
1993,12,2,8.5835e-08,0.33444
1993,12,3,7.7828e-08,0.29247
1993,12,4,7.1872e-08,0.25807
1993,12,5,6.7812e-08,0.23018
1993,12,6,6.3512e-08,0.205
1993,12,7,5.8215e-08,0.18112
1993,12,8,5.4991e-08,0.16296
1993,12,9,5.1908e-08,0.14691
1993,12,10,4.9442e-08,0.13329
1993,12,11,4.7076e-08,0.12119
1993,12,12,4.4887e-08,0.11051
1993,12,13,4.264e-08,0.1008
1993,12,14,4.0551e-08,0.092494
1993,12,15,3.9248e-08,0.085811
1993,12,16,3.8134e-08,0.079951
1993,12,17,3.7162e-08,0.074777
1993,12,18,3.633e-08,0.070209
1993,12,19,3.5569e-08,0.066116
1993,12,20,3.4005e-08,0.061727
1993,12,21,3.3105e-08,0.058318
1993,12,22,3.1788e-08,0.054729
1993,12,23,3.0825e-08,0.051721
1993,12,24,2.9761e-08,0.048956
1993,12,25,2.8547e-08,0.046193
1993,12,26,2.7325e-08,0.043559
1993,12,27,2.6042e-08,0.04112
1993,12,28,2.4779e-08,0.038793
1993,12,29,2.2933e-08,0.035984
1993,12,30,2.1316e-08,0.033586
1993,12,31,1.9758e-08,0.031304
1994,1,1,1.8423e-08,0.029389
1994,1,2,1.7229e-08,0.027639
1994,1,3,1.6152e-08,0.026106
1994,1,4,1.5045e-08,0.024557
1994,1,5,1.4056e-08,0.023197
1994,1,6,1.3168e-08,0.021935
1994,1,7,1.2367e-08,0.020811
1994,1,8,1.1657e-08,0.019818
1994,1,9,1.1023e-08,0.018971
1994,1,10,1.0197e-08,0.017951
1994,1,11,9.4123e-09,0.016949
1994,1,12,8.57e-09,0.01588
1994,1,13,7.8451e-09,0.014913
1994,1,14,7.2134e-09,0.01403
1994,1,15,6.6655e-09,0.013223
1994,1,16,6.1812e-09,0.012477
1994,1,17,5.7188e-09,0.011757
1994,1,18,5.3108e-09,0.011092
1994,1,19,4.9557e-09,0.010483
1994,1,20,4.6468e-09,0.0099247
1994,1,21,4.3641e-09,0.0093987
1994,1,22,4.1315e-09,0.0089272
1994,1,23,3.9216e-09,0.0084854
1994,1,24,3.7705e-09,0.0080159
1994,1,25,3.6354e-09,0.0076756
1994,1,26,3.527e-09,0.0072846
1994,1,27,3.442e-09,0.0068815
1994,1,28,3.3706e-09,0.0064835
1994,1,29,3.3133e-09,0.0061067
1994,1,30,3.263e-09,0.005749
1994,1,31,3.2172e-09,0.0054201
1994,2,1,3.1779e-09,0.0051177
1994,2,2,3.1377e-09,0.0048339
1994,2,3,3.0953e-09,0.0045671
1994,2,4,3.0523e-09,0.0043187
1994,2,5,2.9888e-09,0.0040707
1994,2,6,2.9311e-09,0.0038449
1994,2,7,2.8758e-09,0.0036373
1994,2,8,2.8207e-09,0.0034447
1994,2,9,2.7691e-09,0.0032689
1994,2,10,2.707e-09,0.0030962
1994,2,11,2.6402e-09,0.0029311
1994,2,12,2.5117e-09,0.0027235
1994,2,13,2.4061e-09,0.0025472
1994,2,14,2.32e-09,0.0023975
1994,2,15,2.2546e-09,0.0022742
1994,2,16,2.2035e-09,0.0021705
1994,2,17,2.1527e-09,0.0020733
1994,2,18,2.1302e-09,0.0020063
1994,2,19,2.7258e-09,0.0024792
1994,2,20,3.1628e-09,0.0028047
1994,2,21,3.5697e-09,0.0031001
1994,2,22,3.8854e-09,0.0033145
1994,2,23,4.1283e-09,0.0034663
1994,2,24,4.3179e-09,0.0035745
1994,2,25,4.4687e-09,0.0036528
1994,2,26,4.5774e-09,0.0036985
1994,2,27,4.6605e-09,0.0037266
1994,2,28,4.7114e-09,0.0037312
1994,3,1,4.7581e-09,0.0037367
1994,3,2,4.7276e-09,0.0036792
1994,3,3,5.1482e-09,0.0040196
1994,3,4,6.2962e-09,0.0049897
1994,3,5,9.0156e-09,0.0073226
1994,3,6,1.0847e-08,0.0088341
1994,3,7,1.2678e-08,0.010332
1994,3,8,1.3472e-08,0.010896
1994,3,9,1.3356e-08,0.010658
1994,3,10,1.3344e-08,0.01054
1994,3,11,1.376e-08,0.010821
1994,3,12,1.4279e-08,0.011202
1994,3,13,1.3984e-08,0.01086
1994,3,14,1.4031e-08,0.010844
1994,3,15,1.6202e-08,0.012735
1994,3,16,1.7616e-08,0.01392
1994,3,17,1.8209e-08,0.014356
1994,3,18,1.7583e-08,0.013701
1994,3,19,1.7515e-08,0.013576
1994,3,20,1.7644e-08,0.013641
1994,3,21,1.9758e-08,0.015503
1994,3,22,2.2558e-08,0.017967
1994,3,23,2.4354e-08,0.019491
1994,3,24,2.4714e-08,0.019693
1994,3,25,2.5908e-08,0.020676
1994,3,26,2.6843e-08,0.021424
1994,3,27,2.6951e-08,0.021415
1994,3,28,2.6898e-08,0.021274
1994,3,29,2.6776e-08,0.021087
1994,3,30,2.5986e-08,0.020301
1994,3,31,2.4953e-08,0.019319
1994,4,1,2.5938e-08,0.020211
1994,4,2,2.4518e-08,0.018883
1994,4,3,2.3056e-08,0.017553
1994,4,4,2.2393e-08,0.016978
1994,4,5,2.2087e-08,0.016735
1994,4,6,2.1815e-08,0.016522
1994,4,7,2.127e-08,0.016061
1994,4,8,2.3877e-08,0.018469
1994,4,9,2.8241e-08,0.022459
1994,4,10,3.2064e-08,0.025921
1994,4,11,3.8075e-08,0.031497
1994,4,12,4.462e-08,0.037603
1994,4,13,5.4653e-08,0.047233
1994,4,14,7.1776e-08,0.064403
1994,4,15,9.0592e-08,0.084276
1994,4,16,1.0973e-07,0.10577
1994,4,17,1.3444e-07,0.13556
1994,4,18,1.6657e-07,0.17698
1994,4,19,2.1361e-07,0.23149
1994,4,20,2.6799e-07,0.29032
1994,4,21,3.3572e-07,0.35596
1994,4,22,3.4371e-07,0.39412
1994,4,23,4.6663e-07,0.50847
1994,4,24,5.9939e-07,0.64719
1994,4,25,1.5716e-07,0.27295
1994,4,26,1.753e-07,0.35265
1994,4,27,1.1515e-06,1.9081
1994,4,28,1.4298e-06,2.6839
1994,4,29,1.6001e-06,3.877
1994,4,30,1.6188e-06,5.4784
1994,5,1,1.6759e-06,7.8574
1994,5,2,1.7573e-06,11.552
1994,5,3,1.8445e-06,16.655
1994,5,4,1.8032e-06,19.962
1994,5,5,1.5577e-06,19.541
1994,5,6,1.5099e-06,18.545
1994,5,7,1.474e-06,17.34
1994,5,8,1.3549e-06,16.028
1994,5,9,1.2893e-06,15.002
1994,5,10,1.1439e-06,13.984
1994,5,11,1.0123e-06,13.072
1994,5,12,1.1627e-06,12.286
1994,5,13,9.686e-07,11.394
1994,5,14,1.113e-06,10.745
1994,5,15,1.1392e-06,10.024
1994,5,16,1.1174e-06,9.3938
1994,5,17,1.1881e-06,8.8183
1994,5,18,1.5041e-06,13.435
1994,5,19,1.4244e-06,16.054
1994,5,20,1.4761e-06,14.639
1994,5,21,1.2796e-06,13.067
1994,5,22,1.3902e-06,11.985
1994,5,23,1.1103e-06,11.163
1994,5,24,1.1671e-06,10.439
1994,5,25,1.2986e-06,9.946
1994,5,26,1.4336e-06,9.3877
1994,5,27,1.4788e-06,8.7786
1994,5,28,1.4094e-06,8.2017
1994,5,29,1.2077e-06,7.6719
1994,5,30,8.1388e-07,10.956
1994,5,31,8.5535e-07,10.473
1994,6,1,1.0873e-06,13.728
1994,6,2,1.2425e-06,16.709
1994,6,3,1.2282e-06,15.116
1994,6,4,1.1082e-06,13.675
1994,6,5,1.0699e-06,12.443
1994,6,6,9.4636e-07,11.246
1994,6,7,1.1441e-06,10.192
1994,6,8,1.2652e-06,14.931
1994,6,9,1.2756e-06,15.686
1994,6,10,9.889e-07,14.764
1994,6,11,8.3806e-07,13.988
1994,6,12,9.4035e-07,13.346
1994,6,13,9.8426e-07,12.646
1994,6,14,7.1541e-07,11.662
1994,6,15,1.0827e-06,17.233
1994,6,16,1.0671e-06,17.484
1994,6,17,8.5963e-07,15.966
1994,6,18,1.0469e-06,15.3
1994,6,19,9.272e-07,14.407
1994,6,20,8.9084e-07,13.62
1994,6,21,1.0996e-06,18.842
1994,6,22,1.1873e-06,19.211
1994,6,23,1.1598e-06,17.378
1994,6,24,1.0147e-06,15.745
1994,6,25,1.066e-06,14.346
1994,6,26,9.655e-07,13.053
1994,6,27,9.511e-07,17.461
1994,6,28,8.8565e-07,17.572
1994,6,29,6.6087e-07,16.44
1994,6,30,4.9449e-07,16.494
1994,7,1,6.0412e-07,16.061
1994,7,2,6.9003e-07,15.458
1994,7,3,7.7685e-07,14.768
1994,7,4,5.9553e-07,13.632
1994,7,5,7.2443e-07,12.14
1994,7,6,8.2603e-07,11.585
1994,7,7,5.9332e-07,12.167
1994,7,8,5.3855e-07,14.088
1994,7,9,9.0675e-07,16.376
1994,7,10,9.6978e-07,15.645
1994,7,11,8.5246e-07,14.671
1994,7,12,7.3999e-07,14.932
1994,7,13,7.1026e-07,14.771
1994,7,14,5.3778e-07,14.089
1994,7,15,7.0888e-07,15.829
1994,7,16,6.9681e-07,16.314
1994,7,17,7.1808e-07,16.792
1994,7,18,9.5212e-07,13.544
1994,7,19,6.7462e-07,16.861
1994,7,20,5.4216e-07,15.461
1994,7,21,5.9538e-07,15.773
1994,7,22,9.65e-07,12.356
1994,7,23,9.1896e-07,18.481
1994,7,24,8.6826e-07,18.289
1994,7,25,6.9917e-07,19.792
1994,7,26,8.4179e-07,21.692
1994,7,27,7.6181e-07,21.517
1994,7,28,8.2216e-07,22.291
1994,7,29,1.0107e-06,19.574
1994,7,30,8.4011e-07,18.567
1994,7,31,9.018e-07,17.622
1994,8,1,9.5331e-07,16.649
1994,8,2,7.2854e-07,20.222
1994,8,3,7.0912e-07,19.701
1994,8,4,7.6901e-07,19.812
1994,8,5,9.0229e-07,20.509
1994,8,6,7.1513e-07,19.583
1994,8,7,4.5498e-07,20.19
1994,8,8,4.8168e-07,20.069
1994,8,9,6.3796e-07,18.487
1994,8,10,7.0956e-07,18.647
1994,8,11,7.9886e-07,19.191
1994,8,12,8.0243e-07,19.149
1994,8,13,7.7204e-07,18.575
1994,8,14,8.6563e-07,18.753
1994,8,15,9.1657e-07,18.523
1994,8,16,7.8147e-07,17.34
1994,8,17,5.6875e-07,18.746
1994,8,18,5.7668e-07,20.48
1994,8,19,5.0204e-07,20.375
1994,8,20,7.1007e-07,19.564
1994,8,21,6.6718e-07,18.826
1994,8,22,9.1653e-07,23.403
1994,8,23,5.642e-07,21.976
1994,8,24,7.517e-07,21.923
1994,8,25,6.9811e-07,21.016
1994,8,26,7.6344e-07,20.449
1994,8,27,5.2253e-07,19.59
1994,8,28,4.9329e-07,18.881
1994,8,29,4.3796e-07,18.058
1994,8,30,5.3856e-07,17.891
1994,8,31,5.7654e-07,17.381
1994,9,1,6.0801e-07,16.92
1994,9,2,5.7616e-07,16.259
1994,9,3,6.4663e-07,16.003
1994,9,4,4.878e-07,14.706
1994,9,5,4.2244e-07,15.181
1994,9,6,5.5309e-07,15.994
1994,9,7,7.1706e-07,19.662
1994,9,8,8.2044e-07,20.719
1994,9,9,8.0239e-07,20.084
1994,9,10,7.1316e-07,19.306
1994,9,11,4.7229e-07,17.622
1994,9,12,4.6603e-07,17.615
1994,9,13,5.3385e-07,17.629
1994,9,14,4.7292e-07,18.676
1994,9,15,3.4062e-07,18.38
1994,9,16,3.9353e-07,19.111
1994,9,17,5.761e-07,19.973
1994,9,18,6.2749e-07,19.363
1994,9,19,6.6164e-07,18.674
1994,9,20,6.8336e-07,17.963
1994,9,21,4.7652e-07,17.019
1994,9,22,3.8495e-07,16.737
1994,9,23,4.5265e-07,17.1
1994,9,24,5.456e-07,17.257
1994,9,25,5.3963e-07,18.614
1994,9,26,5.7948e-07,19.611
1994,9,27,4.9422e-07,19.735
1994,9,28,4.5656e-07,20.873
1994,9,29,4.9377e-07,21.808
1994,9,30,5.138e-07,21.827
1994,10,1,5.2209e-07,21.589
1994,10,2,5.5688e-07,22.652
1994,10,3,4.6408e-07,22.388
1994,10,4,4.6799e-07,22.861
1994,10,5,4.1236e-07,22.759
1994,10,6,3.6223e-07,22.76
1994,10,7,3.1017e-07,22.422
1994,10,8,2.7623e-07,22.159
1994,10,9,3.1842e-07,23.391
1994,10,10,3.3853e-07,24.229
1994,10,11,4.542e-07,26.397
1994,10,12,4.7235e-07,25.7
1994,10,13,3.4315e-07,23.402
1994,10,14,3.4678e-07,23.47
1994,10,15,3.4409e-07,23.447
1994,10,16,3.2423e-07,22.841
1994,10,17,2.9818e-07,22.056
1994,10,18,4.3993e-07,22.343
1994,10,19,3.5176e-07,21.384
1994,10,20,2.7866e-07,19.891
1994,10,21,3.9227e-07,19.917
1994,10,22,2.6501e-07,18.538
1994,10,23,1.1841e-07,11.701
1994,10,24,1.1936e-07,12.055
1994,10,25,1.3377e-07,12.608
1994,10,26,1.5068e-07,13.228
1994,10,27,1.5361e-07,13.588
1994,10,28,1.45e-07,13.787
1994,10,29,1.6758e-07,14.812
1994,10,30,1.7759e-07,15.467
1994,10,31,1.7476e-07,15.831
1994,11,1,1.912e-07,17.439
1994,11,2,2.0452e-07,19.178
1994,11,3,1.8948e-07,19.041
1994,11,4,1.8613e-07,19.067
1994,11,5,1.9174e-07,19.436
1994,11,6,1.9569e-07,19.56
1994,11,7,1.7755e-07,19.166
1994,11,8,1.681e-07,18.983
1994,11,9,4.456e-07,21.27
1994,11,10,4.8852e-07,19.781
1994,11,11,5.3176e-07,18.704
1994,11,12,5.7273e-07,17.465
1994,11,13,1.2702e-07,17.845
1994,11,14,1.2439e-07,17.56
1994,11,15,3.9391e-07,21.502
1994,11,16,4.233e-07,19.927
1994,11,17,4.479e-07,18.167
1994,11,18,4.6561e-07,16.109
1994,11,19,4.8611e-07,14.149
1994,11,20,4.7138e-07,12.391
1994,11,21,4.475e-07,10.75
1994,11,22,4.1291e-07,9.2238
1994,11,23,3.7424e-07,7.8553
1994,11,24,3.4188e-07,6.7117
1994,11,25,3.1256e-07,5.7338
1994,11,26,2.9341e-07,4.9613
1994,11,27,2.7452e-07,4.2898
1994,11,28,2.5753e-07,3.716
1994,11,29,2.3598e-07,3.1814
1994,11,30,2.169e-07,2.7269
1994,12,1,2.0043e-07,2.3429
1994,12,2,1.9533e-07,2.0658
1994,12,3,1.8315e-07,1.7959
1994,12,4,1.6633e-07,1.5389
1994,12,5,1.5478e-07,1.3336
1994,12,6,1.4412e-07,1.1567
1994,12,7,1.3111e-07,0.99392
1994,12,8,1.223e-07,0.86344
1994,12,9,1.1384e-07,0.75012
1994,12,10,1.0612e-07,0.65272
1994,12,11,9.892e-08,0.57004
1994,12,12,9.216e-08,0.49856
1994,12,13,8.4603e-08,0.43414
1994,12,14,7.7696e-08,0.37862
1994,12,15,7.2384e-08,0.33256
1994,12,16,6.707e-08,0.29277
1994,12,17,6.2561e-08,0.25896
1994,12,18,5.8562e-08,0.22991
1994,12,19,5.5085e-08,0.205
1994,12,20,5.1095e-08,0.18222
1994,12,21,4.8536e-08,0.16388
1994,12,22,4.5977e-08,0.14801
1994,12,23,4.45e-08,0.13526
1994,12,24,4.3312e-08,0.12431
1994,12,25,4.2312e-08,0.1148
1994,12,26,4.4013e-08,0.11538
1994,12,27,4.5541e-08,0.10984
1994,12,28,4.618e-08,0.10436
1994,12,29,4.6406e-08,0.099122
1994,12,30,4.4182e-08,0.091652
1994,12,31,4.2418e-08,0.085285
