1969,6,27,11.698,20.426,2934
1969,6,28,9.7154,20.524,3007.1
1969,6,29,7.5291,20.796,3088.8
1969,6,30,5.6301,20.806,3008.5
1969,7,1,4.1717,20.372,2939.5
1969,7,2,3.1718,19.524,2884.2
1969,7,3,2.476,18.422,2927.1
1969,7,4,2.2775,19.971,3246.5
1969,7,5,1.8589,18.834,3724.5
1969,7,6,1.4729,17.966,3678.1
1969,7,7,1.1736,17.046,3649.7
1969,7,8,0.94431,16.057,3604.6
1969,7,9,0.73868,15.204,3580.1
1969,7,10,0.57185,14.324,3583.4
1969,7,11,0.45363,13.42,3562.3
1969,7,12,0.35773,12.507,3532.3
1969,7,13,0.28491,11.634,3533.3
1969,7,14,0.23524,10.815,3707
1969,7,15,0.19059,10.01,3729.6
1969,7,16,0.16344,9.2269,3649.8
1969,7,17,0.14955,8.6172,3626.1
1969,7,18,0.13589,8.0512,3596.6
1969,7,19,0.12636,7.5092,3565.2
1969,7,20,0.1164,7.0055,3468.5
1969,7,21,0.11067,6.5317,3383.1
1969,7,22,0.10753,6.1126,3301.7
1969,7,23,0.10985,5.771,3256.4
1969,7,24,0.10668,5.3778,3230.2
1969,7,25,0.21043,6.3032,4012.4
1969,7,26,0.18968,5.8807,3959.1
1969,7,27,0.21429,5.5237,4205
1969,7,28,0.19025,5.1593,4141.4
1969,7,29,0.17365,4.8178,4083.3
1969,7,30,0.16796,4.4853,4031.1
1969,7,31,0.26047,4.3137,4759.3
1969,8,1,0.22409,4.042,4665.1
1969,8,2,0.19638,3.7831,4578.9
1969,8,3,0.177,3.5353,4499.3
1969,8,4,0.18465,3.3345,4594.2
1969,8,5,0.16728,3.1154,4511
1969,8,6,0.1517,2.8767,4316.5
1969,8,7,0.15945,2.8105,4220.6
1969,8,8,0.15727,2.6933,4182.1
1969,8,9,0.15853,2.5695,4196
1969,8,10,0.19224,2.4968,4408.2
1969,8,11,0.18427,2.3865,4390.5
1969,8,12,0.17945,2.2668,4367.4
1969,8,13,0.25984,2.2581,4882.3
1969,8,14,0.21694,2.1281,4670.9
1969,8,15,0.20792,2.0544,4672.7
1969,8,16,0.1904,1.9717,4593.5
1969,8,17,0.17842,1.8873,4524.5
1969,8,18,0.52926,2.2586,4851.8
1969,8,19,0.52364,2.1551,4799.7
1969,8,20,0.51739,2.0584,4746.7
1969,8,21,0.51615,1.9622,4698.6
1969,8,22,0.51724,1.8747,4652.4
1969,8,23,0.17421,1.4546,4297.1
1969,8,24,0.17853,1.3933,4285.1
1969,8,25,0.18232,1.334,4269.8
1969,8,26,0.18422,1.2751,4247.3
1969,8,27,0.52366,1.5177,4444
1969,8,28,0.51819,1.4416,4379.9
1969,8,29,0.51942,1.3825,4341.5
1969,8,30,0.64432,1.4559,4964.9
1969,8,31,0.64084,1.3853,4894.6
1969,9,1,0.63772,1.3243,4825.3
1969,9,2,0.636,1.2658,4760.9
1969,9,3,0.63582,1.2113,4703.4
1969,9,4,0.62991,1.1624,4641.6
1969,9,5,0.63192,1.1248,4611.2
1969,9,6,0.67001,1.1277,4779.5
1969,9,7,0.58103,1.0738,4564.7
1969,9,8,1.702,1.3415,4618.6
1969,9,9,1.693,1.3051,4546.5
1969,9,10,1.683,1.2742,4524.1
1969,9,11,1.6805,1.253,4544.1
1969,9,12,1.6809,1.2273,4521
1969,9,13,1.6848,1.2052,4496.4
1969,9,14,0.65013,1.0313,4322.8
1969,9,15,1.7385,1.2223,4711.6
1969,9,16,1.723,1.1908,4613.1
1969,9,17,1.7169,1.1644,4540.8
1969,9,18,1.4983,1.1459,4426.4
1969,9,19,1.4888,1.1691,4417.6
1969,9,20,1.4908,1.1979,4405.9
1969,9,21,1.5031,1.2235,4395
1969,9,22,1.5218,1.2718,4515.9
1969,9,23,3.1857,1.3584,4419.3
1969,9,24,3.1654,1.3606,4370.4
1969,9,25,3.2381,1.3689,4324.8
1969,9,26,3.2127,1.3954,4415.6
1969,9,27,3.206,1.3913,4383.9
1969,9,28,3.1638,1.3885,4353.3
1969,9,29,2.8791,1.427,4424.2
1969,9,30,2.9141,1.4492,4378.4
1969,10,1,2.9586,1.4781,4350.1
1969,10,2,2.9989,1.5046,4331.3
1969,10,3,3.0145,1.5321,4352.1
1969,10,4,3.0711,1.5673,4379.3
1969,10,5,3.2238,1.5861,4370.5
1969,10,6,4.8289,1.6364,4433.3
1969,10,7,4.5714,1.6483,4423.8
1969,10,8,4.6544,1.6715,4421.8
1969,10,9,6.5808,1.7702,4573.4
1969,10,10,8.3284,1.8595,4535.9
1969,10,11,27.177,4.3467,3813.6
1969,10,12,27.101,4.2399,3831.1
1969,10,13,27.045,4.145,3914.5
1969,10,14,26.68,4.0394,3961.5
1969,10,15,26.728,3.9532,3970.9
1969,10,16,26.163,3.8422,4062.5
1969,10,17,25.312,3.7056,4173.3
1969,10,18,24.512,3.5517,4192.8
1969,10,19,23.15,3.35,4281
1969,10,20,17.501,2.569,4160.6
1969,10,21,17.574,2.574,4160.3
1969,10,22,17.645,2.5776,4159.8
1969,10,23,17.717,2.5776,4162.6
1969,10,24,17.844,2.5739,4159.2
1969,10,25,17.175,2.4065,4269.2
1969,10,26,17.042,2.1594,4416.8
1969,10,27,16.931,1.9327,4507.2
1969,10,28,16.826,1.7527,4624.2
1969,10,29,16.752,1.5593,4549
1969,10,30,16.665,1.4163,4628.3
1969,10,31,16.583,1.2885,4705
1969,11,1,16.526,1.1577,4631.8
1969,11,2,16.473,1.044,4572.4
1969,11,3,16.402,0.96944,4655.7
1969,11,4,16.337,0.90432,4740.9
1969,11,5,16.282,0.86105,4814.2
1969,11,6,16.226,0.81181,4879.6
1969,11,7,16.174,0.77178,4938.7
1969,11,8,16.138,0.7798,4967.9
1969,11,9,19.647,2.461,4137.7
1969,11,10,19.729,2.45,4138.1
1969,11,11,18.791,2.4057,4210.2
1969,11,12,18.292,2.0306,4545.5
1969,11,13,18.173,1.8356,4721.6
1969,11,14,18.035,1.7238,5096.2
1969,11,15,17.954,1.5594,5228.5
1969,11,16,17.902,1.3919,5284.5
1969,11,17,17.864,1.2486,5351.9
1969,11,18,17.845,1.1099,5353.4
1969,11,19,17.824,1.0011,5395
1969,11,20,17.804,0.91387,5456.5
1969,11,21,17.8,0.82119,5454.8
1969,11,22,17.793,0.75134,5508.5
1969,11,23,17.798,0.67692,5517.4
1969,11,24,17.803,0.61821,5540.4
1969,11,25,17.809,0.56955,5576.2
1969,11,26,17.824,0.52586,5572.7
1969,11,27,17.841,0.48803,5572.3
1969,11,28,17.86,0.45609,5572.3
1969,11,29,17.881,0.42622,5583
1969,11,30,17.902,0.40099,5593.5
1969,12,1,17.924,0.3814,5598.6
1969,12,2,17.97,0.33458,5457.1
1969,12,3,17.991,0.32723,5478.8
1969,12,4,18.012,0.32132,5496.2
1969,12,5,18.033,0.31657,5508.6
1969,12,6,18.019,0.36964,5750.7
1969,12,7,18.023,0.3854,5884.9
1969,12,8,17.981,0.47527,6294.5
1969,12,9,17.979,0.49381,6454.7
1969,12,10,18.007,0.46263,6422.6
1969,12,11,18.039,0.43046,6372.5
1969,12,12,18.034,0.46255,6552.2
1969,12,13,18.066,0.43187,6506.6
1969,12,14,18.101,0.39999,6445.4
1969,12,15,18.138,0.37387,6384.6
1969,12,16,18.174,0.35205,6330.6
1969,12,17,18.211,0.33386,6282.7
1969,12,18,18.246,0.31874,6240
1969,12,19,18.278,0.31243,6225.1
1969,12,20,18.313,0.30018,6195.5
1969,12,21,18.35,0.29039,6161.6
1969,12,22,18.386,0.28196,6133.4
1969,12,23,18.422,0.27509,6104.7
1969,12,24,18.458,0.26927,6079
1969,12,25,18.449,0.33563,6311.6
1969,12,26,18.489,0.3188,6265.9
1969,12,27,18.528,0.30483,6224.3
1969,12,28,18.566,0.29323,6186.7
1969,12,29,18.592,0.30933,6241
1969,12,30,18.634,0.29682,6199.6
1969,12,31,18.675,0.28644,6161.9
1970,1,1,18.713,0.28824,6161.7
1970,1,2,18.755,0.28322,6138.5
1970,1,3,18.795,0.28817,6146.9
1970,1,4,18.821,0.31554,6234.9
1970,1,5,18.867,0.30577,6202.4
1970,1,6,18.917,0.2977,6171.3
1970,1,7,18.972,0.29102,6141.2
1970,1,8,19.015,0.30112,6166.9
1970,1,9,19.069,0.30034,6157.6
1970,1,10,19.133,0.28926,6112
1970,1,11,19.16,0.34276,6282
1970,1,12,19.235,0.33105,6243.5
1970,1,13,19.312,0.31479,6186.4
1970,1,14,19.383,0.30787,6156.4
1970,1,15,19.386,0.40131,6461.8
1970,1,16,19.446,0.39257,6450.6
1970,1,17,19.518,0.3657,6374.7
1970,1,18,19.588,0.34343,6305.5
1970,1,19,19.655,0.32497,6242.5
1970,1,20,19.712,0.3229,6228.6
1970,1,21,19.775,0.30794,6171.9
1970,1,22,19.831,0.29946,6138.7
1970,1,23,19.891,0.28853,6090.2
1970,1,24,19.932,0.29939,6115.4
1970,1,25,19.984,0.28836,6075.5
1970,1,26,20.025,0.28989,6075.5
1970,1,27,20.07,0.28046,6041.2
1970,1,28,20.083,0.31674,6152.8
1970,1,29,20.125,0.3027,6111.9
1970,1,30,20.165,0.29108,6074.6
1970,1,31,20.204,0.28147,6040.6
1970,2,1,20.222,0.30041,6096
1970,2,2,20.22,0.34421,6235.6
1970,2,3,20.254,0.32958,6200
1970,2,4,20.288,0.31344,6155.4
1970,2,5,20.312,0.31358,6157.8
1970,2,6,20.344,0.30021,6117.2
1970,2,7,20.374,0.28916,6080.3
1970,2,8,20.403,0.28004,6046.6
1970,2,9,20.427,0.27929,6036.7
1970,2,10,20.454,0.27191,6005.9
1970,2,11,20.479,0.26581,5977.3
1970,2,12,20.495,0.27443,5992.9
1970,2,13,20.519,0.26795,5963.7
1970,2,14,20.542,0.2626,5936.4
1970,2,15,20.555,0.27189,5952.9
1970,2,16,20.517,0.35305,6192
1970,2,17,20.54,0.33318,6142.4
1970,2,18,20.497,0.41318,6389.2
1970,2,19,20.517,0.38993,6338.5
1970,2,20,20.541,0.36389,6276.4
1970,2,21,20.564,0.34237,6216.7
1970,2,22,20.586,0.32459,6162.3
1970,2,23,20.607,0.30989,6112.3
1970,2,24,20.627,0.29776,6066
1970,2,25,20.618,0.32907,6146.4
1970,2,26,20.607,0.35912,6229.2
1970,2,27,20.628,0.33864,6167.3
1970,2,28,20.648,0.32172,6110.8
1970,3,1,20.666,0.30774,6058.7
1970,3,2,20.685,0.29619,6010.4
1970,3,3,20.372,0.77851,7412.4
1970,3,4,20.28,0.87221,7768.8
1970,3,5,20.317,0.76418,7551.3
1970,3,6,20.124,1.019,8380.9
1970,3,7,20.167,0.88614,8111.5
1970,3,8,20.207,0.77616,7893.5
1970,3,9,20.245,0.68511,7726.3
1970,3,10,20.281,0.60974,7562.6
1970,3,11,20.314,0.54735,7398.1
1970,3,12,20.346,0.49566,7243.6
1970,3,13,20.36,0.47777,7203.7
1970,3,14,20.39,0.438,7084.5
1970,3,15,20.418,0.40506,6958.5
1970,3,16,20.444,0.37776,6852.6
1970,3,17,20.469,0.35513,6754.1
1970,3,18,20.493,0.33637,6682.4
1970,3,19,20.516,0.32083,6600
1970,3,20,20.538,0.30796,6518.1
1970,3,21,20.559,0.29731,6432.3
1970,3,22,20.608,0.24842,6238.1
1970,3,23,20.625,0.24847,6183.7
1970,3,24,20.643,0.24839,6150.6
1970,3,25,20.659,0.24842,6102.7
1970,3,26,20.62,0.33517,6279.4
1970,3,27,20.6,0.38119,6362.1
1970,3,28,20.619,0.35832,6271.8
1970,3,29,20.637,0.33943,6191.8
1970,3,30,20.637,0.35227,6212.9
1970,3,31,20.655,0.33438,6162.9
1970,4,1,20.671,0.31962,6110.2
1970,4,2,20.687,0.30746,6054.5
1970,4,3,20.703,0.29739,6011.6
1970,4,4,20.717,0.28915,5948.3
1970,4,5,20.759,0.24151,5767.1
1970,4,6,20.797,0.20315,5611.8
1970,4,7,20.805,0.21377,5573.5
1970,4,8,20.813,0.22306,5543.3
1970,4,9,20.82,0.23121,5498.9
1970,4,10,20.801,0.27996,5604
1970,4,11,20.837,0.23592,5454.3
1970,4,12,20.843,0.24175,5426.7
1970,4,13,20.876,0.20609,5282.6
1970,4,14,20.906,0.17855,5145.2
1970,4,15,20.904,0.19828,5146.3
1970,4,16,20.93,0.17431,5033.8
1970,4,17,20.826,0.36374,5472
1970,4,18,20.405,1.0546,7300
1970,4,19,20.459,0.87987,6949.4
1970,4,20,20.479,0.7839,6716.3
1970,4,21,20.297,1.0424,7445.8
1970,4,22,20.326,0.91774,7185.5
1970,4,23,20.166,1.1374,7748.7
1970,4,24,20.191,1.0126,7491.3
1970,4,25,20.23,0.90418,7186.3
1970,4,26,20.278,0.8207,6895.1
1970,4,27,20.336,0.75796,6617.6
1970,4,28,20.209,1.05,7201.1
1970,4,29,20.32,1.0017,6836
1970,4,30,21.231,0.74001,5798.1
1970,5,1,21.167,0.73344,5726.7
1970,5,2,21.099,0.73836,5644.3
1970,5,3,21.001,0.83694,5499.9
1970,5,4,20.847,0.91351,5434.7
1970,5,5,20.708,0.98297,5306.7
1970,5,6,20.525,1.1048,5226.3
1970,5,7,20.236,1.2865,5168.4
1970,5,8,20.034,1.4653,5111.2
1970,5,9,19.931,1.6412,5029.8
1970,5,10,19.72,1.7932,4977.1
1970,5,11,19.477,1.9611,4924.4
1970,5,12,19.408,2.1303,4928.8
1970,5,13,18.846,2.3782,4797.4
1970,5,14,18.397,2.6859,4721.1
1970,5,15,17.937,2.99,4662.4
1970,5,16,17.362,3.3898,4592.6
1970,5,17,16.614,3.9079,4568.8
1970,5,18,15.707,4.5594,4488.8
1970,5,19,14.727,5.2427,4428
1970,5,20,13.588,6.0447,4366.8
1970,5,21,12.226,7.0433,4309.7
1970,5,22,10.569,8.2455,4302.8
1970,5,23,8.5444,9.7308,4284.9
1970,5,24,6.178,11.441,4246.2
1970,5,25,4.2337,12.645,4170.7
1970,5,26,4.8365,13.068,4384.8
1970,5,27,3.5576,13.76,4315.2
1970,5,28,2.5529,14.048,4278.9
1970,5,29,0.41274,13.452,3970.7
1970,5,30,0.24313,12.791,3925.3
1970,5,31,1.1857,13.151,4292.9
1970,6,1,0.94867,12.598,4326.2
1970,6,2,0.13082,10.52,3798
1970,6,3,0.11743,9.8245,3747.6
1970,6,4,0.10945,9.1481,3735.9
1970,6,5,0.10727,8.4903,3723.3
1970,6,6,0.10708,7.8524,3708.3
1970,6,7,0.10237,7.2595,3640.5
1970,6,8,0.10085,6.6874,3601.8
1970,6,9,0.10124,6.2418,3584.9
1970,6,10,0.099265,5.8613,3528.9
1970,6,11,0.19373,6.8464,4029.6
1970,6,12,0.18114,6.3904,3987.4
1970,6,13,0.18101,5.9589,3947.1
1970,6,14,0.18602,5.5511,3911
1970,6,15,0.18493,5.1759,3873.1
1970,6,16,0.1814,4.8364,3874.7
1970,6,17,0.22546,4.5787,4275
1970,6,18,0.18409,4.2566,4055.9
1970,6,19,0.17557,4.075,3996.4
1970,6,20,0.17239,3.89,3969.3
1970,6,21,0.1706,3.7017,3938.9
1970,6,22,0.16667,3.5222,3903.9
1970,6,23,0.15359,3.3246,3848.4
1970,6,24,0.15089,3.1738,3788.3
1970,6,25,0.1527,3.0268,3734.9
1970,6,26,0.15683,2.8949,3687
1970,6,27,0.15683,2.757,3640.2
1970,6,28,0.16619,2.6335,3637.3
1970,6,29,0.1681,2.522,3620.5
1970,6,30,0.16739,2.4119,3597.5
1970,7,1,0.16869,2.2919,3580.5
1970,7,2,0.16393,2.1732,3523.3
1970,7,3,0.15233,2.0513,3452.8
1970,7,4,0.14822,1.9617,3405.1
1970,7,5,0.14623,1.8707,3363.8
1970,7,6,0.14674,1.7957,3352.2
1970,7,7,0.14356,1.7111,3299.9
1970,7,8,0.14212,1.6304,3268.1
1970,7,9,0.13747,1.5522,3223.4
1970,7,10,0.13256,1.481,3177
1970,7,11,0.1312,1.4035,3133.2
1970,7,12,0.13222,1.3282,3095.7
1970,7,13,0.13283,1.2586,3058.1
1970,7,14,0.13074,1.1916,3013.1
1970,7,15,0.12286,1.1187,2941.6
1970,7,16,0.11673,1.0567,2885.8
1970,7,17,0.11399,1.0093,2838.9
1970,7,18,0.43434,1.2951,3057.3
1970,7,19,0.42922,1.2378,3021.2
1970,7,20,0.42451,1.1831,2982.3
1970,7,21,0.41978,1.1334,2944.2
1970,7,22,0.40916,1.0842,2894.8
1970,7,23,0.40746,1.0349,2855.4
1970,7,24,0.40404,0.99188,2815.3
1970,7,25,0.40188,0.95515,2777.8
1970,7,26,0.39907,0.92002,2738.4
1970,7,27,0.39954,0.88673,2702.9
1970,7,28,0.39653,0.85501,2662.7
1970,7,29,0.39594,0.82817,2627.9
1970,7,30,0.40706,0.80735,2613.3
1970,7,31,0.40028,0.77258,2566.8
1970,8,1,0.3975,0.74277,2530.1
1970,8,2,0.38984,0.71131,2483.6
1970,8,3,0.38034,0.68401,2438.3
1970,8,4,0.32535,0.65513,2369.7
1970,8,5,0.32133,0.6638,2347.7
1970,8,6,0.31878,0.66871,2325.8
1970,8,7,0.31644,0.67099,2302.2
1970,8,8,0.31421,0.66884,2275
1970,8,9,0.31344,0.65771,2247.2
1970,8,10,0.3146,0.65284,2223.6
1970,8,11,0.3132,0.64626,2194.2
1970,8,12,0.3134,0.63651,2165.4
1970,8,13,0.31237,0.62827,2135.7
1970,8,14,0.31201,0.60886,2102.3
1970,8,15,0.31147,0.59364,2068.9
1970,8,16,0.27362,0.57741,2016.9
1970,8,17,1.1974,0.70996,2200
1970,8,18,1.1896,0.70052,2177.7
1970,8,19,1.181,0.69286,2155.1
1970,8,20,1.1705,0.68537,2129.5
1970,8,21,1.1623,0.67403,2101.6
1970,8,22,1.1544,0.66711,2084.6
1970,8,23,1.1548,0.66082,2069.4
1970,8,24,1.1546,0.65475,2053.2
1970,8,25,1.1538,0.64799,2034.3
1970,8,26,1.1525,0.64204,2015.1
1970,8,27,1.1504,0.63592,1995.1
1970,8,28,1.1237,0.62913,1967.4
1970,8,29,1.1172,0.6272,1950.6
1970,8,30,1.111,0.62491,1925.7
1970,8,31,1.1076,0.62014,1906.4
1970,9,1,1.093,0.61974,1890.4
1970,9,2,1.0976,0.62494,1884.9
1970,9,3,1.1075,0.63185,1880.1
1970,9,4,1.1166,0.64078,1872.2
1970,9,5,1.1259,0.64862,1861.8
1970,9,6,1.1038,0.65341,1839.7
1970,9,7,1.2492,0.81108,1901.4
1970,9,8,1.1385,0.7905,1849.9
1970,9,9,1.1863,0.84123,1861.2
1970,9,10,3.2051,1.5058,2329.7
1970,9,11,3.1795,1.4304,2298.7
1970,9,12,3.3551,1.4178,2308.9
1970,9,13,3.4245,1.3917,2303.2
1970,9,14,3.4232,1.3648,2291.9
1970,9,15,3.4056,1.3495,2279.1
1970,9,16,3.3774,1.4021,2398
1970,9,17,3.3238,1.4111,2467.5
1970,9,18,3.2966,1.399,2504.1
1970,9,19,3.2715,1.3994,2527.7
1970,9,20,1.9555,1.2846,2275.4
1970,9,21,3.2131,1.4194,2580.2
1970,9,22,3.1149,1.4265,2539.3
1970,9,23,3.0868,1.4455,2525.7
1970,9,24,3.0585,1.4654,2553.2
1970,9,25,3.0014,1.4799,2533.5
1970,9,26,2.735,1.505,2489
1970,9,27,4.4194,1.6137,2773.9
1970,9,28,4.3608,1.6224,2755.3
1970,9,29,4.3187,1.6446,2757.3
1970,9,30,2.7814,1.6268,2548.9
1970,10,1,4.2354,1.6887,2761.9
1970,10,2,4.0892,1.7095,2726.3
1970,10,3,3.7598,1.7322,2684.4
1970,10,4,3.7704,1.7636,2687.3
1970,10,5,3.7704,1.783,2696.4
1970,10,6,3.7757,1.8102,2705.3
1970,10,7,3.7785,1.8281,2705.5
1970,10,8,4.9198,1.8673,2825
1970,10,9,6.0545,1.927,2939.1
1970,10,10,16.504,2.7059,3496.5
1970,10,11,16.374,2.683,3471.9
1970,10,12,16.327,2.6638,3465.1
1970,10,13,16.04,2.6398,3531.5
1970,10,14,15.681,2.6041,3523
1970,10,15,15.284,2.575,3697.7
1970,10,16,15.151,2.5501,3653.1
1970,10,17,15.187,2.5312,3623.3
1970,10,18,15.046,2.5102,3608.7
1970,10,19,15.058,2.4917,3602.4
1970,10,20,15.064,2.4746,3598.6
1970,10,21,15.061,2.4568,3595.9
1970,10,22,15.05,2.4409,3590.7
1970,10,23,15.035,2.4229,3584.2
1970,10,24,15.016,2.404,3576.5
1970,10,25,14.989,2.39,3567.8
1970,10,26,14.961,2.3728,3561.6
1970,10,27,14.913,2.3578,3610.4
1970,10,28,13.628,2.4158,4933.3
1970,10,29,13.09,2.427,5177
1970,10,30,11.12,2.2621,4044.3
1970,10,31,10.996,2.2593,3905
1970,11,1,10.975,2.256,3986.3
1970,11,2,10.955,2.2508,4065.4
1970,11,3,10.942,2.2438,4115.7
1970,11,4,10.936,2.2334,4145.4
1970,11,5,10.934,2.2201,4167
1970,11,6,10.962,2.2126,4169.5
1970,11,7,10.42,1.7173,4636.1
1970,11,8,10.306,1.5266,4757.1
1970,11,9,10.203,1.3601,4857.7
1970,11,10,10.109,1.2164,4945.7
1970,11,11,10.028,1.0923,4997.4
1970,11,12,9.9564,0.98185,5025.7
1970,11,13,9.9279,0.89605,4960.8
1970,11,14,9.903,0.8231,4891.9
1970,11,15,9.8763,0.75703,4843.3
1970,11,16,9.8493,0.69822,4809.6
1970,11,17,9.8266,0.65326,4768
1970,11,18,9.812,0.59353,4751.6
1970,11,19,9.7981,0.55349,4728.1
1970,11,20,9.7922,0.52986,4683.7
1970,11,21,9.7827,0.49757,4657.5
1970,11,22,9.7806,0.44714,4632.8
1970,11,23,9.7811,0.40035,4616.3
1970,11,24,9.7846,0.35857,4593.3
1970,11,25,9.7926,0.31585,4576.8
1970,11,26,9.8005,0.28118,4555.2
1970,11,27,9.8133,0.25382,4533.3
1970,11,28,9.8264,0.2305,4512.4
1970,11,29,9.8409,0.20844,4499.4
1970,11,30,9.8556,0.18967,4486.8
1970,12,1,9.8719,0.17099,4472.5
1970,12,2,9.8877,0.15664,4453.8
1970,12,3,9.9038,0.14442,4443.1
1970,12,4,9.9203,0.13403,4427.5
1970,12,5,9.9366,0.12571,4409.3
1970,12,6,9.956,0.11846,4391
1970,12,7,9.9765,0.11062,4377.5
1970,12,8,9.9964,0.10489,4358.8
1970,12,9,10.017,0.098779,4342.6
1970,12,10,10.037,0.09367,4323.8
1970,12,11,10.058,0.089216,4306.2
1970,12,12,10.08,0.085474,4288.9
1970,12,13,10.103,0.0814,4271.8
1970,12,14,10.127,0.076652,4256.5
1970,12,15,10.149,0.073612,4239.6
1970,12,16,10.172,0.070424,4221.3
1970,12,17,10.195,0.067715,4204
1970,12,18,10.219,0.064882,4187.2
1970,12,19,10.244,0.062293,4168.9
1970,12,20,10.268,0.059712,4155.2
1970,12,21,10.293,0.057141,4136.8
1970,12,22,10.317,0.05458,4120.9
1970,12,23,10.343,0.052094,4100.9
1970,12,24,10.369,0.049962,4082
1970,12,25,10.395,0.047492,4062
1970,12,26,10.424,0.045337,4042.3
1970,12,27,10.452,0.042534,4021.5
1970,12,28,10.48,0.039973,3999.4
1970,12,29,10.51,0.037864,3978.2
1970,12,30,10.54,0.03609,3958
1970,12,31,10.569,0.034604,3938.7
1971,1,1,10.603,0.030294,3909.3
1971,1,2,10.636,0.026752,3881.6
1971,1,3,10.671,0.023815,3855.3
1971,1,4,10.706,0.021373,3830.3
1971,1,5,10.742,0.019327,3806.5
1971,1,6,10.777,0.017599,3783.8
1971,1,7,10.813,0.016157,3762
1971,1,8,10.851,0.014964,3741.1
1971,1,9,10.89,0.01395,3720.9
1971,1,10,10.933,0.013141,3701.3
1971,1,11,10.974,0.012437,3682.5
1971,1,12,11.014,0.011818,3664.3
1971,1,13,11.053,0.011139,3646.8
1971,1,14,11.091,0.01044,3629.7
1971,1,15,11.127,0.009939,3613.2
1971,1,16,11.163,0.0094997,3597
1971,1,17,11.197,0.0091111,3581.3
1971,1,18,11.229,0.0087639,3565.8
1971,1,19,11.261,0.0084504,3550.7
1971,1,20,11.292,0.008117,3535.7
1971,1,21,11.322,0.0078163,3521
1971,1,22,11.351,0.0075529,3506.5
1971,1,23,11.378,0.0073128,3492.5
1971,1,24,11.405,0.0071012,3478.3
1971,1,25,11.431,0.0069056,3464.1
1971,1,26,11.457,0.0067238,3450
1971,1,27,11.481,0.006553,3436
1971,1,28,11.505,0.0063921,3422.1
1971,1,29,11.528,0.0062062,3408.2
1971,1,30,11.55,0.0060039,3394.3
1971,1,31,11.571,0.0057515,3379.3
1971,2,1,11.591,0.0055931,3365.5
1971,2,2,11.611,0.0053822,3350.6
1971,2,3,11.629,0.0051463,3334.9
1971,2,4,11.646,0.0048704,3318.9
1971,2,5,11.662,0.00461,3302.6
1971,2,6,11.678,0.0043696,3286.3
1971,2,7,11.693,0.0041436,3269.8
1971,2,8,11.707,0.0039176,3253.3
1971,2,9,11.721,0.0037106,3236.8
1971,2,10,11.734,0.0035174,3219.9
1971,2,11,11.746,0.0033378,3202.9
1971,2,12,11.759,0.0031704,3185.6
1971,2,13,11.77,0.0030176,3168.3
1971,2,14,11.781,0.0028526,3150.8
1971,2,15,11.792,0.0027055,3133.1
1971,2,16,11.803,0.002581,3115.4
1971,2,17,11.813,0.002453,3098.8
1971,2,18,11.822,0.0023472,3080.8
1971,2,19,11.831,0.0022634,3062.6
1971,2,20,11.84,0.0021777,3045.9
1971,2,21,11.849,0.0021123,3027.3
1971,2,22,11.857,0.0020552,3008.7
1971,2,23,11.865,0.0020065,2989.9
1971,2,24,11.873,0.0019655,2971
1971,2,25,11.881,0.0019319,2952.1
1971,2,26,11.887,0.0023284,2933.2
1971,2,27,11.894,0.0030255,2914.3
1971,2,28,11.9,0.0033219,2895.3
1971,3,1,11.906,0.0035571,2876.2
1971,3,2,11.912,0.0037066,2857
1971,3,3,11.918,0.0038235,2837.8
1971,3,4,11.924,0.0039156,2818.6
1971,3,5,11.929,0.0039464,2799.3
1971,3,6,11.935,0.0037364,2788.6
1971,3,7,11.94,0.0036266,2768.7
1971,3,8,11.945,0.0034566,2754.5
1971,3,9,11.95,0.0031992,2748.8
1971,3,10,11.955,0.0030551,2736.5
1971,3,11,11.96,0.003019,2717.1
1971,3,12,11.965,0.0029933,2695.7
1971,3,13,11.97,0.0028436,2685.7
1971,3,14,11.974,0.0030879,2670.8
1971,3,15,11.978,0.0030767,2649
1971,3,16,11.982,0.0030202,2631.2
1971,3,17,11.986,0.0029767,2613.1
1971,3,18,11.99,0.002847,2602.7
1971,3,19,11.994,0.0028179,2585.8
1971,3,20,11.998,0.0028089,2566.9
1971,3,21,12.002,0.002848,2544.6
1971,3,22,12.005,0.0028695,2522.7
1971,3,23,12.009,0.0028158,2504.9
1971,3,24,12.012,0.0026779,2495.2
1971,3,25,12.016,0.0026247,2478.8
1971,3,26,12.019,0.0025065,2456.5
1971,3,27,12.023,0.0024038,2434.5
1971,3,28,12.026,0.0023055,2414.8
1971,3,29,12.029,0.0022223,2396.1
1971,3,30,12.032,0.0021042,2384.3
1971,3,31,12.035,0.0019761,2376.3
1971,4,1,12.038,0.0022198,2365.4
1971,4,2,12.041,0.0021183,2351.4
1971,4,3,12.044,0.0019365,2341
1971,4,4,12.047,0.0018792,2321.4
1971,4,5,12.049,0.0018568,2298.2
1971,4,6,12.052,0.0018406,2275.6
1971,4,7,12.003,0.069407,2398.5
1971,4,8,11.898,0.2027,2661.1
1971,4,9,11.756,0.37133,3003.3
1971,4,10,11.58,0.56839,3431.6
1971,4,11,11.375,0.78719,3906.6
1971,4,12,11.145,1.023,4438.7
1971,4,13,10.91,1.2503,4964.4
1971,4,14,11.024,1.0079,4527.4
1971,4,15,10.799,1.2448,5038.4
1971,4,16,11.448,2.4142,5610.2
1971,4,17,11.62,2.9845,6119
1971,4,18,12.318,3.8194,6308.6
1971,4,19,13.303,4.7335,6250
1971,4,20,13.382,3.3909,4847.3
1971,4,21,12.81,2.6614,4795.2
1971,4,22,12.714,2.4819,4710.9
1971,4,23,12.273,0.68285,3262.1
1971,4,24,12.26,0.70703,3260.5
1971,4,25,12.29,2.3451,4175.2
1971,4,26,12.165,2.2969,4086.9
1971,4,27,12.031,2.2696,4009.1
1971,4,28,11.876,2.2656,3932.9
1971,4,29,11.701,2.2875,3864.6
1971,4,30,11.529,2.3103,3807.3
1971,5,1,11.337,2.3728,3746.2
1971,5,2,11.102,2.4717,3685.2
1971,5,3,10.807,2.6154,3625.7
1971,5,4,10.443,2.8396,3626.8
1971,5,5,10.043,3.0422,3564.7
1971,5,6,9.5585,3.3341,3507.5
1971,5,7,9.0434,3.637,3460
1971,5,8,8.4886,3.9654,3419
1971,5,9,7.8072,4.4112,3423.4
1971,5,10,7.0633,4.864,3371.3
1971,5,11,7.0912,5.2384,3520.2
1971,5,12,6.4029,5.6705,3496.8
1971,5,13,5.707,6.0839,3472.9
1971,5,14,4,6.6184,3258.3
1971,5,15,3.1318,7.0598,3209.7
1971,5,16,2.3038,7.4568,3164.9
1971,5,17,2.6253,7.7979,3376.8
1971,5,18,2.0147,7.9979,3302.8
1971,5,19,1.4805,8.0123,3235.3
1971,5,20,1.1246,8.0057,3195.9
1971,5,21,0.85028,7.9254,3208.8
1971,5,22,0.66733,7.7366,3233.2
1971,5,23,0.52144,7.4923,3171.2
1971,5,24,0.51583,7.2957,3162.7
1971,5,25,0.51244,7.1182,3149.6
1971,5,26,0.46131,6.917,3496.9
1971,5,27,0.41364,6.6823,3717.4
1971,5,28,0.36443,6.4239,3847.8
1971,5,29,0.33515,6.1035,3962.9
1971,5,30,0.30722,5.8037,3893.4
1971,5,31,0.29177,5.5057,3954.5
1971,6,1,0.27878,5.2195,3963.6
1971,6,2,0.26113,4.9366,3969.1
1971,6,3,0.11959,4.0636,3386.7
1971,6,4,0.11603,3.7931,3439
1971,6,5,0.22881,4.1856,4274
1971,6,6,0.26524,3.9528,4921.6
1971,6,7,0.24718,3.7403,4780.1
1971,6,8,0.23186,3.5359,4676.4
1971,6,9,0.22122,3.3074,4677.8
1971,6,10,0.20782,3.1052,4646.7
1971,6,11,0.20198,2.9657,4655.1
1971,6,12,0.19829,2.8317,4651.5
1971,6,13,0.19802,2.6797,4620.6
1971,6,14,0.20062,2.5379,4586.8
1971,6,15,0.19951,2.4048,4539.7
1971,6,16,0.25521,2.3664,4567.8
1971,6,17,0.28539,2.3086,4587.7
1971,6,18,0.26902,2.2109,4550.6
1971,6,19,0.23777,2.0761,4456.1
1971,6,20,0.20966,1.9463,4357.6
1971,6,21,0.17729,1.8131,4239.7
1971,6,22,0.167,1.7461,4211
1971,6,23,0.15525,1.6711,4146.5
1971,6,24,0.44391,2.0315,4459.1
1971,6,25,0.43271,1.9287,4401.2
1971,6,26,0.42265,1.8287,4340.8
1971,6,27,0.41711,1.7411,4293
1971,6,28,0.42292,1.6629,4285
1971,6,29,0.42162,1.5922,4257.8
1971,6,30,0.4238,1.5265,4250.7
1971,7,1,0.66895,1.6982,5385.5
1971,7,2,0.73018,1.6895,5705.5
1971,7,3,0.72979,1.6349,5752
1971,7,4,0.71243,1.5799,5747.7
1971,7,5,0.67379,1.494,5608.6
1971,7,6,0.64174,1.4386,5522.6
1971,7,7,0.61235,1.3853,5425.4
1971,7,8,0.5876,1.3347,5330.7
1971,7,9,0.56212,1.2955,5238.7
1971,7,10,0.5382,1.2597,5147.2
1971,7,11,0.51874,1.2134,5049.4
1971,7,12,0.53048,1.1953,5214.1
1971,7,13,0.53448,1.17,5375.1
1971,7,14,0.5221,1.1346,5376.1
1971,7,15,0.50622,1.0981,5330.3
1971,7,16,0.48559,1.0521,5197.5
1971,7,17,0.46911,1.0073,5087.1
1971,7,18,0.45474,0.97417,5025.9
1971,7,19,0.44069,0.94313,4953.4
1971,7,20,0.42951,0.91434,4880
1971,7,21,0.41741,0.88677,4808.9
1971,7,22,0.40286,0.86004,4734.3
1971,7,23,0.38976,0.82337,4643.9
1971,7,24,0.37983,0.79688,4590.4
1971,7,25,0.32157,0.76183,4427.6
1971,7,26,0.31013,0.76045,4371
1971,7,27,0.84263,0.93787,4716.8
1971,7,28,0.85228,0.91871,4629.1
1971,7,29,0.84648,0.89812,4560.6
1971,7,30,0.83581,0.88163,4566.3
1971,7,31,0.82249,0.86687,4544.8
1971,8,1,0.81182,0.8455,4477.8
1971,8,2,0.80299,0.83425,4443.6
1971,8,3,0.79895,0.82549,4405.4
1971,8,4,0.79263,0.81524,4361.2
1971,8,5,0.28935,0.6841,3953.8
1971,8,6,0.29168,0.67822,3929
1971,8,7,0.29192,0.66933,3896.9
1971,8,8,0.29086,0.65819,3860.8
1971,8,9,0.29009,0.64418,3823.6
1971,8,10,0.28295,0.62163,3757.6
1971,8,11,0.27862,0.60546,3704
1971,8,12,0.73325,0.69166,3942.8
1971,8,13,0.72479,0.67537,3885.1
1971,8,14,0.69679,0.6495,3805.3
1971,8,15,0.68336,0.63571,3745.7
1971,8,16,0.67612,0.62523,3696.2
1971,8,17,0.70037,0.64562,3767.6
1971,8,18,0.70348,0.63903,3749.5
1971,8,19,0.69363,0.63144,3713.5
1971,8,20,0.69086,0.62411,3678.8
1971,8,21,0.68874,0.61334,3640.5
1971,8,22,0.6767,0.59849,3586.4
1971,8,23,0.67075,0.5852,3540.8
1971,8,24,0.66833,0.57711,3510.7
1971,8,25,0.66655,0.57088,3483.6
1971,8,26,0.65575,0.55774,3425.9
1971,8,27,0.6557,0.55342,3398.4
1971,8,28,0.6545,0.54831,3366.5
1971,8,29,0.65449,0.54316,3335.3
1971,8,30,0.65535,0.54131,3294.4
1971,8,31,0.66371,0.54298,3258.9
1971,9,1,0.66741,0.54293,3222.7
1971,9,2,0.67514,0.5434,3196.5
1971,9,3,0.73949,0.6016,3263.6
1971,9,4,0.749,0.61021,3282.4
1971,9,5,0.70835,0.58551,3500.4
1971,9,6,0.70358,0.58921,3604.9
1971,9,7,0.69909,0.59317,3609.2
1971,9,8,0.69497,0.59187,3584.2
1971,9,9,0.6869,0.5826,3509
1971,9,10,1.3341,0.64574,3559.8
1971,9,11,1.3196,0.64903,3538
1971,9,12,1.3048,0.65102,3512.3
1971,9,13,1.2911,0.6525,3486.3
1971,9,14,1.277,0.65215,3462.1
1971,9,15,1.2615,0.64915,3416.7
1971,9,16,1.2475,0.64563,3375.5
1971,9,17,1.0934,0.64908,3314.5
1971,9,18,1.0935,0.65972,3290
1971,9,19,1.094,0.6689,3265.3
1971,9,20,1.9295,0.70375,3332.3
1971,9,21,1.9082,0.70647,3301
1971,9,22,1.887,0.7091,3271.7
1971,9,23,1.8611,0.71469,3239.6
1971,9,24,1.8382,0.72074,3225.7
1971,9,25,1.8217,0.7263,3207.3
1971,9,26,1.7706,0.7337,3186.9
1971,9,27,1.7648,0.73955,3178.6
1971,9,28,1.7435,0.74707,3176
1971,9,29,1.7406,0.76128,3197.9
1971,9,30,1.7124,0.7779,3250.2
1971,10,1,1.7849,0.86942,3854.5
1971,10,2,1.8211,0.91747,4160.7
1971,10,3,1.8654,0.97295,4582.2
1971,10,4,1.8942,0.97851,4512.6
1971,10,5,1.8443,1.0171,4903.7
1971,10,6,2.599,1.062,5285.5
1971,10,7,2.6003,1.053,5179.3
1971,10,8,2.5865,1.0664,5290.4
1971,10,9,2.5688,1.0748,5345.6
1971,10,10,2.5185,1.0747,5337.8
1971,10,11,2.4418,1.0636,5225.1
1971,10,12,3.2386,1.0777,5229.1
1971,10,13,3.1464,1.0784,5234.5
1971,10,14,3.0891,1.081,5220.4
1971,10,15,3.0477,1.0808,5182
1971,10,16,3.664,1.0905,5148.6
1971,10,17,9.0218,1.1773,4372.1
1971,10,18,9.077,1.179,4426.7
1971,10,19,9.0195,1.1857,4543.4
1971,10,20,9.0448,1.1875,4591.8
1971,10,21,9.0764,1.187,4613.7
1971,10,22,9.1033,1.1853,4633.1
1971,10,23,9.1272,1.1826,4650
1971,10,24,9.1441,1.1794,4667.2
1971,10,25,9.162,1.1779,4673.5
1971,10,26,9.1788,1.1751,4680.8
1971,10,27,9.1777,1.1712,4698.9
1971,10,28,8.954,1.1703,4752.5
1971,10,29,8.7227,1.1684,4800.9
1971,10,30,7.8353,1.1661,4966.5
1971,10,31,6.1147,1.201,5619.1
1971,11,1,6.1248,1.2169,5776.1
1971,11,2,6.1345,1.2308,5825.9
1971,11,3,6.144,1.2334,5986.8
1971,11,4,6.153,1.2381,6068.7
1971,11,5,6.0135,1.2364,6814.4
1971,11,6,5.9798,1.1699,7432.8
1971,11,7,5.9522,1.1001,7795.8
1971,11,8,5.9268,1.0326,8056.3
1971,11,9,5.9038,0.97251,8264.7
1971,11,10,5.8816,0.92044,8375.2
1971,11,11,5.9585,1.1995,6848
1971,11,12,5.9258,1.1118,7228.5
1971,11,13,6.3508,1.2079,6225.2
1971,11,14,5.9084,1.0787,7295.5
1971,11,15,5.8799,1.0013,7641
1971,11,16,5.8538,0.92691,7922.8
1971,11,17,5.8298,0.86257,8179.7
1971,11,18,5.8086,0.80659,8417.3
1971,11,19,5.793,0.75872,8496.1
1971,11,20,5.7809,0.71188,8589.5
1971,11,21,5.7742,0.66552,8685.4
1971,11,22,5.7695,0.62626,8759.3
1971,11,23,5.7738,0.58213,8847.5
1971,11,24,5.7758,0.54732,8910.8
1971,11,25,5.7793,0.51565,8967.8
1971,11,26,5.781,0.49052,8994.7
1971,11,27,5.7838,0.46717,9016.1
1971,11,28,5.7868,0.4464,9027
1971,11,29,5.7927,0.42432,9050
1971,11,30,5.8009,0.40431,9056.2
1971,12,1,5.8084,0.38726,9045.2
1971,12,2,5.8146,0.37339,9013.6
1971,12,3,5.823,0.35744,8999.5
1971,12,4,5.8307,0.34367,8971.5
1971,12,5,5.8381,0.33089,8932.1
1971,12,6,5.8459,0.3183,8889.8
1971,12,7,5.8555,0.30466,8865.6
1971,12,8,5.8636,0.29355,8821.1
1971,12,9,5.872,0.28219,8777.1
1971,12,10,5.8808,0.27044,8729.4
1971,12,11,5.8895,0.25901,8678.9
1971,12,12,5.8981,0.24789,8625.6
1971,12,13,5.9082,0.23659,8567.8
1971,12,14,5.9184,0.22505,8509.2
1971,12,15,5.9284,0.21404,8443.2
1971,12,16,5.9352,0.1817,8275
1971,12,17,5.9417,0.15519,8121
1971,12,18,5.9485,0.13294,7980.5
1971,12,19,5.9568,0.11417,7847.6
1971,12,20,5.9655,0.09795,7732.5
1971,12,21,5.9742,0.08452,7620.6
1971,12,22,5.9831,0.073096,7519.8
1971,12,23,5.9919,0.063727,7422.3
1971,12,24,6.0007,0.055881,7331.9
1971,12,25,6.0105,0.049242,7245.1
1971,12,26,6.0207,0.043347,7163.5
1971,12,27,6.0308,0.03835,7087
1971,12,28,6.0409,0.034106,7015.3
1971,12,29,6.0522,0.03055,6945.3
1971,12,30,6.0634,0.027543,6879.2
1971,12,31,6.0745,0.024974,6816.7
1972,1,1,6.0857,0.022674,6757.7
1972,1,2,6.098,0.020682,6699.7
1972,1,3,6.1102,0.018976,6644.5
1972,1,4,6.1223,0.017503,6592
1972,1,5,6.1357,0.016188,6540.2
1972,1,6,6.149,0.015031,6490.7
1972,1,7,6.1636,0.013975,6441.8
1972,1,8,6.1782,0.012939,6394.9
1972,1,9,6.1939,0.012082,6348.6
1972,1,10,6.2094,0.011419,6304.2
1972,1,11,6.226,0.010714,6260.4
1972,1,12,6.2423,0.010184,6218.4
1972,1,13,6.2595,0.0097393,6177.1
1972,1,14,6.2776,0.0093558,6136.4
1972,1,15,6.2976,0.0090296,6095.6
1972,1,16,6.3188,0.0086871,6055.3
1972,1,17,6.3392,0.008387,6017
1972,1,18,6.359,0.0081256,5980.3
1972,1,19,6.3781,0.007898,5945.2
1972,1,20,6.3966,0.0076573,5911.5
1972,1,21,6.4146,0.0073495,5878.9
1972,1,22,6.4321,0.0069701,5847.4
1972,1,23,6.449,0.0067138,5817.4
1972,1,24,6.4653,0.0064783,5787.6
1972,1,25,6.4812,0.0062071,5758.6
1972,1,26,6.4965,0.0059906,5730.3
1972,1,27,6.5114,0.0057925,5702.6
1972,1,28,6.5258,0.0056127,5675.4
1972,1,29,6.5397,0.0054492,5648.7
1972,1,30,6.5532,0.0053007,5622.4
1972,1,31,6.5662,0.0051651,5596.4
1972,2,1,6.5789,0.005045,5570.7
1972,2,2,6.5912,0.0049384,5545.3
1972,2,3,6.6031,0.0048398,5520.1
1972,2,4,6.6146,0.0047475,5495
1972,2,5,6.6253,0.0046124,5468.2
1972,2,6,6.6361,0.0045307,5443.6
1972,2,7,6.6462,0.0044068,5417.1
1972,2,8,6.6556,0.0042609,5389.5
1972,2,9,6.6645,0.0041078,5361.4
1972,2,10,6.673,0.0039569,5332.9
1972,2,11,6.681,0.0038127,5304.5
1972,2,12,6.6887,0.0036801,5275.7
1972,2,13,6.6961,0.0035233,5247
1972,2,14,6.7033,0.0033129,5218.2
1972,2,15,6.7102,0.0031309,5189.1
1972,2,16,6.7169,0.0029526,5159.5
1972,2,17,6.7233,0.0027574,5131.6
1972,2,18,6.7295,0.0025539,5101.5
1972,2,19,6.7355,0.0024179,5071.2
1972,2,20,6.7412,0.0022884,5043.3
1972,2,21,6.7467,0.00218,5012.6
1972,2,22,6.7521,0.002085,4981.7
1972,2,23,6.7572,0.001994,4950.6
1972,2,24,6.7622,0.0019063,4919.2
1972,2,25,6.767,0.001829,4887.7
1972,2,26,6.7716,0.0017606,4856
1972,2,27,6.7761,0.0017001,4824.2
1972,2,28,6.7804,0.0016378,4792.3
1972,2,29,6.7846,0.0015833,4760.3
1972,3,1,6.7888,0.0017824,4729.1
1972,3,2,6.7928,0.0019524,4697.8
1972,3,3,6.7968,0.0023627,4667.1
1972,3,4,6.8007,0.002698,4636.3
1972,3,5,6.8045,0.0032133,4620.1
1972,3,6,6.8082,0.0036738,4588.7
1972,3,7,6.8119,0.0042411,4567.4
1972,3,8,6.8157,0.0049951,4560.5
1972,3,9,6.8192,0.0056455,4542.6
1972,3,10,6.8228,0.0064856,4513.6
1972,3,11,6.8262,0.0071864,4480.9
1972,3,12,6.8297,0.0080213,4467.8
1972,3,13,6.8326,0.0067966,4440.1
1972,3,14,6.8351,0.0061748,4401.9
1972,3,15,6.8378,0.0082069,4377.2
1972,3,16,6.8397,0.010923,4352.8
1972,3,17,6.841,0.014111,4333.9
1972,3,18,6.8418,0.017261,4302.5
1972,3,19,6.8434,0.0194,4278
1972,3,20,6.8435,0.022642,4237.1
1972,3,21,6.8429,0.02642,4198.1
1972,3,22,6.8433,0.028659,4176.7
1972,3,23,6.8443,0.030098,4168.5
1972,3,24,6.845,0.03206,4149.7
1972,3,25,6.8452,0.034196,4120.9
1972,3,26,6.8454,0.036269,4092.9
1972,3,27,6.8458,0.03784,4067.9
1972,3,28,6.8465,0.039223,4044.9
1972,3,29,6.8477,0.039798,4032.5
1972,3,30,6.8494,0.04022,4026.8
1972,3,31,6.8515,0.040024,4015.2
1972,4,1,6.8543,0.04172,4003.4
1972,4,2,6.8577,0.045304,4002.7
1972,4,3,6.8608,0.048576,3984.9
1972,4,4,6.8638,0.052317,3962.2
1972,4,5,6.8675,0.058028,3945.5
1972,4,6,6.8713,0.062613,3935.4
1972,4,7,6.8754,0.067457,3933.1
1972,4,8,6.8799,0.073992,3927.3
1972,4,9,6.8803,0.062886,3891.9
1972,4,10,6.8827,0.073509,3881.7
1972,4,11,6.8802,0.065413,3837.9
1972,4,12,6.8822,0.079639,3842.5
1972,4,13,6.8822,0.094753,3837.1
1972,4,14,6.8816,0.1111,3843.3
1972,4,15,6.8794,0.12622,3851
1972,4,16,6.8764,0.15043,3873.9
1972,4,17,6.8769,0.19684,3952.8
1972,4,18,6.8944,0.31236,4200.2
1972,4,19,6.9346,0.51824,4650.2
1972,4,20,6.9798,0.73974,5125.7
1972,4,21,6.9722,0.63445,5269.9
1972,4,22,6.9621,0.75379,5720.7
1972,4,23,6.9448,0.88008,6301.7
1972,4,24,6.9095,0.97854,6856.7
1972,4,25,6.8115,1.0246,6686.7
1972,4,26,6.7788,1.2904,7926.4
1972,4,27,6.6565,1.3438,7373.7
1972,4,28,6.5466,1.5113,7644.8
1972,4,29,6.4025,1.6532,7781.1
1972,4,30,6.2153,1.8342,7902.9
1972,5,1,6.0033,2.005,7932.8
1972,5,2,5.7107,2.1056,7620.9
1972,5,3,5.5706,2.229,6976.6
1972,5,4,5.2966,2.3475,6843.5
1972,5,5,4.9996,2.4929,6681.9
1972,5,6,4.7262,2.6073,6544.6
1972,5,7,4.4438,2.7327,6414.9
1972,5,8,4.1377,2.8687,6283
1972,5,9,3.8142,3.0152,6171.2
1972,5,10,3.4607,3.202,6149.4
1972,5,11,3.0544,3.431,6138
1972,5,12,2.6473,3.6508,6166.7
1972,5,13,2.2048,3.8397,6008.5
1972,5,14,1.8132,3.995,5902.9
1972,5,15,1.4455,4.1356,5900.5
1972,5,16,1.0952,4.2495,5871.3
1972,5,17,0.77416,4.3152,5812.3
1972,5,18,0.56991,4.2929,5882
1972,5,19,0.40946,4.1886,5859.3
1972,5,20,0.29597,4.0037,5703.6
1972,5,21,0.24529,3.831,5689.8
1972,5,22,0.20671,3.6433,5639.2
1972,5,23,0.1765,3.4639,5569.3
1972,5,24,0.15636,3.273,5495.5
1972,5,25,0.1382,3.09,5397.8
1972,5,26,0.14778,2.9473,5409.8
1972,5,27,0.13681,2.7898,5337.7
1972,5,28,0.12106,2.6169,5213.4
1972,5,29,0.22123,2.9947,5292.4
1972,5,30,0.19478,2.7947,5174.5
1972,5,31,0.18775,2.6688,5111.3
1972,6,1,0.18368,2.559,5047.2
1972,6,2,0.17634,2.4509,4973.3
1972,6,3,0.1703,2.3318,4896.8
1972,6,4,0.16773,2.2166,4830.3
1972,6,5,0.16674,2.1007,4767.3
1972,6,6,0.16253,1.9916,4696.1
1972,6,7,0.15848,1.8885,4626.1
1972,6,8,0.1602,1.7859,4577.9
1972,6,9,0.14506,1.6741,4467
1972,6,10,0.14199,1.5986,4392.4
1972,6,11,0.13904,1.5251,4319.6
1972,6,12,0.13767,1.4543,4257.5
1972,6,13,0.14541,1.3933,4242.3
1972,6,14,0.4238,1.6092,4389.8
1972,6,15,0.41097,1.5293,4318.7
1972,6,16,0.4203,1.4747,4255.4
1972,6,17,0.41996,1.4201,4278.5
1972,6,18,0.42146,1.3662,4283.7
1972,6,19,0.42472,1.3175,4319.1
1972,6,20,0.41586,1.2587,4254.1
1972,6,21,0.41171,1.2135,4252
1972,6,22,0.40645,1.1667,4229.4
1972,6,23,0.17654,0.93568,3900.1
1972,6,24,0.17653,0.89991,3869.1
1972,6,25,0.176,0.8651,3834.4
1972,6,26,0.17701,0.83482,3809.8
1972,6,27,0.1797,0.80545,3782.3
1972,6,28,0.17611,0.77195,3732.1
1972,6,29,0.17242,0.74035,3680
1972,6,30,0.16679,0.7067,3627.9
1972,7,1,0.34119,0.81898,3804.2
1972,7,2,0.33197,0.78373,3745.7
1972,7,3,0.32261,0.75072,3687.3
1972,7,4,0.31975,0.72074,3657.4
1972,7,5,0.31609,0.69981,3623
1972,7,6,0.31217,0.67768,3583.7
1972,7,7,0.30919,0.65593,3545.1
1972,7,8,0.4023,0.74042,3781.5
1972,7,9,0.44195,0.76662,3897.5
1972,7,10,0.46099,0.76287,3914.9
1972,7,11,0.57072,0.85143,4347.1
1972,7,12,0.62721,0.8808,4612.1
1972,7,13,0.63066,0.8625,4633.6
1972,7,14,0.66077,0.87632,4840.6
1972,7,15,0.63721,0.83168,4706.4
1972,7,16,0.62405,0.80426,4691.6
1972,7,17,0.60766,0.78191,4679.2
1972,7,18,0.58083,0.75065,4571.9
1972,7,19,0.55786,0.7277,4552
1972,7,20,0.53193,0.70243,4456.3
1972,7,21,0.5108,0.68837,4435
1972,7,22,0.48742,0.66224,4344
1972,7,23,0.46751,0.64519,4306.2
1972,7,24,0.43957,0.62274,4208.3
1972,7,25,0.41854,0.60676,4138.5
1972,7,26,0.39985,0.59046,4075.4
1972,7,27,0.38827,0.58081,4030.3
1972,7,28,0.3814,0.5795,4019.9
1972,7,29,0.37897,0.57706,4007.8
1972,7,30,0.38029,0.58156,4027.2
1972,7,31,0.36189,0.56008,3952.5
1972,8,1,0.34572,0.54293,3886.2
1972,8,2,0.68067,0.68365,4256.2
1972,8,3,0.66009,0.6654,4177.7
1972,8,4,0.645,0.65657,4140
1972,8,5,0.63168,0.64527,4099.9
1972,8,6,0.61619,0.63262,4050.9
1972,8,7,0.60107,0.61591,3983.3
1972,8,8,0.58869,0.59913,3922.8
1972,8,9,0.576,0.58519,3864.1
1972,8,10,0.56284,0.57687,3828.2
1972,8,11,0.56113,0.57695,3840.4
1972,8,12,0.25923,0.51228,3579.9
1972,8,13,0.25709,0.5016,3538.6
1972,8,14,0.55039,0.56544,3820.3
1972,8,15,0.55088,0.56319,3860
1972,8,16,0.30582,0.5407,3890.3
1972,8,17,0.40035,0.64223,4451.6
1972,8,18,0.43264,0.6717,4554.6
1972,8,19,0.43876,0.67404,4595.4
1972,8,20,0.47844,0.70444,4886.8
1972,8,21,0.69704,0.76614,4952
1972,8,22,0.68632,0.75193,4867
1972,8,23,0.6809,0.75387,4891.2
1972,8,24,0.67269,0.75038,4878.9
1972,8,25,0.66196,0.74431,4847.2
1972,8,26,0.65004,0.73556,4800.9
1972,8,27,0.63849,0.72723,4751.1
1972,8,28,0.62681,0.71679,4694.9
1972,8,29,0.61489,0.70804,4636.4
1972,8,30,0.60539,0.69695,4582.4
1972,8,31,0.58044,0.68309,4505.4
1972,9,1,0.52001,0.67011,4396.4
1972,9,2,0.52658,0.67413,4363
1972,9,3,0.98003,0.77976,4652.1
1972,9,4,0.96775,0.77317,4620.5
1972,9,5,0.95334,0.7632,4578.6
1972,9,6,0.94023,0.74817,4507.6
1972,9,7,0.93703,0.73551,4451.7
1972,9,8,0.92606,0.72353,4399.8
1972,9,9,0.90911,0.71726,4394.6
1972,9,10,0.90389,0.71105,4387.8
1972,9,11,0.90213,0.70936,4413.2
1972,9,12,0.88742,0.70345,4403.4
1972,9,13,0.88399,0.70364,4387.3
1972,9,14,0.8792,0.70847,4356
1972,9,15,0.79608,0.69554,4265.8
1972,9,16,1.3138,0.76157,4364.2
1972,9,17,1.303,0.75003,4324.4
1972,9,18,1.3325,0.77886,4313.1
1972,9,19,1.431,0.88748,4331.9
1972,9,20,1.044,0.93217,4258.6
1972,9,21,1.4283,0.94703,4286
1972,9,22,1.3452,0.94615,4239.4
1972,9,23,1.4013,1.0113,4283.9
1972,9,24,1.387,0.99486,4236.8
1972,9,25,1.3967,0.99399,4216.5
1972,9,26,1.9161,1.0544,4277.8
1972,9,27,1.7957,1.0329,4230.9
1972,9,28,1.7973,1.0319,4209
1972,9,29,1.8106,1.0314,4198.5
1972,9,30,1.816,1.0307,4180.9
1972,10,1,1.8321,1.0369,4219.3
1972,10,2,1.8441,1.0393,4243.6
1972,10,3,1.8514,1.0404,4264.9
1972,10,4,1.8616,1.0392,4284.7
1972,10,5,1.8639,1.0405,4317.5
1972,10,6,1.8192,1.0307,4280.8
1972,10,7,1.8365,1.037,4300.1
1972,10,8,2.1725,1.0423,4317.2
1972,10,9,2.0879,1.0339,4289.1
1972,10,10,2.1155,1.0403,4302.1
1972,10,11,5.8468,1.3143,4534.2
1972,10,12,5.8603,1.3478,4698.5
1972,10,13,5.8696,1.3406,4709.9
1972,10,14,5.8818,1.3583,4846.7
1972,10,15,5.823,1.3432,4853.2
1972,10,16,5.3979,1.294,4788
1972,10,17,3.9974,1.1345,4507.6
1972,10,18,4.0115,1.1331,4519.4
1972,10,19,4.0249,1.1308,4528.8
1972,10,20,4.0364,1.1378,4527.8
1972,10,21,4.0492,1.1229,4534.8
1972,10,22,4.0611,1.1182,4538.1
1972,10,23,3.9409,1.0515,4606.9
1972,10,24,3.9183,0.94316,4653.6
1972,10,25,3.8964,0.85319,4692.9
1972,10,26,4.1491,1.1043,4515.4
1972,10,27,4.1073,1.0823,4524.2
1972,10,28,4.001,1.0053,4611.6
1972,10,29,3.9833,0.90478,4710.6
1972,10,30,3.9686,0.82081,4814.2
1972,10,31,3.9575,0.75252,4927.3
1972,11,1,3.9497,0.69737,5047.9
1972,11,2,3.9436,0.65732,5161.7
1972,11,3,3.9397,0.61779,5282.9
1972,11,4,3.9392,0.58591,5328.3
1972,11,5,3.9367,0.56378,5351.3
1972,11,6,3.9111,0.51812,5149.3
1972,11,7,3.9066,0.49939,5260
1972,11,8,3.9024,0.48044,5365.8
1972,11,9,3.9353,0.82212,4888.1
1972,11,10,3.9195,0.8147,4883.1
1972,11,11,3.9067,0.74224,4976.1
1972,11,12,3.8951,0.67788,5065.1
1972,11,13,3.8829,0.62412,5109.3
1972,11,14,3.8713,0.57577,5144.6
1972,11,15,3.8609,0.53051,5173.5
1972,11,16,3.8548,0.48492,5201.6
1972,11,17,3.8529,0.44191,5218.8
1972,11,18,3.8511,0.40363,5224.5
1972,11,19,3.849,0.36986,5218.6
1972,11,20,3.8476,0.33839,5209
1972,11,21,3.8472,0.30838,5194.8
1972,11,22,3.8485,0.27897,5180.9
1972,11,23,3.8494,0.25261,5159.3
1972,11,24,3.8505,0.22798,5134.8
1972,11,25,3.8494,0.20759,5095.9
1972,11,26,3.8498,0.18871,5061.3
1972,11,27,3.8521,0.17226,5025.2
1972,11,28,3.8561,0.15628,4998.5
1972,11,29,3.8603,0.14222,4971.6
1972,11,30,3.8641,0.1308,4941.7
1972,12,1,3.8671,0.12175,4906.2
1972,12,2,3.8719,0.11188,4880.9
1972,12,3,3.8766,0.10356,4853
1972,12,4,3.8811,0.096524,4822.3
1972,12,5,3.8859,0.090291,4793.3
1972,12,6,3.8917,0.083645,4772
1972,12,7,3.898,0.078392,4743.4
1972,12,8,3.9047,0.07332,4717.1
1972,12,9,3.9113,0.068714,4690.1
1972,12,10,3.9181,0.064395,4663.8
1972,12,11,3.9249,0.060352,4638.2
1972,12,12,3.9319,0.056467,4614.9
1972,12,13,3.9398,0.05289,4591.8
1972,12,14,3.9474,0.049741,4566.7
1972,12,15,3.9551,0.04678,4541.9
1972,12,16,3.9627,0.043983,4517.6
1972,12,17,3.9703,0.041322,4493.6
1972,12,18,3.9778,0.038816,4469.9
1972,12,19,3.9862,0.036275,4449.9
1972,12,20,3.9943,0.034067,4426.8
1972,12,21,4.0027,0.031636,4405.4
1972,12,22,4.0109,0.02935,4381.7
1972,12,23,4.0199,0.027241,4358
1972,12,24,4.0288,0.025242,4334.7
1972,12,25,4.0376,0.023354,4311.3
1972,12,26,4.0462,0.021555,4288.1
1972,12,27,4.0556,0.019851,4264.7
1972,12,28,4.0649,0.018221,4241.6
1972,12,29,4.0742,0.016506,4218.5
1972,12,30,4.0845,0.014805,4195.4
1972,12,31,4.0947,0.012951,4172.3
1973,1,1,4.106,0.011407,4150
1973,1,2,4.1172,0.010112,4128.5
1973,1,3,4.1294,0.0090107,4107.6
1973,1,4,4.1414,0.0080881,4087.5
1973,1,5,4.1542,0.0073262,4067.9
1973,1,6,4.1668,0.0066798,4048.9
1973,1,7,4.1801,0.006144,4030.4
1973,1,8,4.1942,0.0057018,4012.2
1973,1,9,4.2088,0.0053357,3994.4
1973,1,10,4.2253,0.0050558,3976.8
1973,1,11,4.2412,0.0048125,3959.7
1973,1,12,4.2565,0.0046001,3943.1
1973,1,13,4.2713,0.0044155,3926.7
1973,1,14,4.2856,0.0042546,3910.7
1973,1,15,4.2994,0.0041154,3895
1973,1,16,4.3127,0.0039961,3879.6
1973,1,17,4.3255,0.0038953,3864.3
1973,1,18,4.3379,0.0038092,3849.2
1973,1,19,4.3499,0.0037021,3834.3
1973,1,20,4.3614,0.0036054,3819.5
1973,1,21,4.3726,0.003519,3804.8
1973,1,22,4.3834,0.0034427,3790.2
1973,1,23,4.3937,0.0033716,3776.2
1973,1,24,4.4034,0.0032745,3760.6
1973,1,25,4.4131,0.0032295,3746.1
1973,1,26,4.4221,0.0031551,3730.5
1973,1,27,4.4305,0.0030676,3714.3
1973,1,28,4.4384,0.0029731,3697.7
1973,1,29,4.4459,0.0028742,3680.8
1973,1,30,4.453,0.0027777,3664
1973,1,31,4.4598,0.0026865,3647.1
1973,2,1,4.4663,0.0026012,3630
1973,2,2,4.4725,0.0025275,3613
1973,2,3,4.4785,0.0024623,3595.9
1973,2,4,4.4842,0.0024036,3578.6
1973,2,5,4.4896,0.0023505,3560.9
1973,2,6,4.4949,0.0022268,3543.1
1973,2,7,4.5,0.0021154,3525.1
1973,2,8,4.5049,0.0020143,3506.9
1973,2,9,4.5096,0.0019241,3488.6
1973,2,10,4.5141,0.0018435,3470.2
1973,2,11,4.5184,0.0017711,3451.5
1973,2,12,4.5225,0.0016747,3432.7
1973,2,13,4.5266,0.0015609,3413.7
1973,2,14,4.5304,0.0014743,3394.6
1973,2,15,4.5341,0.0013974,3375.3
1973,2,16,4.5377,0.0013282,3355.8
1973,2,17,4.5411,0.0012609,3337.9
1973,2,18,4.5444,0.0012087,3318.1
1973,2,19,4.5476,0.0011649,3298.3
1973,2,20,4.5507,0.001119,3280.4
1973,2,21,4.5536,0.0010871,3260.2
1973,2,22,4.5565,0.0010589,3240
1973,2,23,4.5592,0.0010348,3219.7
1973,2,24,4.5619,0.0010136,3199.3
1973,2,25,4.5644,0.00099482,3178.9
1973,2,26,4.5669,0.00097945,3158.4
1973,2,27,4.5693,0.00096719,3137.8
1973,2,28,4.5716,0.00090444,3117.3
1973,3,1,4.5739,0.00086997,3096.6
1973,3,2,4.5761,0.00084304,3076
1973,3,3,4.5782,0.00082322,3055.3
1973,3,4,4.58,0.0010629,3034.7
1973,3,5,4.5818,0.0012646,3014.1
1973,3,6,4.5835,0.0013465,3002.9
1973,3,7,4.5851,0.0015068,2981.6
1973,3,8,4.5868,0.001585,2966.8
1973,3,9,4.5885,0.0015237,2960.9
1973,3,10,4.59,0.0015233,2948
1973,3,11,4.5917,0.0014507,2927.5
1973,3,12,4.593,0.0016572,2904.5
1973,3,13,4.5941,0.0019441,2894.3
1973,3,14,4.5951,0.0023718,2878.6
1973,3,15,4.5955,0.0032227,2855.8
1973,3,16,4.596,0.0038263,2837.2
1973,3,17,4.5965,0.0043332,2818.2
1973,3,18,4.5971,0.0045031,2807.4
1973,3,19,4.5976,0.0048274,2789.7
1973,3,20,4.598,0.0051749,2769.8
1973,3,21,4.5971,0.0068139,2739.4
1973,3,22,4.5957,0.0086302,2709.9
1973,3,23,4.5946,0.0098723,2686.2
1973,3,24,4.5937,0.010722,2672.7
1973,3,25,4.5918,0.01242,2651.8
1973,3,26,4.5882,0.017447,2633
1973,3,27,4.5831,0.024961,2623
1973,3,28,4.5765,0.034547,2623.5
1973,3,29,4.5695,0.044604,2631.5
1973,3,30,4.5634,0.053737,2652.7
1973,3,31,4.5577,0.062742,2683.5
1973,4,1,4.5504,0.073365,2714.7
1973,4,2,4.541,0.086322,2748.2
1973,4,3,4.5308,0.099958,2791.6
1973,4,4,4.5171,0.11778,2832.1
1973,4,5,4.5006,0.13929,2882.3
1973,4,6,4.4805,0.16205,2926.7
1973,4,7,4.4638,0.17684,2975.9
1973,4,8,4.4482,0.1882,3022
1973,4,9,4.4307,0.20026,3057.2
1973,4,10,4.4168,0.20665,3098.7
1973,4,11,4.4008,0.21491,3128
1973,4,12,4.3811,0.22671,3146.1
1973,4,13,4.3625,0.24041,3144.5
1973,4,14,4.4451,0.22769,3038.2
1973,4,15,4.4129,0.27294,3072.4
1973,4,16,4.3965,0.29703,3070.7
1973,4,17,4.3742,0.33868,3179.4
1973,4,18,4.365,0.35085,3204.7
1973,4,19,4.3114,0.41754,3202.2
1973,4,20,4.3864,0.81583,4399.5
1973,4,21,4.408,1.0593,4964.6
1973,4,22,4.3152,1.0385,4705.6
1973,4,23,4.3123,1.1664,4900.1
1973,4,24,4.2114,1.1707,4729.3
1973,4,25,4.1106,1.1919,4624.9
1973,4,26,4.0051,1.2182,4537.9
1973,4,27,3.8951,1.2533,4470.3
1973,4,28,3.7763,1.2926,4393.7
1973,4,29,3.6482,1.338,4315.4
1973,4,30,3.515,1.3888,4239.2
1973,5,1,3.3848,1.4601,4168.1
1973,5,2,3.3518,1.6001,4240.5
1973,5,3,3.2021,1.6837,4220.5
1973,5,4,2.8966,1.7053,3984.3
1973,5,5,2.9297,1.7814,4176.5
1973,5,6,2.8846,1.7472,4148.7
1973,5,7,2.6798,1.8127,4063
1973,5,8,2.4971,1.8754,4009.7
1973,5,9,2.4532,2.0058,4267.5
1973,5,10,2.4045,1.9397,4220.1
1973,5,11,2.3188,1.9348,4201
1973,5,12,2.1824,2.0115,4238.7
1973,5,13,2.0299,2.0712,4166.8
1973,5,14,1.8684,2.136,4097.7
1973,5,15,1.7822,2.1133,4115.2
1973,5,16,1.6309,2.1644,4050.3
1973,5,17,1.5189,2.1768,4013
1973,5,18,1.3852,2.2252,4003.2
1973,5,19,1.1709,2.234,3966.5
1973,5,20,0.9996,2.25,3875.5
1973,5,21,0.84459,2.2543,3841.2
1973,5,22,0.92644,2.2591,3947.6
1973,5,23,0.83804,2.2427,3954.2
1973,5,24,0.74444,2.1997,3880.6
1973,5,25,1.0789,2.2318,4036.7
1973,5,26,0.69009,2.0881,3889.9
1973,5,27,0.57256,2.0507,3853.2
1973,5,28,0.49269,2.0158,3804.6
1973,5,29,0.40831,1.9562,3707.2
1973,5,30,0.44153,2.003,3759.4
1973,5,31,0.41608,1.9364,3743.7
1973,6,1,0.39246,1.8622,3722
1973,6,2,0.36254,1.7966,3686.4
1973,6,3,0.36137,1.6883,3680.9
1973,6,4,0.62367,1.7962,3742.8
1973,6,5,0.62008,1.7263,3748.3
1973,6,6,0.60585,1.6671,3739.5
1973,6,7,0.58725,1.6127,3721.5
1973,6,8,0.56749,1.5646,3694.5
1973,6,9,0.56286,1.4954,3688.2
1973,6,10,0.56053,1.4314,3692.1
1973,6,11,0.54713,1.393,3684.4
1973,6,12,0.53719,1.3426,3671.5
1973,6,13,0.52644,1.3005,3654.5
1973,6,14,0.52757,1.2477,3647.5
1973,6,15,0.53256,1.2055,3673.5
1973,6,16,0.52962,1.1327,3707.1
1973,6,17,0.53672,1.1076,3865.7
1973,6,18,0.55344,1.088,3963.4
1973,6,19,0.56129,1.064,4061.3
1973,6,20,0.56389,1.0575,4133.4
1973,6,21,0.56455,1.0374,4203.9
1973,6,22,0.55567,1.0282,4196.8
1973,6,23,0.48798,1.0073,4154.6
1973,6,24,0.4581,0.99362,4144.1
1973,6,25,0.44028,0.96881,4150.3
1973,6,26,0.43671,0.93203,4185.2
1973,6,27,0.52584,0.94959,4246.6
1973,6,28,0.52686,0.91865,4278.3
1973,6,29,0.38828,0.86474,4124.9
1973,6,30,0.36399,0.87029,4093.7
1973,7,1,0.31459,0.84675,3998.6
1973,7,2,0.30825,0.87176,3984.9
1973,7,3,0.28833,0.85096,3928.3
1973,7,4,0.276,0.82997,3898.7
1973,7,5,0.26122,0.80876,3858.7
1973,7,6,0.23973,0.79479,3795.5
1973,7,7,0.32966,0.89759,4478.3
1973,7,8,0.35271,0.93119,4825.4
1973,7,9,0.33494,0.91811,4892.1
1973,7,10,0.30533,0.88764,4846.1
1973,7,11,0.28341,0.84679,4784.6
1973,7,12,0.25303,0.81504,4682.8
1973,7,13,0.33745,0.89489,4517.8
1973,7,14,0.31677,0.87159,4448.6
1973,7,15,0.30079,0.8453,4385.1
1973,7,16,0.28646,0.8162,4317.4
1973,7,17,0.27661,0.78683,4261
1973,7,18,0.26855,0.75841,4212.4
1973,7,19,0.26042,0.73164,4160.4
1973,7,20,0.24914,0.71077,4093.1
1973,7,21,0.24152,0.68551,4032.7
1973,7,22,0.23126,0.66275,3960.5
1973,7,23,0.23682,0.61962,3925.9
1973,7,24,0.22553,0.57838,3890.9
1973,7,25,0.47164,0.64784,3884.4
1973,7,26,0.49422,0.63437,4010.8
1973,7,27,0.61652,0.73105,4823.8
1973,7,28,0.29202,0.53745,3952.3
1973,7,29,0.34592,0.56977,4286.9
1973,7,30,0.7055,0.74322,5236.8
1973,7,31,0.35167,0.54343,4298.6
1973,8,1,0.36421,0.55299,4393.5
1973,8,2,0.3659,0.55466,4427.8
1973,8,3,0.21484,0.48004,3842.7
1973,8,4,0.35528,0.54503,4415.2
1973,8,5,0.35077,0.53766,4410.4
1973,8,6,0.36564,0.54153,4568
1973,8,7,0.36988,0.5347,4646.8
1973,8,8,0.36667,0.51532,4652.4
1973,8,9,0.38296,0.49988,4625.7
1973,8,10,0.67449,0.62248,5765
1973,8,11,0.37736,0.5129,4908.1
1973,8,12,0.383,0.51899,5081.1
1973,8,13,0.37521,0.52611,5144.2
1973,8,14,0.36348,0.5287,5151.9
1973,8,15,0.35415,0.52571,5139
1973,8,16,0.34216,0.52644,5111
1973,8,17,0.32873,0.52529,5063.8
1973,8,18,0.31537,0.5234,5010.8
1973,8,19,0.31065,0.51937,4988.9
1973,8,20,0.29243,0.50343,4850.8
1973,8,21,0.28277,0.48889,4775.4
1973,8,22,0.27072,0.47729,4691.7
1973,8,23,0.25973,0.46558,4612.2
1973,8,24,0.50103,0.54341,5096.5
1973,8,25,0.49565,0.52448,5027.4
1973,8,26,0.49194,0.50652,4967.7
1973,8,27,0.24328,0.41931,4444.7
1973,8,28,0.236,0.41307,4396
1973,8,29,0.22872,0.40484,4341.2
1973,8,30,0.21817,0.39213,4253.9
1973,8,31,0.44281,0.4501,4608.4
1973,9,1,0.43827,0.43847,4615.8
1973,9,2,0.45559,0.42589,4548.8
1973,9,3,0.45485,0.45365,4963.8
1973,9,4,0.84091,0.58235,5939.9
1973,9,5,0.85492,0.59893,6166.3
1973,9,6,0.86051,0.61206,6293.4
1973,9,7,0.85761,0.61383,6312.9
1973,9,8,0.50288,0.50628,5393
1973,9,9,0.50262,0.51443,5454
1973,9,10,0.49764,0.51847,5468.1
1973,9,11,0.81495,0.58769,6056.3
1973,9,12,0.80171,0.57669,5944.3
1973,9,13,0.78225,0.55233,5842.4
1973,9,14,0.77168,0.53527,5754.5
1973,9,15,1.0581,0.57344,5701
1973,9,16,1.042,0.56829,5626.7
1973,9,17,1.0323,0.56789,5585.2
1973,9,18,0.69607,0.52891,5459.9
1973,9,19,0.99672,0.56187,5464.6
1973,9,20,0.98452,0.55859,5400.1
1973,9,21,0.92058,0.53912,5355.1
1973,9,22,0.96015,0.53328,5319.7
1973,9,23,0.98867,0.56487,5439.7
1973,9,24,1.0036,0.55543,5431.3
1973,9,25,1.027,0.56113,5470.1
1973,9,26,1.3087,0.57904,5488.5
1973,9,27,1.3109,0.59058,5509.2
1973,9,28,0.98651,0.58205,5466.5
1973,9,29,0.96983,0.59158,5449
1973,9,30,0.95186,0.59968,5423.3
1973,10,1,0.90908,0.60878,5388.5
1973,10,2,0.88425,0.61586,5352.1
1973,10,3,0.97483,0.60267,5394.9
1973,10,4,0.96634,0.60296,5348.5
1973,10,5,0.96348,0.61208,5391.4
1973,10,6,0.95488,0.61378,5381.9
1973,10,7,1.0861,0.61361,5426.5
1973,10,8,1.0883,0.6024,5420.7
1973,10,9,1.0947,0.59302,5467.5
1973,10,10,1.0863,0.58302,5551.4
1973,10,11,1.2651,0.5864,5640.3
1973,10,12,1.526,0.61773,6176.7
1973,10,13,3.9533,0.79224,4849.1
1973,10,14,3.9858,0.79019,4928.9
1973,10,15,4.0047,0.78732,5031.3
1973,10,16,4.0148,0.78505,5144.8
1973,10,17,3.9925,0.77373,5211.3
1973,10,18,3.9474,0.77076,5353.4
1973,10,19,3.9583,0.76464,5392
1973,10,20,3.9713,0.76064,5409
1973,10,21,3.9825,0.75731,5420.6
1973,10,22,1.9249,0.64411,6543.5
1973,10,23,4.0009,0.74391,5439.5
1973,10,24,4.013,0.73192,5454.3
1973,10,25,3.9746,0.72265,5497.1
1973,10,26,3.8439,0.71983,5651.3
1973,10,27,3.4608,0.68689,5849.2
1973,10,28,2.8385,0.64422,6154.7
1973,10,29,2.8361,0.63258,6029.9
1973,10,30,2.861,0.63163,6017.9
1973,10,31,2.8442,0.63005,6010.1
1973,11,1,2.8565,0.6358,6110.4
1973,11,2,2.8529,0.6202,5994
1973,11,3,2.8552,0.61951,5982.3
1973,11,4,2.7856,0.59426,5994.1
1973,11,5,2.7702,0.53292,5996.7
1973,11,6,2.7566,0.48437,6004.9
1973,11,7,2.7448,0.43739,6012.3
1973,11,8,2.7344,0.39424,6008.5
1973,11,9,2.7259,0.35614,6003.6
1973,11,10,2.7195,0.32247,5990.2
1973,11,11,2.7146,0.29557,5985.8
1973,11,12,2.7102,0.27347,5980.6
1973,11,13,2.7073,0.25248,5973.8
1973,11,14,2.7066,0.23417,5973.1
1973,11,15,2.7048,0.22077,5970.6
1973,11,16,2.7026,0.21106,5966.5
1973,11,17,2.7003,0.20221,5958.5
1973,11,18,2.6984,0.19469,5950.7
1973,11,19,2.6966,0.18859,5942.8
1973,11,20,2.6994,0.17509,5936.5
1973,11,21,2.6999,0.16723,5928.3
1973,11,22,2.7016,0.15919,5927.9
1973,11,23,2.7037,0.15207,5932.3
1973,11,24,2.7066,0.14589,5930.3
1973,11,25,2.7103,0.13955,5931.2
1973,11,26,2.7142,0.13398,5924.3
1973,11,27,2.7169,0.1294,5913.1
1973,11,28,2.7203,0.12461,5902.4
1973,11,29,2.7241,0.11998,5899.9
1973,11,30,2.728,0.11608,5896.8
1973,12,1,2.7308,0.11293,5885.3
1973,12,2,2.7326,0.11178,5867.4
1973,12,3,2.7362,0.10834,5861.1
1973,12,4,2.7392,0.10626,5850.7
1973,12,5,2.7413,0.10438,5832.5
1973,12,6,2.7438,0.10242,5815.6
1973,12,7,2.7478,0.098894,5808.1
1973,12,8,2.7502,0.096543,5789.4
1973,12,9,2.7554,0.091455,5774.7
1973,12,10,2.7593,0.088598,5758.9
1973,12,11,2.7633,0.085755,5742.9
1973,12,12,2.7676,0.082534,5724.3
1973,12,13,2.7722,0.079448,5708.8
1973,12,14,2.7772,0.076534,5695
1973,12,15,2.7816,0.073485,5675.5
1973,12,16,2.7861,0.070809,5657.1
1973,12,17,2.7907,0.068425,5639.5
1973,12,18,2.7953,0.066351,5622.8
1973,12,19,2.7996,0.06378,5603.3
1973,12,20,2.8048,0.061179,5589.7
1973,12,21,2.8099,0.059194,5572.5
1973,12,22,2.8151,0.057343,5557.9
1973,12,23,2.8196,0.055228,5537.5
1973,12,24,2.8242,0.053419,5518
1973,12,25,2.8286,0.051643,5498.6
1973,12,26,2.8327,0.049269,5476.2
1973,12,27,2.8371,0.046873,5454.7
1973,12,28,2.842,0.044815,5434.2
1973,12,29,2.847,0.043022,5414.5
1973,12,30,2.8514,0.040724,5392
1973,12,31,2.8559,0.038779,5370.4
1974,1,1,2.8586,0.033417,5333.9
1974,1,2,2.8614,0.028897,5299.5
1974,1,3,2.8643,0.025093,5267
1974,1,4,2.8672,0.021895,5236.1
1974,1,5,2.8702,0.019169,5206.6
1974,1,6,2.8737,0.016882,5178.6
1974,1,7,2.8773,0.01488,5151.7
1974,1,8,2.8809,0.013182,5125.8
1974,1,9,2.8851,0.011751,5101
1974,1,10,2.8892,0.010535,5077.1
1974,1,11,2.8934,0.0094982,5053.8
1974,1,12,2.8981,0.0086167,5031.3
1974,1,13,2.9027,0.0078612,5009.4
1974,1,14,2.9073,0.0071666,4987.9
1974,1,15,2.9125,0.0065854,4967.1
1974,1,16,2.9177,0.0059111,4946.5
1974,1,17,2.9228,0.0053461,4926.2
1974,1,18,2.9283,0.0048261,4906.4
1974,1,19,2.9337,0.0043916,4886.8
1974,1,20,2.9395,0.0040352,4867.5
1974,1,21,2.9453,0.003702,4848.4
1974,1,22,2.9513,0.003442,4829.6
1974,1,23,2.9576,0.0032275,4811.6
1974,1,24,2.9642,0.0030472,4793.1
1974,1,25,2.9708,0.0029032,4774.7
1974,1,26,2.9777,0.0027477,4756.4
1974,1,27,2.9842,0.0026424,4738
1974,1,28,2.9906,0.0025201,4719.6
1974,1,29,2.9967,0.0024093,4701.1
1974,1,30,3.0026,0.0023042,4682.6
1974,1,31,3.0082,0.0022221,4664
1974,2,1,3.0137,0.002156,4645.4
1974,2,2,3.019,0.0020963,4626.6
1974,2,3,3.024,0.0020431,4607.8
1974,2,4,3.0289,0.0019954,4588.9
1974,2,5,3.0337,0.001923,4569.9
1974,2,6,3.0382,0.001872,4550.9
1974,2,7,3.0426,0.0018283,4531.7
1974,2,8,3.0468,0.0017907,4512.4
1974,2,9,3.0509,0.0017426,4493
1974,2,10,3.0549,0.0016891,4473.6
1974,2,11,3.0587,0.0016539,4454
1974,2,12,3.0623,0.0016016,4434.4
1974,2,13,3.0659,0.0015729,4414.6
1974,2,14,3.0693,0.0015466,4394.8
1974,2,15,3.0726,0.0014961,4374.8
1974,2,16,3.0757,0.0014681,4354.8
1974,2,17,3.0788,0.0014395,4336.6
1974,2,18,3.0818,0.0014209,4316.3
1974,2,19,3.0846,0.0014078,4295.8
1974,2,20,3.0873,0.0013904,4277.9
1974,2,21,3.0899,0.0013838,4257.1
1974,2,22,3.0925,0.0013795,4236.3
1974,2,23,3.0949,0.0013748,4215.4
1974,2,24,3.0973,0.0013698,4194.5
1974,2,25,3.0994,0.0013545,4171.3
1974,2,26,3.1016,0.001353,4150.5
1974,2,27,3.1037,0.0013441,4127.3
1974,2,28,3.1056,0.001264,4102.7
1974,3,1,3.1074,0.0012282,4077.4
1974,3,2,3.1091,0.0011875,4051.8
1974,3,3,3.1107,0.0011532,4025.6
1974,3,4,3.1122,0.0011218,3999.6
1974,3,5,3.1137,0.0010989,3973.4
1974,3,6,3.1151,0.0010504,3959.3
1974,3,7,3.1164,0.001042,3931.5
1974,3,8,3.1177,0.0010123,3912
1974,3,9,3.1189,0.00095611,3904.2
1974,3,10,3.1201,0.00091623,3887
1974,3,11,3.1212,0.00091407,3859.6
1974,3,12,3.1222,0.00092275,3828.9
1974,3,13,3.1233,0.00088977,3814.6
1974,3,14,3.1242,0.00088059,3792.9
1974,3,15,3.1252,0.00087187,3761.4
1974,3,16,3.126,0.00087076,3735.5
1974,3,17,3.1269,0.00085522,3708.9
1974,3,18,3.1277,0.00080099,3693.3
1974,3,19,3.1285,0.000792,3668.3
1974,3,20,3.1293,0.00079017,3640.5
1974,3,21,3.13,0.0007996,3607.6
1974,3,22,3.1307,0.00080696,3575.2
1974,3,23,3.1314,0.00079925,3549
1974,3,24,3.132,0.00076536,3534.1
1974,3,25,3.1327,0.00075401,3509.8
1974,3,26,3.1333,0.0007625,3476.8
1974,3,27,3.1338,0.00076968,3444.4
1974,3,28,3.1344,0.0007699,3415.4
1974,3,29,3.1349,0.00076913,3388
1974,3,30,3.1355,0.00070929,3370.2
1974,3,31,3.1361,0.00066615,3357.9
1974,4,1,3.1366,0.00063745,3341.3
1974,4,2,3.1371,0.00058029,3320.7
1974,4,3,3.1377,0.00055209,3305
1974,4,4,3.1381,0.00054962,3276.4
1974,4,5,3.1386,0.00055888,3242.6
1974,4,6,3.139,0.00056944,3209.6
1974,4,7,3.1395,0.00056998,3183.9
1974,4,8,3.1399,0.00056277,3163.6
1974,4,9,3.1403,0.00056859,3137.3
1974,4,10,3.1403,0.00099424,3121.4
1974,4,11,3.1397,0.0020125,3098.4
1974,4,12,3.1383,0.0035924,3074.9
1974,4,13,3.1365,0.0053559,3049
1974,4,14,3.1347,0.006783,3023.7
1974,4,15,3.132,0.0089893,2990.7
1974,4,16,3.1315,0.015456,2974.3
1974,4,17,3.1351,0.029565,2978.3
1974,4,18,3.1445,0.053288,3005.3
1974,4,19,3.3543,0.34892,3676.4
1974,4,20,4.0114,1.1692,5510.8
1974,4,21,6.9078,4.6258,13002
1974,4,22,6.8542,4.1702,12688
1974,4,23,6.7171,3.5967,12644
1974,4,24,6.4773,3.0416,11585
1974,4,25,6.2597,2.8403,11491
1974,4,26,5.3638,2.6651,9598.4
1974,4,27,6.1355,3.3874,10272
1974,4,28,6.7249,3.8446,10460
1974,4,29,6.5324,3.7752,9782.5
1974,4,30,6.4494,3.5884,9432.9
1974,5,1,5.6396,3.1121,8332.6
1974,5,2,5.5167,3.0036,8102.9
1974,5,3,5.3882,2.899,7908.4
1974,5,4,5.2952,2.8793,7860.3
1974,5,5,5.1329,2.7905,7648.1
1974,5,6,4.9772,2.73,7473.7
1974,5,7,4.8104,2.6888,7303
1974,5,8,4.6277,2.6753,7146.1
1974,5,9,4.4622,2.7351,7050.2
1974,5,10,4.28,2.7066,6946.6
1974,5,11,4.1761,2.7312,6781
1974,5,12,4.0184,2.7373,6634.2
1974,5,13,3.8353,2.7154,6531.7
1974,5,14,3.8954,2.8243,6638.2
1974,5,15,3.5477,2.6774,6374
1974,5,16,3.4017,2.6718,6331.7
1974,5,17,3.6046,3.108,6668.9
1974,5,18,2.9863,2.8129,6155.8
1974,5,19,2.8678,2.866,6281.5
1974,5,20,2.724,3.1443,6616.1
1974,5,21,2.5487,3.3485,6945.5
1974,5,22,2.2236,3.4815,6796.3
1974,5,23,2.0048,3.4793,6743.8
1974,5,24,2.2995,3.8199,7444.3
1974,5,25,1.5067,3.5927,6612.7
1974,5,26,1.2195,3.6667,6508.8
1974,5,27,0.98408,3.6598,6437.6
1974,5,28,0.76423,3.6778,6445.3
1974,5,29,0.57377,3.6241,6312.2
1974,5,30,0.86676,3.9438,7006.6
1974,5,31,0.74264,3.8202,6861.3
1974,6,1,0.60328,3.7292,6738
1974,6,2,0.49398,3.6052,6619
1974,6,3,0.39602,3.4786,6489.2
1974,6,4,0.31714,3.3307,6350.7
1974,6,5,0.35089,3.1218,6405.6
1974,6,6,0.54524,3.0322,7105.7
1974,6,7,0.63301,3.0417,7569.4
1974,6,8,0.61723,3.016,7692.6
1974,6,9,0.50251,2.8888,7350
1974,6,10,0.42902,2.844,7197.6
1974,6,11,0.36796,2.7624,7076.5
1974,6,12,0.33578,2.6935,7051.5
1974,6,13,0.28463,2.6173,6905.3
1974,6,14,0.25802,2.5119,6802.5
1974,6,15,0.52192,2.6875,7050.2
1974,6,16,0.49658,2.5731,6988.9
1974,6,17,0.46576,2.4751,6899.2
1974,6,18,0.21126,2.1273,6480
1974,6,19,0.19565,2.0456,6390.6
1974,6,20,0.18685,1.9587,6315.2
1974,6,21,0.17542,1.8725,6206.1
1974,6,22,0.15742,1.7693,6057.2
1974,6,23,0.14243,1.6787,5917.2
1974,6,24,0.12931,1.5889,5775.2
1974,6,25,0.1281,1.5111,5649
1974,6,26,0.12449,1.4347,5517.4
1974,6,27,0.12387,1.3606,5404.2
1974,6,28,0.12371,1.2903,5296.3
1974,6,29,0.11375,1.2086,5181.2
1974,6,30,0.10097,1.1255,5033.9
1974,7,1,0.096409,1.0717,4941.7
1974,7,2,0.10448,1.0419,4855.4
1974,7,3,0.2379,1.1985,5099.7
1974,7,4,0.23714,1.1511,5024.1
1974,7,5,0.10961,0.90592,4664
1974,7,6,0.11253,0.87481,4598.2
1974,7,7,0.11556,0.83885,4544
1974,7,8,0.12344,0.79452,4511.4
1974,7,9,0.22556,0.90722,4699.9
1974,7,10,0.21899,0.87716,4637.7
1974,7,11,0.20986,0.84783,4559.9
1974,7,12,0.10343,0.68875,4206.9
1974,7,13,0.10254,0.67075,4143.9
1974,7,14,0.19081,0.7674,4351.4
1974,7,15,0.18387,0.73529,4269.3
1974,7,16,0.18495,0.70649,4217.9
1974,7,17,0.19327,0.68949,4193
1974,7,18,0.19278,0.67233,4138.3
1974,7,19,0.18805,0.6495,4062.3
1974,7,20,0.18392,0.62749,3992.2
1974,7,21,0.18405,0.59939,3936.2
1974,7,22,0.18072,0.57708,3871.1
1974,7,23,0.17441,0.55628,3795.4
1974,7,24,0.17847,0.52729,3752.8
1974,7,25,0.17463,0.5091,3689.9
1974,7,26,0.16409,0.48242,3603.8
1974,7,27,0.14886,0.45554,3502.8
1974,7,28,0.13645,0.42596,3434.1
1974,7,29,0.32403,0.53195,3692.3
1974,7,30,0.3282,0.51296,3668
1974,7,31,0.33,0.50048,3635.8
1974,8,1,0.33405,0.48245,3609.7
1974,8,2,0.33782,0.47136,3584.1
1974,8,3,0.33792,0.46372,3545.9
1974,8,4,0.13628,0.35765,3214
1974,8,5,0.14525,0.36017,3202.5
1974,8,6,0.15159,0.36259,3178.1
1974,8,7,0.15416,0.35999,3143.2
1974,8,8,0.15601,0.3571,3106.9
1974,8,9,0.15227,0.34027,3051.6
1974,8,10,0.33138,0.40142,3269.3
1974,8,11,0.40658,0.45633,3411.1
1974,8,12,0.46124,0.50039,3501.5
1974,8,13,0.4893,0.512,3529.7
1974,8,14,0.50801,0.51152,3542.8
1974,8,15,0.83749,0.83799,4387.5
1974,8,16,0.92945,0.8875,4621.4
1974,8,17,0.96031,0.86634,4693.7
1974,8,18,0.96605,0.82617,4701.1
1974,8,19,0.95951,0.77507,4675.9
1974,8,20,0.9502,0.72561,4671
1974,8,21,1.1449,0.91341,4976.5
1974,8,22,1.1634,0.92011,5100.1
1974,8,23,1.1434,0.87992,5006.8
1974,8,24,1.1456,0.85789,5036.1
1974,8,25,0.82904,0.68106,4555.8
1974,8,26,0.81907,0.69099,4557.7
1974,8,27,0.80498,0.70076,4548.5
1974,8,28,1.0844,0.81249,4935.2
1974,8,29,1.0624,0.80339,4866.7
1974,8,30,1.0543,0.8148,4948.6
1974,8,31,1.0392,0.80915,4885.6
1974,9,1,1.018,0.80037,4831.4
1974,9,2,0.95366,0.7739,4742.4
1974,9,3,0.94533,0.78881,4759.3
1974,9,4,0.93427,0.80361,4760.8
1974,9,5,0.84488,0.80131,4612.8
1974,9,6,0.83196,0.80661,4622.8
1974,9,7,0.90964,0.80993,4736.7
1974,9,8,0.89125,0.81244,4688.1
1974,9,9,0.87325,0.81338,4641.6
1974,9,10,1.1276,0.83588,4785.2
1974,9,11,1.1234,0.82393,4776
1974,9,12,1.1032,0.81486,4717.6
1974,9,13,1.0864,0.80418,4671.5
1974,9,14,1.0749,0.7987,4662.1
1974,9,15,1.0684,0.80142,4648.9
1974,9,16,1.0708,0.79358,4652.9
1974,9,17,1.0786,0.81176,4689.9
1974,9,18,0.8672,0.78264,4584.9
1974,9,19,1.0841,0.81381,4684.2
1974,9,20,1.0651,0.79892,4631.8
1974,9,21,0.99615,0.78666,4568.5
1974,9,22,0.98998,0.78572,4536.9
1974,9,23,0.99483,0.79545,4552.2
1974,9,24,0.99842,0.7979,4553.2
1974,9,25,0.98349,0.78755,4516.9
1974,9,26,0.9861,0.79254,4516.9
1974,9,27,0.98298,0.78183,4498.6
1974,9,28,1.2301,0.80701,4566
1974,9,29,1.1736,0.78711,4524.7
1974,9,30,1.1794,0.78398,4495
1974,10,1,3.8292,1.172,4449.6
1974,10,2,3.8357,1.1856,4512.9
1974,10,3,3.871,1.1772,4509.4
1974,10,4,3.903,1.1636,4492.8
1974,10,5,3.9454,1.2228,4642.1
1974,10,6,3.9363,1.214,4654.9
1974,10,7,3.9096,1.3077,4847.1
1974,10,8,3.8801,1.2655,4803.8
1974,10,9,3.8967,1.2325,4754.6
1974,10,10,2.0507,0.92985,4500.7
1974,10,11,3.9127,1.1728,4682.9
1974,10,12,3.9228,1.1536,4663.7
1974,10,13,3.9292,1.1299,4641.9
1974,10,14,3.9346,1.1169,4635
1974,10,15,3.8382,1.1106,4677.2
1974,10,16,3.6,1.0691,4649.9
1974,10,17,2.7698,0.92784,4499.6
1974,10,18,2.7801,0.92568,4502.6
1974,10,19,2.7842,0.93227,4495.3
1974,10,20,2.7885,0.93356,4489.8
1974,10,21,2.8051,0.93194,4483.2
1974,10,22,2.8223,0.93132,4475.4
1974,10,23,2.8395,0.93056,4467.1
1974,10,24,2.8607,0.92999,4458.7
1974,10,25,2.8781,0.92901,4450
1974,10,26,2.8942,0.92815,4441.2
1974,10,27,2.9087,0.92783,4432.2
1974,10,28,2.9233,0.9262,4424.8
1974,10,29,2.9381,0.92215,4419.3
1974,10,30,2.9514,0.91829,4413.6
1974,10,31,2.9607,0.91514,4407.3
1974,11,1,2.8178,0.90596,4410
1974,11,2,2.8248,0.89763,4408.8
1974,11,3,2.8305,0.89628,4405.5
1974,11,4,2.8474,0.75755,4551
1974,11,5,2.8613,0.70027,4607.8
1974,11,6,2.8719,0.65578,4632.1
1974,11,7,2.8824,0.62018,4649.4
1974,11,8,2.8676,0.87686,4378.9
1974,11,9,2.876,0.87264,4375.5
1974,11,10,2.8813,0.87027,4369.7
1974,11,11,2.8139,0.7231,4496.8
1974,11,12,2.8254,0.67144,4533.2
1974,11,13,2.8272,0.62208,4547
1974,11,14,2.8313,0.5751,4565.6
1974,11,15,2.8363,0.53313,4580.7
1974,11,16,2.8396,0.49824,4590.9
1974,11,17,2.8418,0.46806,4596.9
1974,11,18,2.8438,0.44343,4597.9
1974,11,19,2.8438,0.42401,4594.5
1974,11,20,2.8482,0.39994,4596.2
1974,11,21,2.8455,0.38715,4585.4
1974,11,22,2.8456,0.37075,4586
1974,11,23,2.8479,0.35308,4591.9
1974,11,24,2.8496,0.33769,4594
1974,11,25,2.8536,0.32033,4598.2
1974,11,26,2.8555,0.30683,4593.2
1974,11,27,2.8598,0.29171,4590.3
1974,11,28,2.864,0.27794,4585.5
1974,11,29,2.8703,0.26318,4587
1974,11,30,2.876,0.24967,4585.9
1974,12,1,2.8809,0.23867,4578.3
1974,12,2,2.8837,0.2297,4563.5
1974,12,3,2.8889,0.21873,4557.4
1974,12,4,2.8927,0.20903,4546.3
1974,12,5,2.8953,0.20104,4530.8
1974,12,6,2.8977,0.19335,4515.1
1974,12,7,2.9014,0.18461,4505.9
1974,12,8,2.9032,0.1774,4489
1974,12,9,2.9054,0.16991,4473.5
1974,12,10,2.9071,0.16303,4456.6
1974,12,11,2.9085,0.1566,4439.6
1974,12,12,2.9093,0.15017,4421.7
1974,12,13,2.9105,0.14345,4405.5
1974,12,14,2.9115,0.13644,4389.1
1974,12,15,2.9128,0.12928,4370.4
1974,12,16,2.9149,0.12182,4351.4
1974,12,17,2.9166,0.1145,4331.4
1974,12,18,2.918,0.10766,4311.3
1974,12,19,2.9191,0.10123,4291.1
1974,12,20,2.9203,0.094756,4274.4
1974,12,21,2.9208,0.088537,4253.6
1974,12,22,2.9211,0.082525,4234.1
1974,12,23,2.922,0.076315,4212
1974,12,24,2.9223,0.070729,4189.7
1974,12,25,2.9221,0.065095,4166.9
1974,12,26,2.9213,0.059436,4143
1974,12,27,2.9203,0.054078,4119
1974,12,28,2.9189,0.048976,4095
1974,12,29,2.9173,0.043805,4070.1
1974,12,30,2.9155,0.03885,4045.2
1974,12,31,2.9134,0.034078,4020.3