"date","Obs_TP","Obs_chla","Obs_TDP","Obs_PP","obs.O2.4m","obs.O2.6m","obs.O2.8m","obs.O2.10m","Year","Month","Day","PropBiomass","nondiazoPP","diazoPP"
1969-06-26,7,2.7,6,1,,,,,1969,6,26,1,1,0
1969-07-03,10,9.7,9,1,,,,,1969,7,3,1,1,0
1969-07-07,5,10.1,3,2,,,,,1969,7,7,1,2,0
1969-07-09,,,,,,,,,1969,7,9,1,,
1969-07-17,20,10.2,16,4,,,,,1969,7,17,1,4,0
1969-07-22,,,,,,,,,1969,7,22,1,,
1969-07-24,28,13.2,12,16,,,,,1969,7,24,1,16,0
1969-07-30,46,15,13,33,,,,,1969,7,30,1,33,0
1969-08-03,,,,,,,,,1969,8,3,1,,
1969-08-07,34,24.1,5,29,,,0.01,,1969,8,7,1,29,0
1969-08-20,28,8.5,8,20,,,,,1969,8,20,1,20,0
1969-08-22,,,,,,,,,1969,8,22,1,,
1969-08-27,28,13.4,6,22,,,,,1969,8,27,1,22,0
1969-09-03,9,43.5,9,,,,,,1969,9,3,1,,
1969-09-08,27,38.8,2,25,,,,,1969,9,8,1,25,0
1969-09-17,19,48.1,4,15,,,,,1969,9,17,1,15,0
1969-09-24,3,51.8,3,,,,,,1969,9,24,1,,
1969-10-01,7,41.2,7,,,,,,1969,10,1,1,,
1969-10-16,24,13.1,10,14,,,,,1969,10,16,1,14,0
1969-10-29,11,8.9,5,6,,,,,1969,10,29,1,6,0
1969-11-12,,,,,,,,,1969,11,12,1,,
1969-12-09,,,,,9.39,,,,1969,12,9,1,,
1970-05-08,,,,,2.16,0.78,0.01,0.01,1970,5,8,1,,
1970-05-16,,5.6,,,2.76,0.35,0.01,0.01,1970,5,16,1,,
1970-05-18,,,,,,,,,1970,5,18,1,,
1970-05-19,,2.5,,,,,,,1970,5,19,1,,
1970-05-25,14,1,7,7,7.3,,0.01,0.01,1970,5,25,1,7,0
1970-05-26,21,4.2,9,12,,,,,1970,5,26,1,12,0
1970-05-27,16,4.3,3,13,7.66,0.7,0.01,0.01,1970,5,27,1,13,0
1970-06-02,16,7.9,4,12,9.8,1.4,0.04,0.01,1970,6,2,1,12,0
1970-06-09,17,11.5,1,16,6.9,1.7,0.01,0.01,1970,6,9,1,16,0
1970-06-09,17,11.5,1,16,6.9,1.7,0.01,0.01,1970,6,9,1,16,0
1970-06-16,22,18.2,5,17,6.2,0.08,0.01,0.01,1970,6,16,1,17,0
1970-06-16,22,18.2,5,17,6.2,0.08,0.01,0.01,1970,6,16,1,17,0
1970-06-16,22,18.2,5,17,6.2,0.08,0.01,0.01,1970,6,16,1,17,0
1970-06-23,29,23.8,7,22,5.04,0.12,0.01,0.01,1970,6,23,1,22,0
1970-06-23,29,23.8,7,22,5.04,0.12,0.01,0.01,1970,6,23,1,22,0
1970-06-23,29,23.8,7,22,5.04,0.12,0.01,0.01,1970,6,23,1,22,0
1970-06-30,22,32.6,1,21,9.63,0.05,0.01,0.01,1970,6,30,1,21,0
1970-06-30,22,32.6,1,21,9.63,0.05,0.01,0.01,1970,6,30,1,21,0
1970-06-30,22,32.6,1,21,9.63,0.05,0.01,0.01,1970,6,30,1,21,0
1970-07-07,26,24,3,23,12.06,0.01,0.01,0.01,1970,7,7,1,23,0
1970-07-07,26,24,3,23,12.06,0.01,0.01,0.01,1970,7,7,1,23,0
1970-07-07,26,24,3,23,12.06,0.01,0.01,0.01,1970,7,7,1,23,0
1970-07-14,36,35.1,7,29,7,0.88,0.01,0.01,1970,7,14,1,29,0
1970-07-14,36,35.1,7,29,7,0.88,0.01,0.01,1970,7,14,1,29,0
1970-07-21,49,60.8,9,40,11.32,0.19,0.01,,1970,7,21,1,40,0
1970-07-21,49,60.8,9,40,11.32,0.19,0.01,,1970,7,21,1,40,0
1970-07-28,21,4.5,3,18,,0.2,0.01,0.01,1970,7,28,1,18,0
1970-07-28,21,4.5,3,18,,0.2,0.01,0.01,1970,7,28,1,18,0
1970-08-04,29,63.5,,29,4,0.01,0.01,0.01,1970,8,4,1,29,0
1970-08-04,29,63.5,,29,4,0.01,0.01,0.01,1970,8,4,1,29,0
1970-08-04,29,63.5,,29,4,0.01,0.01,0.01,1970,8,4,1,29,0
1970-08-11,40,59,6,34,2.9,0.74,0.01,0.01,1970,8,11,1,34,0
1970-08-11,40,59,6,34,2.9,0.74,0.01,0.01,1970,8,11,1,34,0
1970-08-11,40,59,6,34,2.9,0.74,0.01,0.01,1970,8,11,1,34,0
1970-08-18,50,69.5,,50,8.87,0.33,0.01,0.01,1970,8,18,1,50,0
1970-08-18,50,69.5,,50,8.87,0.33,0.01,0.01,1970,8,18,1,50,0
1970-08-18,50,69.5,,50,8.87,0.33,0.01,0.01,1970,8,18,1,50,0
1970-08-25,43,58.4,9,34,8.2,1.52,0.01,0.01,1970,8,25,1,34,0
1970-08-25,43,58.4,9,34,8.2,1.52,0.01,0.01,1970,8,25,1,34,0
1970-09-01,37,50.5,12,25,9.43,1.18,0.01,0.01,1970,9,1,1,25,0
1970-09-08,49,42.4,16,33,8.5,0.05,0.01,,1970,9,8,1,33,0
1970-09-15,38,28,10,28,10.05,0.47,0.01,0.01,1970,9,15,1,28,0
1970-09-15,38,28,10,28,10.05,0.47,0.01,0.01,1970,9,15,1,28,0
1970-09-22,24,15.7,7,17,9.48,1.07,0.01,0.01,1970,9,22,1,17,0
1970-09-29,33,5.8,13,20,7.57,0.01,0.01,0.01,1970,9,29,1,20,0
1970-09-29,33,5.8,13,20,7.57,0.01,0.01,0.01,1970,9,29,1,20,0
1970-10-06,35,5.6,14,21,6.5,3.8,0.01,0.01,1970,10,6,1,21,0
1970-10-13,34,7.8,12,22,6.51,6.57,6.53,6.52,1970,10,13,1,22,0
1970-10-13,34,7.8,12,22,6.51,6.57,6.53,6.52,1970,10,13,1,22,0
1970-10-20,9,9.4,9,,6.96,6.37,5.5,2.63,1970,10,20,1,,
1970-10-20,9,9.4,9,,6.96,6.37,5.5,2.63,1970,10,20,1,,
1970-10-27,26,8.3,8,18,7.38,5.5,3.12,0.01,1970,10,27,1,18,0
1970-10-27,26,8.3,8,18,7.38,5.5,3.12,0.01,1970,10,27,1,18,0
1970-11-10,,,,,8.75,8.59,8.62,2.8,1970,11,10,1,,
1970-12-09,,,,,7.7,6.9,6.7,0.01,1970,12,9,1,,
1971-01-19,,,,,4.18,3.84,0.6,0.24,1971,1,19,1,,
1971-02-23,,,,,1.38,0.5,0.5,0.01,1971,2,23,1,,
1971-03-31,,,,,0.01,0.01,0.01,0.01,1971,3,31,1,,
1971-05-04,,,,,7.2,2.05,0.01,0.01,1971,5,4,1,,
1971-05-11,,,,,6,1.55,0.01,0.01,1971,5,11,1,,
1971-05-18,13,5.8,6,7,7.85,6.09,0.01,0.01,1971,5,18,1,7,0
1971-05-18,13,5.8,6,7,7.85,6.09,0.01,0.01,1971,5,18,1,7,0
1971-05-25,47,13.3,33,14,10.91,0.63,0.01,,1971,5,25,1,14,0
1971-05-25,47,13.3,33,14,10.91,0.63,0.01,,1971,5,25,1,14,0
1971-06-01,50,11.1,50,,11,0.45,0.01,0.01,1971,6,1,1,,
1971-06-01,50,11.1,50,,11,0.45,0.01,0.01,1971,6,1,1,,
1971-06-08,19,25.9,1,18,11.6,0.11,0.01,0.01,1971,6,8,1,18,0
1971-06-08,19,25.9,1,18,11.6,0.11,0.01,0.01,1971,6,8,1,18,0
1971-06-15,86,27.2,14,72,11.25,0.68,0.01,0.01,1971,6,15,1,72,0
1971-06-22,19,21.7,8,11,10.69,0.01,0.01,,1971,6,22,1,11,0
1971-06-22,19,21.7,8,11,10.69,0.01,0.01,,1971,6,22,1,11,0
1971-06-25,,,,,,,,,1971,6,25,1,,
1971-06-29,27,16.6,14,13,10.99,0.01,0.01,0.01,1971,6,29,1,13,0
1971-06-29,27,16.6,14,13,10.99,0.01,0.01,0.01,1971,6,29,1,13,0
1971-07-06,30,30.4,11,19,6.03,0.01,0.01,0.01,1971,7,6,1,19,0
1971-07-06,30,30.4,11,19,6.03,0.01,0.01,0.01,1971,7,6,1,19,0
1971-07-13,39,38.4,15,24,9.47,0.01,0.01,0.01,1971,7,13,1,24,0
1971-07-13,39,38.4,15,24,9.47,0.01,0.01,0.01,1971,7,13,1,24,0
1971-07-20,24,33.9,,24,10.15,0.01,0.01,0.01,1971,7,20,1,24,0
1971-07-27,20,7.9,11,9,9.34,0.01,0.01,0.01,1971,7,27,1,9,0
1971-07-27,20,7.9,11,9,9.34,0.01,0.01,0.01,1971,7,27,1,9,0
1971-08-03,30,6.2,14,16,8.63,0.01,0.01,0.01,1971,8,3,1,16,0
1971-08-10,20,13.5,4,16,10.1,0.01,0.01,0.01,1971,8,10,1,16,0
1971-08-10,20,13.5,4,16,10.1,0.01,0.01,0.01,1971,8,10,1,16,0
1971-08-17,25,31.5,6,19,8.99,0.01,0.01,0.01,1971,8,17,1,19,0
1971-08-24,24,37.6,3,21,7.49,0.38,0.01,0.01,1971,8,24,1,21,0
1971-08-24,24,37.6,3,21,7.49,0.38,0.01,0.01,1971,8,24,1,21,0
1971-08-31,45,34.8,18,27,3.7,0.01,0.01,0.01,1971,8,31,1,27,0
1971-09-07,40,18.7,13,27,4.13,0.01,0.01,0.01,1971,9,7,1,27,0
1971-09-07,40,18.7,13,27,4.13,0.01,0.01,0.01,1971,9,7,1,27,0
1971-09-14,41,15.7,6,35,2.56,0.01,0.01,0.01,1971,9,14,1,35,0
1971-09-21,34,11.1,9,25,6.86,0.01,0.01,0.01,1971,9,21,1,25,0
1971-09-21,34,11.1,9,25,6.86,0.01,0.01,0.01,1971,9,21,1,25,0
1971-09-28,26,11.6,11,15,7.1,0.13,0.01,,1971,9,28,1,15,0
1971-10-05,23,9.8,11,12,5.38,0.42,0.01,0.01,1971,10,5,1,12,0
1971-10-12,29,13.7,15,14,6.34,3.93,0.01,0.01,1971,10,12,1,14,0
1971-10-19,17,12.3,10,7,6.92,5.42,0.01,0.01,1971,10,19,1,7,0
1971-10-26,19,11.9,10,9,7.51,5.66,0.01,0.01,1971,10,26,1,9,0
1971-11-09,,,,,8.2,7.84,7.54,7.26,1971,11,9,1,,
1971-12-16,,,,,6.4,,,,1971,12,16,1,,
1972-01-18,,,,,6.25,2.96,1.62,0.01,1972,1,18,1,,
1972-02-15,,,,,1.2,0.01,0.01,0.01,1972,2,15,1,,
1972-04-06,,,,,0.15,0.01,0.01,0.01,1972,4,6,1,,
1972-05-09,,,,,2.2,0.2,0.01,0.01,1972,5,9,1,,
1972-05-09,,,,,2.2,0.2,0.01,0.01,1972,5,9,1,,
1972-05-16,12,6.8,5,7,2.75,0.01,0.01,0.01,1972,5,16,1,7,0
1972-05-30,38,41.7,9,29,5,0.13,0.01,0.01,1972,5,30,1,29,0
1972-06-13,47,68.2,8,39,4.08,0.09,0.01,0.01,1972,6,13,1,39,0
1972-06-27,57,65.1,7,50,3.71,0.01,0.01,,1972,6,27,1,50,0
1972-07-11,59,126,9,50,2.1,0.01,0.01,0.01,1972,7,11,1,50,0
1972-07-25,80,161,11,69,0.91,0.01,0.01,0.01,1972,7,25,1,69,0
1972-08-08,85,68.3,22,63,0.4,0.01,0.01,0.01,1972,8,8,1,63,0
1972-08-22,57,25.9,14,43,0.29,0.01,0.01,0.01,1972,8,22,1,43,0
1972-09-05,61,35.4,15,46,0.5,0.01,0.01,0.01,1972,9,5,1,46,0
1972-09-19,44,42.7,18,26,1.51,0.04,0.01,0.01,1972,9,19,1,26,0
1972-09-26,,,,,,,,,1972,9,26,1,,
1972-10-03,62,47.8,16,46,9.21,2.06,0.01,0.01,1972,10,3,1,46,0
1972-10-17,47,48.8,14,33,9.4,,8.5,0.01,1972,10,17,1,33,0
1972-12-12,,,,,7.87,6.69,2.1,0.01,1972,12,12,1,,
1973-01-23,,,,,5.32,0.83,0.11,0.01,1973,1,23,1,,
1973-02-20,,,,,1.6,0.1,0.01,0.01,1973,2,20,1,,
1973-03-20,,,,,0.25,0.42,0.01,0.01,1973,3,20,1,,
1973-04-12,,,,,2.74,0.05,0.01,0.01,1973,4,12,1,,
1973-05-02,,,,,4.68,0.01,0.01,0.01,1973,5,2,1,,
1973-05-15,,,,,5.28,0.01,0.01,0.01,1973,5,15,1,,
1973-05-28,21,14.2,7,14,5.04,0.01,0.01,0.01,1973,5,28,1,14,0
1973-06-11,50,52.6,7,43,10.65,0.01,0.01,0.01,1973,6,11,1,43,0
1973-06-25,56,110,9,47,3.5,0.01,0.01,0.01,1973,6,25,1,47,0
1973-07-09,73,155,8,65,2.3,0.01,0.01,0.01,1973,7,9,1,65,0
1973-07-23,76,191,19,57,0.01,0.01,0.01,0.01,1973,7,23,1,57,0
1973-08-06,56,23.3,12,44,0.01,0.01,0.01,0.01,1973,8,6,1,44,0
1973-08-20,43,16.9,10,33,0.01,0.01,0.01,0.01,1973,8,20,1,33,0
1973-09-03,24,14.2,9,15,0.01,0.01,0.01,0.01,1973,9,3,1,15,0
1973-09-17,29,20.6,6,23,1.75,0.01,0.01,0.01,1973,9,17,1,23,0
1973-10-01,163,24.9,9,154,9,0.01,0.01,0.01,1973,10,1,1,154,0
1973-10-15,30,61.9,7,23,8.33,0.01,0.01,,1973,10,15,1,23,0
1973-10-29,12,23.3,12,,7.46,6.64,0.01,0.01,1973,10,29,1,,
1973-11-06,,,,,6.83,6.85,6.1,0.01,1973,11,6,1,,
1973-12-18,,,,,1.58,0.12,0.01,0.01,1973,12,18,1,,
1974-01-22,,,,,0.02,0.01,0.01,0.01,1974,1,22,1,,
1974-02-26,,,,,0.01,0.01,0.01,0.01,1974,2,26,1,,
1974-04-02,,,,,0.01,0.01,0.01,0.01,1974,4,2,1,,
1974-05-06,,,,,0.01,0.01,0.01,0.01,1974,5,6,1,,
1974-05-21,12,4.8,6,6,2.89,0.01,0.01,0.01,1974,5,21,1,6,0
1974-05-28,,10.3,,,,,,,1974,5,28,1,,
1974-05-28,,10.3,,,,,,,1974,5,28,1,,
1974-06-04,22,23.7,6,16,2.58,0.01,0.01,0.01,1974,6,4,1,16,0
1974-06-18,41,57.1,8,33,3.7,0.01,0.01,0.01,1974,6,18,1,33,0
1974-07-02,54,55.7,11,43,0.4,0.01,0.01,0.01,1974,7,2,1,43,0
1974-07-16,35,14.4,11,24,4.61,0.01,0.01,0.01,1974,7,16,1,24,0
1974-07-30,28,17,12,16,1.57,0.01,0.01,0.01,1974,7,30,1,16,0
1974-08-13,42,52.9,10,32,0.98,0.01,0.01,0.01,1974,8,13,1,32,0
1974-08-27,37,29.6,9,28,1.2,0.01,0.01,0.01,1974,8,27,1,28,0
1974-09-03,,31.9,,,,,,,1974,9,3,1,,
1974-09-03,,31.9,,,,,,,1974,9,3,1,,
1974-09-10,38,43.4,10,28,4.35,0.01,0.01,0.01,1974,9,10,1,28,0
1974-09-24,43,33.9,9,34,9.61,0.01,0.01,0.01,1974,9,24,1,34,0
1974-10-08,39,46.3,8,31,7.5,7.3,2,0.01,1974,10,8,1,31,0
1974-10-22,36,44.5,8,28,7.12,6.62,6.55,6.55,1974,10,22,1,28,0
1974-11-05,,,,,8.7,8.4,8.12,8,1974,11,5,1,,
1974-11-21,,,,,9.2,8.8,8.5,5.9,1974,11,21,1,,
1974-12-11,,,,,8.55,7.92,2.36,0.01,1974,12,11,1,,
1975-01-22,,,,,6.28,1.02,0.01,0.01,1975,1,22,,,
1975-03-04,,,,,5.2,2.52,0.01,0.01,1975,3,4,,,
1975-04-01,,,,,3.09,0.01,0.01,0.01,1975,4,1,,,
1975-05-13,,,,,4.89,0.01,0.01,0.01,1975,5,13,1,,
1975-05-27,22,7.6,7,15,,,,,1975,5,27,1,15,0
1975-06-10,42,21.3,8,34,2.61,0.01,0.01,0.01,1975,6,10,1,34,0
1975-06-24,31,17.6,8,23,,,,,1975,6,24,1,23,0
1975-07-08,39,30.5,13,26,0.6,0.01,0.01,0.01,1975,7,8,0.968998268168778,25.1939549723882,0.806045027611772
1975-07-22,48,16.4,16,32,,,,,1975,7,22,0.997471853245312,31.91909930385,0.0809006961500174
1975-08-05,32,19,12,20,8.05,0.01,0.01,0.01,1975,8,5,,,
1975-08-19,32,8.9,10,22,,,,,1975,8,19,0.996994308910286,21.9338747960263,0.066125203973709
1975-09-02,34,15.8,11,23,11.2,0.01,0.01,0.01,1975,9,2,0.929530902769787,21.3792107637051,1.6207892362949
1975-09-16,31,15.9,9,22,,,,,1975,9,16,0.760398427708852,16.7287654095947,5.27123459040526
1975-09-16,31,15.9,9,22,,,,,1975,9,16,0.754011580487039,16.5882547707149,5.41174522928514
1975-09-30,33,28.2,14,19,9.32,0.01,0.01,0.01,1975,9,30,0.754011580487039,14.3262200292537,4.67377997074626
1975-09-30,33,28.2,14,19,9.32,0.01,0.01,0.01,1975,9,30,0.595212235462358,11.3090324737848,7.6909675262152
1975-10-14,24,8,9,15,,,,,1975,10,14,0.595212235462358,8.92818353193537,6.07181646806463
1975-10-14,24,8,9,15,,,,,1975,10,14,0.88774512677613,13.316176901642,1.68382309835805
1975-10-14,24,8,9,15,,,,,1975,10,14,1,15,0
1975-10-28,20,29.5,7,13,7.38,7.14,0.25,0.01,1975,10,28,1,13,0
1975-10-28,20,29.5,7,13,7.38,7.14,0.25,0.01,1975,10,28,1,13,0
1975-10-28,20,29.5,7,13,7.38,7.14,0.25,0.01,1975,10,28,0.549025210707837,7.13732773920188,5.86267226079812
1975-10-28,20,29.5,7,13,7.38,7.14,0.25,0.01,1975,10,28,1,13,0
1976-01-07,,,,,7.31,5.33,0.01,0.01,1976,1,7,1,,
1976-04-02,,,,,1.4,0.01,0.01,0.01,1976,4,2,,,
1976-05-11,,,,,11.05,3.95,0.01,0.01,1976,5,11,1,,
1976-05-11,,,,,11.05,3.95,0.01,0.01,1976,5,11,1,,
1976-05-25,15,1.7,6,9,,,,,1976,5,25,1,9,0
1976-05-25,15,1.7,6,9,,,,,1976,5,25,0.990927817053143,8.91835035347829,0.0816496465217127
1976-06-08,26,19.7,6,20,14.4,0.09,0.01,0.01,1976,6,8,0.990927817053143,19.8185563410629,0.181443658937139
1976-06-08,26,19.7,6,20,14.4,0.09,0.01,0.01,1976,6,8,0.977430544473141,19.5486108894628,0.451389110537179
1976-06-22,30,33.9,9,21,,,,,1976,6,22,0.977430544473141,20.526041433936,0.473958566064038
1976-06-22,30,33.9,9,21,,,,,1976,6,22,0.950810245728872,19.9670151603063,1.03298483969369
1976-07-06,30,17.6,9,21,15.25,0.2,0.01,0.01,1976,7,6,0.950810245728872,19.9670151603063,1.03298483969369
1976-07-06,30,17.6,9,21,15.25,0.2,0.01,0.01,1976,7,6,0.926767703971154,19.4621217833942,1.53787821660576
1976-07-20,31,14.2,10,21,,,,,1976,7,20,0.926767703971154,19.4621217833942,1.53787821660576
1976-07-20,31,14.2,10,21,,,,,1976,7,20,0.946021015861353,19.8664413330884,1.13355866691159
1976-08-03,29,29.3,9,20,14.77,0.01,0.01,0.01,1976,8,3,0.946021015861353,18.9204203172271,1.07957968277294
1976-08-03,29,29.3,9,20,14.77,0.01,0.01,0.01,1976,8,3,0.808952234989702,16.179044699794,3.82095530020596
1976-08-17,31,26.8,8,23,,,,,1976,8,17,0.808952234989702,18.6059014047631,4.39409859523685
1976-08-31,29,19.9,9,20,11.52,0.01,0.01,0.01,1976,8,31,0.892379587840107,17.8475917568021,2.15240824319786
1976-08-31,29,19.9,9,20,11.52,0.01,0.01,0.01,1976,8,31,0.976941829307983,19.5388365861597,0.46116341384034
1976-09-14,28,20,6,22,,,,,1976,9,14,0.976941829307983,21.4927202447756,0.507279755224374
1976-09-14,28,20,6,22,,,,,1976,9,14,0.983453434471239,21.6359755583673,0.364024441632742
1976-09-28,30,29.3,7,23,9.92,5.23,0.01,0.01,1976,9,28,0.983453434471239,22.6194289928385,0.380571007161503
1976-09-28,30,29.3,7,23,9.92,5.23,0.01,0.01,1976,9,28,1,23,0
1976-10-12,44,66.2,6,38,,,,,1976,10,12,1,38,0
1976-10-12,44,66.2,6,38,,,,,1976,10,12,1,38,0
1976-12-16,,,,,8.33,6.38,0.1,,1976,12,16,,,
1977-01-25,,,,,7.4,6.2,0.11,,1977,1,25,,,
1977-03-03,,,,,0.81,0.01,0.01,,1977,3,3,,,
1977-03-29,,,,,0.3,0.01,0.01,0.01,1977,3,29,,,
1977-05-03,,,,,2.65,0.01,0.01,0.01,1977,5,3,1,,
1977-05-17,25,10.4,11,14,,,,,1977,5,17,0.998936121195232,13.9851056967332,0.0148943032667519
1977-05-31,23,6.2,10,13,3.2,0.01,0.01,0.01,1977,5,31,1,13,0
1977-06-14,26,14.8,9,17,,,,,1977,6,14,0.991365671491447,16.8532164153546,0.1467835846454
1977-06-28,30,3.4,9,21,12.39,0.22,0.01,0.01,1977,6,28,0.839620204772552,17.6320243002236,3.36797569977641
1977-07-12,46,11.8,13,33,,,,,1977,7,12,,,
1977-07-26,38,22.9,13,25,13.05,0.01,0.01,0.01,1977,7,26,0.877260696374472,21.9315174093618,3.0684825906382
1977-08-09,44,28.1,15,29,,,,,1977,8,9,0.269925205633369,7.8278309633677,21.1721690366323
1977-08-23,41,28.3,10,31,5.7,0.01,0.01,0.01,1977,8,23,0.152654529246736,4.73229040664882,26.2677095933512
1977-09-07,19,20.7,13,6,,,,,1977,9,7,0.0998371616304203,0.599022969782522,5.40097703021748
1977-09-20,41,26.9,11,30,0.57,0.01,0.01,0.01,1977,9,20,0.32491959379978,9.7475878139934,20.2524121860066
1977-10-04,28,16.9,10,18,,,,,1977,10,4,0.980179953094895,17.6432391557081,0.356760844291889
1977-10-18,37,32.7,8,29,8.61,4.56,0.01,0.01,1977,10,18,1,29,0
1977-11-01,,,,,10.37,9.66,0.01,0.01,1977,11,1,0.994022460318537,,
1977-12-13,,,,,4.02,0.38,0.01,0.01,1977,12,13,,,
1978-01-10,,,,,0.72,0.24,0.01,0.01,1978,1,10,,,
1978-02-13,,,,,0.01,0.01,0.01,0.01,1978,2,13,,,
1978-03-13,,,,,0.01,0.01,0.01,0.01,1978,3,13,,,
1978-05-09,,,,,0.01,0.01,0.01,0.01,1978,5,9,1,,
1978-05-16,,,,,,,,,1978,5,16,1,,
1978-05-23,19,5.7,6,13,,,,,1978,5,23,,,
1978-06-06,22,11.6,8,14,0.25,0.01,0.01,0.01,1978,6,6,0.99272121210928,13.8980969695299,0.10190303047008
1978-06-20,26,11,8,18,,,,,1978,6,20,,,
1978-07-04,23,7.7,9,14,10.86,0.01,0.01,0.01,1978,7,4,,,
1978-07-18,32,17.2,12,20,,,,,1978,7,18,,,
1978-08-01,32,21.4,11,21,10.91,0.01,0.01,0.01,1978,8,1,0.794811543348613,16.6910424103209,4.30895758967913
1978-08-15,47,21,11,36,,,,,1978,8,15,,,
1978-08-20,,,,,,,,,1978,8,20,,,
1978-08-29,61,39.6,12,49,2.7,0.01,0.01,0.01,1978,8,29,,,
1978-09-12,61,59.4,11,50,,,,,1978,9,12,0.804652668042687,40.2326334021343,9.76736659786565
1978-09-26,62,41.7,14,48,8.13,0.01,0.01,0.01,1978,9,26,0.914814719235986,43.9111065233273,4.08889347667267
1978-10-10,56,41.4,9,47,,,,,1978,10,10,,,
1978-10-24,54,46.4,7,47,7.86,8.01,0.01,0.01,1978,10,24,,,
1978-12-06,,,,,6.54,5.18,0.28,0.01,1978,12,6,,,
1979-01-10,,,,,3.03,0.23,0.01,0.01,1979,1,10,,,
1979-02-14,,,,,0.31,0.01,0.01,0.01,1979,2,14,,,
1979-03-28,,,,,0.11,0.01,0.01,0.01,1979,3,28,,,
1979-05-22,32,33.1,6,26,4.8,0.3,0.01,0.01,1979,5,22,1,26,0
1979-05-22,32,33.1,6,26,4.8,0.3,0.01,0.01,1979,5,22,0.993155496996465,25.8220429219081,0.17795707809191
1979-06-05,49,34,10,39,,,,,1979,6,5,,,
1979-06-19,61,21.5,7,54,1.31,0.01,0.01,0.01,1979,6,19,0.993044015386934,53.6243768308944,0.375623169105565
1979-06-19,61,21.5,7,54,1.31,0.01,0.01,0.01,1979,6,19,0.939326292645825,50.7236198028746,3.27638019712545
1979-07-03,74,21.9,8,66,,,,,1979,7,3,,,
1979-07-17,99,21.9,17,82,0.19,0.01,0.01,0.01,1979,7,17,0.885817707143801,72.6370519857917,9.36294801420832
1979-07-17,99,21.9,17,82,0.19,0.01,0.01,0.01,1979,7,17,0.73243987952969,60.0600701214346,21.9399298785654
1979-07-31,94,30.6,15,79,,,,,1979,7,31,,,
1979-08-14,111,49.1,16,95,0.21,0.01,0.01,0.01,1979,8,14,0.335913866741842,31.911817340475,63.088182659525
1979-08-14,111,49.1,16,95,0.21,0.01,0.01,0.01,1979,8,14,0.299508450997946,28.4533028448049,66.5466971551951
1979-08-28,68,60.4,16,52,,,,,1979,8,28,,,
1979-09-11,59,56.4,13,46,0.07,0.01,0.01,0.01,1979,9,11,0.0436127738602039,2.00618759756938,43.9938124024306
1979-09-11,59,56.4,13,46,0.07,0.01,0.01,0.01,1979,9,11,0.167622682108161,7.71064337697541,38.2893566230246
1979-09-25,12,21.8,12,,,,,,1979,9,25,,,
1979-10-09,46,24.7,10,36,8.12,0.01,0.01,0.01,1979,10,9,0.827830821976626,29.8019095911585,6.19809040884146
1979-10-23,44,18.8,9,35,,,,,1979,10,23,0.963099173874166,33.7084710855958,1.29152891440419
1979-10-30,39,19.7,9,30,5.25,5.23,5.3,0.01,1979,10,30,0.988441412471621,29.6532423741486,0.34675762585137
1979-12-17,,,,,4.8,0.5,0.01,0.01,1979,12,17,,,
1980-01-22,,,,,0.92,0.56,0.01,0.01,1980,1,22,,,
1980-02-27,,,,,0.21,0.01,0.01,0.01,1980,2,27,,,
1980-03-19,,,,,0.41,0.01,0.01,0.01,1980,3,19,,,
1980-05-06,,,,,4.9,0.01,0.01,0.01,1980,5,6,0.894180222462447,,
1980-05-20,13,31.5,8,5,,,,,1980,5,20,0.983966717491454,4.91983358745727,0.0801664125427298
1980-06-05,84,17.6,24,60,5.49,0.01,0.01,0.01,1980,6,5,0.868451645232411,52.1070987139447,7.89290128605534
1980-06-17,71,41.3,9,62,,,,,1980,6,17,,,
1980-07-01,67,57.5,9,58,1.61,0.01,0.01,0.01,1980,7,1,0.382214177383947,22.1684222882689,35.8315777117311
1980-07-15,76,60.5,12,64,,,,,1980,7,15,0.375782209434938,24.050061403836,39.949938596164
1980-07-29,52,45,26,26,0.22,0.01,0.01,0.01,1980,7,29,0.338075493408171,8.78996282861245,17.2100371713876
1980-08-12,73,51.5,13,60,,,,,1980,8,12,0.423069021597435,25.3841412958461,34.6158587041539
1980-08-26,85,61.5,13,72,1.1,0.01,0.01,0.01,1980,8,26,0.727088034582843,52.3503384899647,19.6496615100353
1980-09-09,90,71.5,10,80,,,,,1980,9,9,0.588619516907094,47.0895613525675,32.9104386474325
1980-09-23,117,99.5,11,106,9.48,0.01,0.01,0.01,1980,9,23,0.680013812810115,72.0814641578722,33.9185358421278
1980-10-07,93,91,11,82,,,,,1980,10,7,0.931579025220504,76.3894800680813,5.61051993191868
1980-10-21,102,62,8,94,7.82,7.82,0.72,,1980,10,21,0.963387019301009,90.5583798142949,3.44162018570515
1980-12-08,,,,,5.64,4.1,0.06,0.01,1980,12,8,,,
1981-01-12,,,,,1.79,0.46,0.01,0.01,1981,1,12,,,
1981-02-09,,,,,0.26,0.01,0.01,0.01,1981,2,9,,,
1981-03-16,,,,,0.01,0.01,0.01,0.01,1981,3,16,,,
1981-05-04,,,,,7.4,3.6,0.005,0.005,1981,5,4,1,,
1981-05-18,,13.4,,,,,,,1981,5,18,1,,
1981-05-19,26,13.4,7,19,,,,,1981,5,19,1,19,0
1981-06-01,,18.4,,,,,,,1981,6,1,0.99559496710274,,
1981-06-02,24,18.4,2,22,10.04,0.09,0.005,0.005,1981,6,2,0.99559496710274,21.9030892762603,0.0969107237397204
1981-06-15,,16.3,,,,,,,1981,6,15,0.996191004105089,,
1981-06-16,50,11.4,8,42,,,,,1981,6,16,0.996191004105089,41.8400221724137,0.159977827586263
1981-06-29,,6.9,,,,,,,1981,6,29,0.98579250945401,,
1981-06-30,40,11.4,10,30,10,0.15,0.005,0.005,1981,6,30,0.98579250945401,29.5737752836203,0.426224716379701
1981-07-13,,9.8,,,,,,,1981,7,13,1,,
1981-07-14,42,5.7,8,34,,,,,1981,7,14,1,34,0
1981-07-27,,13,,,,,,,1981,7,27,0.351315696864209,,
1981-07-28,53,13.3,9,44,2.57,0.005,0.005,0.005,1981,7,28,0.351315696864209,15.4578906620252,28.5421093379748
1981-08-10,,18.8,,,,,,,1981,8,10,0.225602167177427,,
1981-08-11,55,38.5,9,46,,,,,1981,8,11,0.225602167177427,10.3776996901616,35.6223003098384
1981-08-24,,18.4,,,,,,,1981,8,24,0.244011669202335,,
1981-08-25,41,17.2,25,16,0.005,0.005,0.005,,1981,8,25,0.244011669202335,3.90418670723736,12.0958132927626
1981-08-26,,,,,,,,,1981,8,26,0.244011669202335,,
1981-09-08,59,18.2,9,50,,,,,1981,9,8,0.357303586817351,17.8651793408676,32.1348206591324
1981-09-21,,18.43,,,,,,,1981,9,21,0.62977376766856,,
1981-09-22,83,44.5,13,70,4.34,2.84,1.36,,1981,9,22,0.62977376766856,44.0841637367992,25.9158362632008
1981-10-05,,34.6,,,,,,,1981,10,5,0.733095584834097,,
1981-10-06,63,34.3,11,52,,,,,1981,10,6,0.733095584834097,38.120970411373,13.879029588627
1981-10-14,,25.55,,,,,,,1981,10,14,0.938772668764067,,
1981-10-20,53,55.3,7,46,8.23,7.77,0.46,,1981,10,20,0.938772668764067,43.1835427631471,2.81645723685292
1981-12-15,,,,,11.06,8.21,,,1981,12,15,,,
1982-01-13,,,,,6.51,4.53,0.005,0.005,1982,1,13,,,
1982-02-10,,,,,4.39,0.27,0.005,0.005,1982,2,10,,,
1982-03-10,,,,,3.12,0.005,0.005,0.005,1982,3,10,,,
1982-05-11,,,,,2.24,,,,1982,5,11,1,,
1982-05-11,,,,,2.24,,,,1982,5,11,1,,
1982-05-17,,13.82,,,,,,,1982,5,17,1,,
1982-05-18,,13.82,,,,,,,1982,5,18,1,,
1982-05-25,21,16.8,7,14,,,,,1982,5,25,0.996420008424333,13.9498801179407,0.0501198820593383
1982-05-31,,7.35,,,,,,,1982,5,31,0.996420008424333,,
1982-06-08,31,7.6,6,25,0.16,0.005,0.005,0.005,1982,6,8,1,25,0
1982-06-14,,4.26,,,,,,,1982,6,14,1,,
1982-06-15,25,4.8,8,17,,,,,1982,6,15,1,17,0
1982-06-22,31,6.2,14,17,,,,,1982,6,22,0.757387075755106,12.8755802878368,4.1244197121632
1982-06-29,51,10,9,42,,,,,1982,6,29,0.757387075755106,31.8102571817145,10.1897428182855
1982-07-06,32,21.7,9,23,0.34,0.005,0.005,0.005,1982,7,6,0.757387075755106,17.4199027423674,5.58009725763256
1982-07-06,32,21.7,9,23,0.34,0.005,0.005,0.005,1982,7,6,0.141026792050177,3.24361621715407,19.7563837828459
1982-07-12,,29.46,,,,,,,1982,7,12,0.141026792050177,,
1982-07-14,30,44.6,6,24,,,,,1982,7,14,0.141026792050177,3.38464300920425,20.6153569907958
1982-07-20,31,68.2,8,23,,,,,1982,7,20,0.0962261168104326,2.21320068663995,20.78679931336
1982-07-26,,63.12,,,,,,,1982,7,26,0.0962261168104326,,
1982-07-27,64,94.9,14,50,,,,,1982,7,27,0.0962261168104326,4.81130584052163,45.1886941594784
1982-07-27,64,94.9,14,50,,,,,1982,7,27,0.0776783531877615,3.88391765938808,46.1160823406119
1982-07-28,,52.73,,,,,,,1982,7,28,0.0962261168104326,,
1982-07-28,,52.73,,,,,,,1982,7,28,0.0776783531877615,,
1982-08-03,40,81.5,10,30,0.005,0.005,0.005,0.005,1982,8,3,0.0776783531877615,2.33035059563285,27.6696494043672
1982-08-03,40,81.5,10,30,0.005,0.005,0.005,0.005,1982,8,3,0.0771589940918494,2.31476982275548,27.6852301772445
1982-08-09,,38.66,,,,,,,1982,8,9,0.0776783531877615,,
1982-08-09,,38.66,,,,,,,1982,8,9,0.0771589940918494,,
1982-08-10,43,79.3,13,30,,,,,1982,8,10,0.0776783531877615,2.33035059563285,27.6696494043672
1982-08-10,43,79.3,13,30,,,,,1982,8,10,0.0771589940918494,2.31476982275548,27.6852301772445
1982-08-17,53,116.5,16,37,,,,,1982,8,17,0.0898860545530676,3.3257840184635,33.6742159815365
1982-08-23,,103.58,,,,,,,1982,8,23,0.0898860545530676,,
1982-08-24,56,127.9,17,39,,,,,1982,8,24,0.0898860545530676,3.50555612756964,35.4944438724304
1982-08-31,67,84,23,44,0.005,0.005,0.005,,1982,8,31,0.136370864420234,6.0003180344903,37.9996819655097
1982-09-06,,89.6,,,,,,,1982,9,6,0.136370864420234,,
1982-09-07,85,80.7,22,63,,,,,1982,9,7,0.136370864420234,8.59136445847474,54.4086355415253
1982-09-14,70,97.3,21,49,,,,,1982,9,14,0.118551173404156,5.80900749680364,43.1909925031964
1982-09-14,70,97.3,21,49,,,,,1982,9,14,0.350247549472851,17.1621299241697,31.8378700758303
1982-09-20,,75.1,,,,,,,1982,9,20,0.118551173404156,,
1982-09-20,,75.1,,,,,,,1982,9,20,0.350247549472851,,
1982-09-21,48,76.1,12,36,,,,,1982,9,21,0.118551173404156,4.26784224254962,31.7321577574504
1982-09-21,48,76.1,12,36,,,,,1982,9,21,0.350247549472851,12.6089117810226,23.3910882189774
1982-09-21,48,76.1,12,36,,,,,1982,9,21,0.62696542327326,22.5707552378374,13.4292447621626
1982-09-28,39,36.5,11,28,7.86,,,,1982,9,28,0.62696542327326,17.5550318516513,10.4449681483487
1982-10-05,31,23.5,10,21,,,,,1982,10,5,0.62696542327326,13.1662738887385,7.83372611126154
1982-10-12,60,44.8,13,47,,,,,1982,10,12,0.905262597197493,42.5473420682822,4.45265793171783
1982-10-13,,16.71,,,,,,,1982,10,13,0.905262597197493,,
1982-10-19,40,28.7,11,29,,,,,1982,10,19,0.905262597197493,26.2526153187273,2.7473846812727
1982-10-19,40,28.7,11,29,,,,,1982,10,19,0.981415277083533,28.4610430354225,0.538956964577542
1982-10-25,,33.27,,,,,,,1982,10,25,0.981415277083533,,
1982-10-26,55,34.3,13,42,4.76,3.18,0.005,0.005,1982,10,26,0.981415277083533,41.2194416375084,0.780558362491612
1982-12-14,,,,,2.01,0.14,0.005,0.005,1982,12,14,,,
1983-01-11,,,,,0.06,0.005,0.005,0.005,1983,1,11,,,
1983-02-15,,,,,0.005,0.005,0.005,0.005,1983,2,15,,,
1983-03-14,,,,,0.005,0.005,0.005,0.005,1983,3,14,,,
1983-05-11,,,,,0.08,0.005,0.005,0.005,1983,5,11,1,,
1983-05-11,,,,,0.08,0.005,0.005,0.005,1983,5,11,1,,
1983-05-17,41,5.8,14,27,,,,,1983,5,17,1,27,0
1983-05-24,38,10.6,12,26,0.005,0.005,0.005,0.005,1983,5,24,1,26,0
1983-05-29,,6,,,,,,,1983,5,29,1,,
1983-05-31,39,8.3,11,28,,,,,1983,5,31,1,28,0
1983-06-07,39,4.9,12,27,,,,,1983,6,7,0.897095794783592,24.221586459157,2.77841354084302
1983-06-12,,4.6,,,,,,,1983,6,12,0.897095794783592,,
1983-06-14,37,4.7,10,27,,,,,1983,6,14,0.897095794783592,24.221586459157,2.77841354084302
1983-06-21,41,4.8,18,23,0.2,0.005,0.005,0.005,1983,6,21,0.370591549719995,8.52360564355988,14.4763943564401
1983-06-26,,12.3,,,,,,,1983,6,26,0.370591549719995,,
1983-06-28,34,12.9,10,24,,,,,1983,6,28,0.370591549719995,8.89419719327988,15.1058028067201
1983-07-05,33,24.8,9,24,,,,,1983,7,5,0.602073776756014,14.4497706421443,9.55022935785566
1983-07-10,,16.3,,,,,,,1983,7,10,0.602073776756014,,
1983-07-12,39,14.6,15,24,,,,,1983,7,12,0.602073776756014,14.4497706421443,9.55022935785566
1983-07-13,,15.5,,,,,,,1983,7,13,0.602073776756014,,
1983-07-19,31,29.1,10,21,0.005,0.005,0.005,0.005,1983,7,19,,,
1983-07-20,,14.6,,,,,,,1983,7,20,0.738467198715021,,
1983-07-24,,27.8,,,,,,,1983,7,24,0.738467198715021,,
1983-07-26,28,12.6,13,15,,,,,1983,7,26,0.738467198715021,11.0770079807253,3.92299201927469
1983-08-02,28,12.8,14,14,,,,,1983,8,2,0.738467198715021,10.3385407820103,3.66145921798971
1983-08-02,28,12.8,14,14,,,,,1983,8,2,0.924198472821667,12.9387786195033,1.06122138049666
1983-08-07,,15.3,,,,,,,1983,8,7,0.924198472821667,,
1983-08-09,69,13.8,17,52,,,,,1983,8,9,0.924198472821667,48.0583205867267,3.94167941327332
1983-08-16,35,6.1,14,21,0.005,0.005,0.005,0.005,1983,8,16,0.726087512040135,15.2478377528428,5.75216224715717
1983-08-21,,4.3,,,,,,,1983,8,21,0.726087512040135,,
1983-08-23,25,4.9,15,10,,,,,1983,8,23,0.726087512040135,7.26087512040135,2.73912487959865
1983-08-30,24,13.3,13,11,,,,,1983,8,30,0.664675158042277,7.31142673846505,3.68857326153495
1983-09-04,,11.3,,,,,,,1983,9,4,0.664675158042277,,
1983-09-06,33,12.9,14,19,,,,,1983,9,6,0.664675158042277,12.6288280028033,6.37117199719674
1983-09-13,34,10.8,12,22,0.005,0.005,0.005,0.005,1983,9,13,0.947262220295069,20.8397688464915,1.16023115350848
1983-09-18,,10.1,,,,,,,1983,9,18,0.947262220295069,,
1983-09-20,37,12,14,23,,,,,1983,9,20,0.947262220295069,21.7870310667866,1.21296893321341
1983-09-27,35,10.4,11,24,,,,,1983,9,27,,,
1983-10-04,30,17,9,21,,,,,1983,10,4,1,21,0
1983-10-11,34,13.5,12,22,7.68,0.005,0.005,0.005,1983,10,11,1,22,0
1983-10-11,34,13.5,12,22,7.68,0.005,0.005,0.005,1983,10,11,1,22,0
1983-10-16,,14,,,,,,,1983,10,16,1,,
1983-10-18,33,11.3,12,21,,,,,1983,10,18,1,21,0
1983-10-26,30,13.2,9,21,5.83,1.2,0.005,0.005,1983,10,26,,,
1983-12-12,,,,,3.03,0.64,0.005,0.005,1983,12,12,,,
1984-01-10,,,,,0.12,0.06,0.005,0.005,1984,1,10,,,
1984-02-07,,,,,0.06,0.005,0.005,0.005,1984,2,7,,,
1984-03-05,,,,,0.005,0.005,0.005,0.005,1984,3,5,,,
1984-05-08,,,,,9.09,0.005,0.005,0.005,1984,5,8,0.996912686025942,,
1984-05-08,,,,,9.09,0.005,0.005,0.005,1984,5,8,1,,
1984-05-22,42,11.2,12,30,,,,,1984,5,22,1,30,0
1984-05-29,35,6.4,13,22,,,,,1984,5,29,1,22,0
1984-06-05,54,6.6,21,33,12.3,0.005,0.005,0.005,1984,6,5,1,33,0
1984-06-12,24,8.8,,24,,,,,1984,6,12,1,24,0
1984-06-18,34,7,8,26,,,,,1984,6,18,1,26,0
1984-06-18,34,7,8,26,,,,,1984,6,18,0.998840601925971,25.9698556500752,0.0301443499247536
1984-06-26,33,3.9,9,24,,,,,1984,6,26,0.998840601925971,23.9721744462233,0.0278255537766956
1984-07-03,38,4.3,13,25,18.29,0.005,0.005,0.005,1984,7,3,0.873161555688745,21.8290388922186,3.17096110778138
1984-07-10,38,6.4,10,28,,,,,1984,7,10,0.873161555688745,24.4485235592849,3.55147644071514
1984-07-17,38,8.4,8,30,,,,,1984,7,17,0.617244343122065,18.5173302936619,11.4826697063381
1984-07-24,702,3.2,480,222,,,,,1984,7,24,0.617244343122065,137.028244173098,84.9717558269016
1984-07-31,57,11.7,9,48,14.56,0.005,0.005,0.005,1984,7,31,0.389998184454627,18.7199128538221,29.2800871461779
1984-08-07,56,8.8,12,44,,,,,1984,8,7,0.389998184454627,17.1599201160036,26.8400798839964
1984-08-14,69,13.9,15,54,,,,,1984,8,14,0.213762439140276,11.5431717135749,42.4568282864251
1984-08-21,17,19.1,17,,,,,,1984,8,21,0.213762439140276,,
1984-08-28,77,23.4,13,64,6.45,0.005,0.005,0.005,1984,8,28,0.0953758166575469,6.104052266083,57.895947733917
1984-09-04,94,5.9,16,78,,,,,1984,9,4,0.0953758166575469,7.43931369928866,70.5606863007113
1984-09-11,91,,11,80,,,,,1984,9,11,0.309995065533996,24.7996052427197,55.2003947572803
1984-09-18,13,42.8,13,,,,,,1984,9,18,0.309995065533996,,
1984-09-25,99,29.9,11,88,8.48,0.005,0.005,0.005,1984,9,25,0.774636796129518,68.1680380593976,19.8319619406024
1984-10-02,144,39.2,16,128,,,,,1984,10,2,0.774636796129518,99.1535099045783,28.8464900954217
1984-10-09,130,28.3,10,120,,,,,1984,10,9,,,
1984-10-16,60,6.9,8,52,,,,,1984,10,16,0.908594744076075,47.2469266919559,4.7530733080441
1984-10-24,80,24.5,8,72,5.97,6.02,0.005,0.005,1984,10,24,0.908594744076075,65.4188215734774,6.5811784265226
1984-10-24,80,24.5,8,72,5.97,6.02,0.005,0.005,1984,10,24,0.983336655342238,70.8002391846411,1.19976081535886
1984-10-31,,,,,,,,6.34,1984,10,31,0.983336655342238,,
1984-12-11,,,,,1.95,0.005,0.005,0.005,1984,12,11,,,
1985-01-22,,,,,0.005,0.005,0.005,0.005,1985,1,22,,,
1985-02-19,,,,,0.14,0.005,0.005,0.005,1985,2,19,,,
1985-03-19,,,,,0.005,0.005,0.005,0.005,1985,3,19,,,
1985-05-14,,,,,6.46,0.005,0.005,0.005,1985,5,14,1,,
1985-05-14,,,,,6.46,0.005,0.005,0.005,1985,5,14,0.995125544528439,,
1985-05-20,,4.7,,,,,,,1985,5,20,0.995125544528439,,
1985-05-21,23,4.1,9,14,,,,,1985,5,21,0.995125544528439,13.9317576233981,0.0682423766018534
1985-05-28,24,4.4,8,16,,,,,1985,5,28,1,16,0
1985-06-03,,6.1,,,,,,,1985,6,3,1,,
1985-06-04,29,5.5,6,23,,,,,1985,6,4,1,23,0
1985-06-11,40,7.3,14,26,2.5,0.005,0.005,0.005,1985,6,11,0.960150996253867,24.9639259026005,1.03607409739946
1985-06-17,,6,,,,,,,1985,6,17,0.960150996253867,,
1985-06-18,41,6.4,12,29,,,,,1985,6,18,0.960150996253867,27.8443788913621,1.15562110863786
1985-06-25,51,8.8,9,42,,,,,1985,6,25,0.948563899612003,39.8396837837041,2.16031621629587
1985-07-01,,14.4,,,,,,,1985,7,1,0.948563899612003,,
1985-07-02,61,7.7,15,46,,,,,1985,7,2,0.948563899612003,43.6339393821521,2.36606061784786
1985-07-09,68,8.2,8,60,0.72,0.005,0.005,0.005,1985,7,9,0.727781542944023,43.6668925766414,16.3331074233586
1985-07-15,,11.4,,,,,,,1985,7,15,0.727781542944023,,
1985-07-16,65,11.4,11,54,,,,,1985,7,16,0.727781542944023,39.3002033189772,14.6997966810228
1985-07-25,56,13.7,8,48,,,,,1985,7,25,0.515720992716709,24.754607650402,23.245392349598
1985-07-29,,18.8,,,,,,,1985,7,29,0.515720992716709,,
1985-07-30,69,12.2,17,52,,,,,1985,7,30,0.515720992716709,26.8174916212689,25.1825083787311
1985-08-06,57,17.2,15,42,0.005,0.005,0.005,0.005,1985,8,6,0.853545054749753,35.8488922994896,6.15110770051038
1985-08-12,,15,,,,,,,1985,8,12,0.853545054749753,,
1985-08-13,65,10.3,17,48,,,,,1985,8,13,0.853545054749753,40.9701626279881,7.02983737201186
1985-08-20,23,15.3,13,10,,,,,1985,8,20,0.981321950035484,9.81321950035484,0.186780499645161
1985-08-26,,8.1,,,,,,,1985,8,26,0.981321950035484,,
1985-08-27,50,6.4,2,48,,,,,1985,8,27,0.981321950035484,47.1034536017032,0.896546398296771
1985-09-03,72,22.6,22,50,0.68,0.005,0.005,0.005,1985,9,3,0.875687499588482,43.7843749794241,6.2156250205759
1985-09-10,47,8,11,36,,,,,1985,9,10,0.875687499588482,31.5247499851854,4.47525001481465
1985-09-17,41,10.7,9,32,,,,,1985,9,17,0.875687499588482,28.0219999868314,3.97800001316858
1985-09-17,41,10.7,9,32,,,,,1985,9,17,0.877836866416651,28.0907797253328,3.90922027466717
1985-09-23,,10.8,,,,,,,1985,9,23,0.877836866416651,,
1985-09-24,54,12.5,16,38,,,,,1985,9,24,0.877836866416651,33.3578009238327,4.64219907616726
1985-10-01,47,13.6,10,37,,0.005,0.005,0.005,1985,10,1,0.896061856997137,33.1542887088941,3.84571129110593
1985-10-07,,12.5,,,,,,,1985,10,7,0.896061856997137,,
1985-10-08,41,13.1,8,33,,,,,1985,10,8,0.896061856997137,29.5700412809055,3.42995871909448
1985-10-15,35,9,10,25,,,,,1985,10,15,1,25,0
1985-10-21,34,9.9,9,25,5.68,4.29,2.28,0.005,1985,10,21,1,25,0
1985-10-22,,10.1,,,,,,,1985,10,22,1,,
1985-12-09,,,,,8.09,4.91,0.005,0.005,1985,12,9,,,
1986-01-20,,,,,2.23,0.005,0.005,0.005,1986,1,20,,,
1986-02-17,,,,,1.42,0.005,0.005,0.005,1986,2,17,,,
1986-03-17,,,,,0.005,0.005,0.005,0.005,1986,3,17,,,
1986-05-06,,,,,7.95,0.005,0.005,0.005,1986,5,6,1,,
1986-05-06,,,,,7.95,0.005,0.005,0.005,1986,5,6,1,,
1986-05-19,,12.8,,,,,,,1986,5,19,1,,
1986-05-20,28,10.2,9,19,,,,,1986,5,20,1,19,0
1986-05-27,29,7.9,8,21,,,,,1986,5,27,1,21,0
1986-06-02,,6.6,,,,,,,1986,6,2,1,,
1986-06-03,27,7,4,23,1.18,0.005,0.005,0.005,1986,6,3,1,23,0
1986-06-10,28,6.4,4,24,,,,,1986,6,10,,,
1986-06-11,,5.6,,,,,,,1986,6,11,0.919906801169796,,
1986-06-17,31,6.9,4,27,,,,,1986,6,17,0.919906801169796,24.8374836315845,2.16251636841551
1986-06-18,,6.7,,,,,,,1986,6,18,0.919906801169796,,
1986-06-24,36,7.4,9,27,,,,,1986,6,24,0.919906801169796,24.8374836315845,2.16251636841551
1986-06-24,36,7.4,9,27,,,,,1986,6,24,0.518290959661543,13.9938559108617,13.0061440891383
1986-06-30,,10,,,,,,,1986,6,30,0.518290959661543,,
1986-07-01,40,7.5,10,30,0.25,0.005,0.005,0.005,1986,7,1,0.518290959661543,15.5487287898463,14.4512712101537
1986-07-08,39,5.3,7,32,,,,,1986,7,8,0.339395024559415,10.8606407859013,21.1393592140987
1986-07-14,,10.8,,,,,,,1986,7,14,0.339395024559415,,
1986-07-15,55,9.6,10,45,,,,,1986,7,15,0.339395024559415,15.2727761051737,29.7272238948263
1986-07-22,34,5.8,9,25,,,,,1986,7,22,,,
1986-07-29,43,6.6,12,31,4.73,0.005,0.005,0.005,1986,7,29,0.307159095811375,9.52193197015263,21.4780680298474
1986-07-30,,7.5,,,,,,,1986,7,30,0.307159095811375,,
1986-08-05,35,6.3,8,27,,,,,1986,8,5,0.307159095811375,8.29329558690713,18.7067044130929
1986-08-05,35,6.3,8,27,,,,,1986,8,5,0.497170186957464,13.4235950478515,13.5764049521485
1986-08-07,,,,,,,,,1986,8,7,0.497170186957464,,
1986-08-11,,7.5,,,,,,,1986,8,11,0.497170186957464,,
1986-08-12,34,4.7,8,26,,,,,1986,8,12,0.497170186957464,12.9264248608941,13.0735751391059
1986-08-13,,,,,,,,,1986,8,13,0.497170186957464,,
1986-08-19,28,5.4,10,18,,,,,1986,8,19,0.181240637533738,3.26233147560728,14.7376685243927
1986-08-25,,12.1,,,,,,,1986,8,25,0.181240637533738,,
1986-08-26,31,9.2,9,22,0.35,0.005,0.005,0.005,1986,8,26,0.181240637533738,3.98729402574224,18.0127059742578
1986-09-02,34,15.4,9,25,,,,,1986,9,2,0.165860968656873,4.14652421642182,20.8534757835782
1986-09-09,38,12.3,10,28,,,,,1986,9,9,0.165860968656873,4.64410712239244,23.3558928776076
1986-09-16,38,13.9,9,29,,,,,1986,9,16,0.165860968656873,4.80996809104932,24.1900319089507
1986-09-16,38,13.9,9,29,,,,,1986,9,16,0.320645214379343,9.29871121700095,19.7012887829991
1986-09-22,,15.5,,,,,,,1986,9,22,0.320645214379343,,
1986-09-23,39,15.6,10,29,6.18,0.005,0.005,0.005,1986,9,23,0.320645214379343,9.29871121700095,19.7012887829991
1986-09-30,34,15.1,8,26,,,,,1986,9,30,,,
1986-10-07,37,16.2,7,30,,,,,1986,10,7,,,
1986-10-13,33,16.8,7,26,,,,,1986,10,13,,,
1986-10-21,,16.9,,,,,,,1986,10,21,0.800993950549119,,
1986-10-28,35,18.2,8,27,5.88,0.77,0.005,0.005,1986,10,28,0.800993950549119,21.6268366648262,5.37316333517379
1986-12-10,,,,,4.43,0.5,0.65,0.005,1986,12,10,,,
1987-01-21,,,,,0.4,0.15,0.005,0.005,1987,1,21,,,
1987-02-18,,,,,1.47,0.15,0.005,0.005,1987,2,18,,,
1987-03-18,,,,,0.005,0.005,0.005,0.005,1987,3,18,,,
1987-05-05,,,,,2.54,0.005,0.005,0.005,1987,5,5,0.712826292994846,,
1987-05-19,38,20.5,6,32,,,,,1987,5,19,0.204801435113113,6.55364592361962,25.4463540763804
1987-05-26,39,19.7,6,33,,,,,1987,5,26,0.204801435113113,6.75844735873273,26.2415526412673
1987-06-02,20,37.2,9,11,3.7,0.005,0.005,0.005,1987,6,2,0.165564095326793,1.82120504859472,9.17879495140528
1987-06-09,62,22,10,52,,,,,1987,6,9,0.165564095326793,8.60933295699324,43.3906670430068
1987-06-16,65,26,8,57,,,,,1987,6,16,0.099870507894433,5.69261894998268,51.3073810500173
1987-06-23,72,29.8,9,63,,,,,1987,6,23,0.099870507894433,6.29184199734928,56.7081580026507
1987-06-23,72,29.8,9,63,,,,,1987,6,23,0.0395448836039739,2.49132766705036,60.5086723329496
1987-06-30,84,39.9,6,78,1.67,0.005,0.005,0.005,1987,6,30,0.0395448836039739,3.08450092110996,74.91549907889
1987-07-07,87,46.7,8,79,,,,,1987,7,7,0.0395448836039739,3.12404580471394,75.8759541952861
1987-07-14,89,52.1,9,80,,,,,1987,7,14,0.0137341118960312,1.0987289516825,78.9012710483175
1987-07-21,92,50.1,13,79,,,,,1987,7,21,0.0137341118960312,1.08499483978646,77.9150051602135
1987-07-21,92,50.1,13,79,,,,,1987,7,21,0.0140535970801746,1.11023416933379,77.8897658306662
1987-07-28,97,65.6,9,88,0.12,0.005,0.005,0.005,1987,7,28,0.0140535970801746,1.23671654305536,86.7632834569446
1987-08-04,80,44.3,8,72,,,,,1987,8,4,0.0140535970801746,1.01185898977257,70.9881410102274
1987-08-04,80,44.3,8,72,,,,,1987,8,4,0.00918518747717054,0.661333498356279,71.3386665016437
1987-08-11,83,50.8,10,73,,,,,1987,8,11,0.00918518747717054,0.670518685833449,72.3294813141665
1987-08-18,173,50.1,10,163,,,,,1987,8,18,0.00918518747717054,1.4971855587788,161.502814441221
1987-08-25,9,64.6,9,,0.49,0.005,0.005,0.005,1987,8,25,0.0398811808565,,
1987-09-01,86,24,10,76,,,,,1987,9,1,0.0398811808565,3.030969745094,72.969030254906
1987-09-08,72,26.6,11,61,,,,,1987,9,8,,,
1987-09-15,58,23.9,13,45,,,,,1987,9,15,0.309411924629106,13.9235366083098,31.0764633916902
1987-09-21,53,31.3,14,39,2.76,0.71,1.14,0.25,1987,9,21,0.309411924629106,12.0670650605351,26.9329349394649
1987-09-29,56,33.4,12,44,,,,,1987,9,29,0.337795783669462,14.8630144814563,29.1369855185437
1987-10-06,59,32.1,9,50,,,,,1987,10,6,0.337795783669462,16.8897891834731,33.1102108165269
1987-10-13,54,31.8,6,48,,,,,1987,10,13,0.594554836534819,28.5386321536713,19.4613678463287
1987-10-27,54,36.8,8,46,7.14,6.97,6.82,6.82,1987,10,27,,,
1988-01-22,,,,,3.58,0.45,,0.005,1988,1,22,,,
1988-02-24,,,,,0.4,0.3,,0.005,1988,2,24,,,
1988-03-23,,,,,0.5,0.2,0.005,0.005,1988,3,23,,,
1988-05-10,,,,,6.39,0.005,0.005,0.005,1988,5,10,0.926774852340848,,
1988-05-17,27,13.18,10,17,,,,,1988,5,17,0.926774852340848,15.7551724897944,1.24482751020558
1988-05-17,27,13.18,10,17,,,,,1988,5,17,0.921682086177747,15.6685954650217,1.3314045349783
1988-05-23,,13.88,,,,,,,1988,5,23,0.921682086177747,,
1988-05-24,28,13.18,8,20,,,,,1988,5,24,0.921682086177747,18.4336417235549,1.56635827644506
1988-05-31,30,13.88,8,22,,,,,1988,5,31,0.71644594992587,15.7618108983691,6.23818910163086
1988-06-06,,6.52,,,,,,,1988,6,6,0.71644594992587,,
1988-06-07,24,12.6,8,16,11.43,0.005,0.005,0.005,1988,6,7,0.71644594992587,11.4631351988139,4.53686480118608
1988-06-08,,17.5,,,,,,,1988,6,8,0.71644594992587,,
1988-06-14,36,23.4,11,25,,,,,1988,6,14,0.453769878088093,11.3442469522023,13.6557530477977
1988-06-20,,35.3,,,,,,,1988,6,20,0.453769878088093,,
1988-06-21,34,34.9,13,21,,,,,1988,6,21,0.453769878088093,9.52916743984995,11.47083256015
1988-06-28,28,41.3,13,15,,,,,1988,6,28,0.712750486564174,10.6912572984626,4.30874270153739
1988-07-04,,60,,,,,,,1988,7,4,0.712750486564174,,
1988-07-05,28,60,16,12,10.3,0.005,0.005,0.005,1988,7,5,0.712750486564174,8.55300583877009,3.44699416122991
1988-07-12,29,45.6,8,21,,,,,1988,7,12,0.611391439854863,12.8392202369521,8.16077976304788
1988-07-18,,41.8,,,,,,,1988,7,18,0.611391439854863,,
1988-07-19,27,42.5,7,20,,,,,1988,7,19,0.611391439854863,12.2278287970973,7.77217120290274
1988-07-21,,48.5,,,,,,,1988,7,21,0.611391439854863,,
1988-07-26,29,39.2,7,22,,,,,1988,7,26,0.884679668289647,19.4629527023722,2.53704729762777
1988-08-01,,46.4,,,,,,,1988,8,1,0.884679668289647,,
1988-08-02,26,41,7,19,0.4,0.005,0.005,0.005,1988,8,2,0.884679668289647,16.8089136975033,2.19108630249671
1988-08-09,29,34.7,8,21,,,,,1988,8,9,0.908064074610389,19.0693455668182,1.93065443318183
1988-08-15,,47.9,,,,,,,1988,8,15,0.908064074610389,,
1988-08-16,39,33.9,9,30,,,,,1988,8,16,0.908064074610389,27.2419222383117,2.75807776168833
1988-08-23,39,46.2,10,29,,,,,1988,8,23,0.949806378075872,27.5443849642003,1.45561503579971
1988-08-29,,56.5,,,,,,,1988,8,29,0.949806378075872,,
1988-08-30,41,58.3,10,31,0.2,0.005,0.005,0.005,1988,8,30,0.949806378075872,29.443997720352,1.55600227964797
1988-09-06,144,63.7,89,55,,,,,1988,9,6,0.995791373994709,54.768525569709,0.231474430291007
1988-09-13,43,68.5,8,35,,,,,1988,9,13,0.995791373994709,34.8526980898148,0.147301910185186
1988-09-20,49,48.2,13,36,,,,,1988,9,20,0.995791373994709,35.8484894638095,0.151510536190477
1988-09-27,47,29.4,13,34,6.54,0.45,0.005,0.005,1988,9,27,1,34,0
1988-10-04,47,30,11,36,,,,,1988,10,4,1,36,0
1988-10-11,45,28.4,10,35,,,,,1988,10,11,1,35,0
1988-10-18,47,43.9,10,37,,,,,1988,10,18,1,37,0
1988-10-19,,42.7,,,,,,,1988,10,19,1,,
1988-10-25,52,53.8,9,43,8.08,7.97,5.5,0.005,1988,10,25,1,43,0
1988-12-07,,,,,4.34,0.35,0.05,0.005,1988,12,7,,,
1989-01-18,,,,,0.55,0.05,0.005,0.005,1989,1,18,,,
1989-02-22,,,,,0.1,0.005,0.005,0.005,1989,2,22,,,
1989-03-22,,,,,0.005,0.005,0.005,0.005,1989,3,22,,,
1989-05-16,16,8.6,6,10,,,,,1989,5,16,1,10,0
1989-05-17,,11.5,,,,,,,1989,5,17,1,,
1989-05-24,18,9.4,6,12,0.3,0.005,0.005,0.005,1989,5,24,1,12,0
1989-05-24,18,9.4,6,12,0.3,0.005,0.005,0.005,1989,5,24,1,12,0
1989-05-30,23,11.2,7,16,,,,,1989,5,30,1,16,0
1989-05-31,,11.2,,,,,,,1989,5,31,1,,
1989-06-06,21,6.7,6,15,,,,,1989,6,6,1,15,0
1989-06-13,35,17.2,7,28,,,,,1989,6,13,0.84758635150135,23.7324178420378,4.2675821579622
1989-06-14,,16.4,,,,,,,1989,6,14,0.84758635150135,,
1989-06-20,143,8,54,89,8.84,0.005,0.005,0.005,1989,6,20,0.84758635150135,75.4351852836201,13.5648147163799
1989-06-27,247,17.1,211,36,,,,,1989,6,27,0.763637109162443,27.4909359298479,8.50906407015205
1989-06-28,,18.6,,,,,,,1989,6,28,0.763637109162443,,
1989-07-04,34,23.5,7,27,,,,,1989,7,4,0.763637109162443,20.618201947386,6.38179805261404
1989-07-11,50,52.7,7,43,,,,,1989,7,11,0.0644316608585769,2.77056141691881,40.2294385830812
1989-07-12,,56.1,,,,,,,1989,7,12,0.0644316608585769,,
1989-07-18,42,65.2,8,34,0.18,0.005,0.005,0.005,1989,7,18,0.0644316608585769,2.19067646919161,31.8093235308084
1989-07-25,37,88.7,8,29,,,,,1989,7,25,0.0412965248561527,1.19759922082843,27.8024007791716
1989-07-26,,67.7,,,,,,,1989,7,26,0.0412965248561527,,
1989-08-01,52,49.5,13,39,,,,,1989,8,1,0.0412965248561527,1.61056446938996,37.38943553061
1989-08-08,38,48.8,11,27,,,,,1989,8,8,0.11127103620749,3.00431797760223,23.9956820223978
1989-08-09,,47,,,,,,,1989,8,9,0.11127103620749,,
1989-08-15,41,49.7,12,29,0.1,0.005,0.005,0.005,1989,8,15,0.11127103620749,3.22686005001721,25.7731399499828
1989-08-22,34,49,10,24,,,,,1989,8,22,0.170394891770214,4.08947740248514,19.9105225975149
1989-08-23,,52.9,,,,,,,1989,8,23,0.170394891770214,,
1989-08-29,32,43.9,9,23,,,,,1989,8,29,0.170394891770214,3.91908251071492,19.0809174892851
1989-09-05,28,33.8,9,19,,,,,1989,9,5,0.403651063428707,7.66937020514543,11.3306297948546
1989-09-06,,40.5,,,,,,,1989,9,6,0.403651063428707,,
1989-09-12,38,41.9,10,28,0.12,0.005,0.005,0.005,1989,9,12,0.403651063428707,11.3022297760038,16.6977702239962
1989-09-19,33,16.4,9,24,,,,,1989,9,19,,,
1989-09-26,30,16.6,9,21,,,,,1989,9,26,,,
1989-10-03,33,22.4,8,25,,,,,1989,10,3,,,
1989-10-11,28,23.8,7,21,7.24,0.005,0.005,0.005,1989,10,11,0.950256762830309,19.9553920194365,1.04460798056351
1989-10-18,,27.2,,,,,,,1989,10,18,0.950256762830309,,
1989-10-24,16,25.6,8,8,5.8,3.7,0.005,0.005,1989,10,24,0.950256762830309,7.60205410264247,0.397945897357528
1989-12-11,,,,,2.72,0.24,0.005,0.005,1989,12,11,,,
1990-01-15,,,,,0.12,0.24,0.005,0.005,1990,1,15,,,
1990-02-12,,,,,0.7,0.005,0.005,0.005,1990,2,12,,,
1990-03-12,,,,,0.005,0.005,0.005,0.005,1990,3,12,,,
1990-05-16,24,9.9,8,16,9.95,0.7,0.005,0.005,1990,5,16,0.993600357848715,15.8976057255794,0.102394274420559
1990-05-17,30,15,10,20,,,,,1990,5,17,0.993600357848715,19.8720071569743,0.127992843025699
1990-05-30,34,8.5,9,25,,,,,1990,5,30,0.997128098748249,24.9282024687062,0.0717975312937741
1990-06-11,83,11,32,51,14.8,6,0.005,0.005,1990,6,11,0.979841522810805,49.9719176633511,1.02808233664894
1990-06-14,39,9.5,9,30,,,,,1990,6,14,0.979841522810805,29.3952456843242,0.604754315675848
1990-06-28,75,6.6,27,48,,,,,1990,6,28,0.703835419051906,33.7841001144915,14.2158998855085
1990-07-05,,,,,13,0.65,0.005,0.005,1990,7,5,0.703835419051906,,
1990-07-05,,,,,13,0.65,0.005,0.005,1990,7,5,0.0996075906239776,,
1990-07-09,42,23,9,33,,,,,1990,7,9,0.0996075906239776,3.28705049059126,29.7129495094087
1990-07-12,59,36,11,48,,,,,1990,7,12,0.0996075906239776,4.78116434995092,43.2188356500491
1990-07-26,59,44,15,44,,,,,1990,7,26,0.142040400028753,6.24977760126513,37.7502223987349
1990-08-08,60,48,15,45,4.45,0.005,0.005,0.005,1990,8,8,0.191712596700224,8.62706685151008,36.3729331484899
1990-08-09,64,59,14,50,,,,,1990,8,9,0.191712596700224,9.5856298350112,40.4143701649888
1990-08-23,62,54,17,45,,,,,1990,8,23,0.691814272114958,31.1316422451731,13.8683577548269
1990-08-27,59,62,16,43,0.1,0.005,0.005,0.005,1990,8,27,0.691814272114958,29.7480137009432,13.2519862990568
1990-09-06,,65,,,,,,,1990,9,6,0.696740072329701,,
1990-09-13,16,,16,,,,,,1990,9,13,0.696740072329701,,
1990-09-13,16,,16,,,,,,1990,9,13,0.765022584095683,,
1990-09-20,43,25,11,32,,,,,1990,9,20,0.765022584095683,24.4807226910619,7.51927730893814
1990-09-29,,,,,5.9,0.005,0.005,0.005,1990,9,29,,,
1990-10-01,35,8.1,12,23,,,,,1990,10,1,,,
1990-10-18,43,20,11,32,,,,,1990,10,18,0.943664344660447,30.1972590291343,1.8027409708657
1990-10-31,49,28,10,39,5.28,5.24,4.92,3.95,1990,10,31,,,
1990-12-13,,,,,5.3,1.4,0.005,0.005,1990,12,13,,,
1991-01-16,,,,,0.4,1,0.005,0.005,1991,1,16,,,
1991-02-13,,,,,1,0.005,0.005,0.005,1991,2,13,,,
1991-03-13,,,,,0.005,0.005,0.005,,1991,3,13,,,
1991-05-15,,,,,1.6,0.15,0.005,0.005,1991,5,15,1,,
1991-05-29,39,6.52,8,31,,,,,1991,5,29,1,31,0
1991-06-12,50,15.52,9,41,13.35,0.55,0.6,0.005,1991,6,12,0.852371411728629,34.9472278808738,6.05277211912621
1991-06-26,62,76.86,11,51,,,,,1991,6,26,0.119873537473715,6.11355041115946,44.8864495888405
1991-07-10,77,111.54,12,65,5.52,0.005,0.005,0.005,1991,7,10,0.0464642182264465,3.02017418471902,61.979825815281
1991-07-24,37,30.76,10,27,,,,,1991,7,24,0.320008889376592,8.64024001316798,18.359759986832
1991-08-07,21,8.56,7,14,3.5,0.005,0.005,0.005,1991,8,7,0.6670232738577,9.3383258340078,4.6616741659922
1991-08-21,22,12.15,8,14,,,,,1991,8,21,0.180812818550768,2.53137945971075,11.4686205402892
1991-09-04,21,13.37,6,15,5.82,0.005,0.005,0.005,1991,9,4,0.339509865175399,5.09264797763098,9.90735202236902
1991-09-18,28,18.86,11,17,,,,,1991,9,18,0.646651040275039,10.9930676846757,6.00693231532434
1991-10-02,25,6.45,10,15,7.7,0.005,0.005,0.005,1991,10,2,0.962488757423881,14.4373313613582,0.562668638641786
1991-10-16,,8.24,,,,,,,1991,10,16,1,,
1991-10-29,44,9.88,12,32,7.32,7.1,7.1,7.14,1991,10,29,,,
1991-12-10,,,,,2.04,0.6,0.3,0.005,1991,12,10,,,
1992-03-18,,,,,1.46,1.38,0.84,0.005,1992,3,18,,,
1992-05-13,,,,,0.33,0.005,0.005,0.005,1992,5,13,1,,
1992-05-27,21,6.83,6,15,,,,,1992,5,27,0.995372466849137,14.9305870027371,0.0694129972629443
1992-06-10,29,6.01,7,22,2.1,0.1,0.005,0.005,1992,6,10,0.862510289901937,18.9752263778426,3.02477362215739
1992-06-24,7,37.04,7,,,,,,1992,6,24,0.249083205485562,,
1992-07-08,34,33.66,7,27,0.8,0.21,0.005,0.005,1992,7,8,0.0987301117104814,2.665713016183,24.334286983817
1992-07-08,34,33.66,7,27,0.8,0.21,0.005,0.005,1992,7,8,0.0640746873256202,1.73001655779175,25.2699834422083
1992-07-22,41,45.22,10,31,,,,,1992,7,22,0.0648498694452421,2.0103459528025,28.9896540471975
1992-07-22,41,45.22,10,31,,,,,1992,7,22,0.0913197450568772,2.83091209676319,28.1690879032368
1992-08-05,27,29.42,8,19,1.2,0.05,0.005,0.005,1992,8,5,0.127738265652167,2.42702704739117,16.5729729526088
1992-08-19,25,19.13,5,20,,,,,1992,8,19,0.268054969470782,5.36109938941564,14.6389006105844
1992-08-19,25,19.13,5,20,,,,,1992,8,19,0.234148941083653,4.68297882167306,15.3170211783269
1992-09-02,34,37.8,6,28,0.8,0.2,0.5,0.005,1992,9,2,0.289260791519496,8.09930216254589,19.9006978374541
1992-09-16,30,26.24,6,24,,,,,1992,9,16,0.370658477534232,8.89580346082157,15.1041965391784
1992-09-30,30,14.01,7,23,6.85,0.25,0.05,0.005,1992,9,30,0.882975444760842,20.3084352294994,2.69156477050063
1992-10-13,28,18.7,7,21,,,,,1992,10,13,0.882975444760842,18.5424843399777,2.45751566002232
1992-10-28,27,14.25,7,20,7.65,7.2,6.2,0.005,1992,10,28,,,
1993-01-13,,,,,3.02,0.36,0.005,0.005,1993,1,13,,,
1993-03-24,,,,,0.005,0.005,0.005,0.005,1993,3,24,,,
1993-05-03,,,,,4.25,0.005,0.005,0.005,1993,5,3,1,,
1993-05-17,19,10.29,6,13,,,,,1993,5,17,0.973833877166593,12.6598404031657,0.340159596834291
1993-05-31,26,4.17,7,19,3.05,0.15,0.005,0.005,1993,5,31,0.94082569968398,17.8756882939956,1.12431170600438
1993-06-14,49,46.19,6,43,,,,,1993,6,14,0.183187662047084,7.87706946802461,35.1229305319754
1993-06-28,47,33.22,7,40,1.21,0.005,0.005,0.005,1993,6,28,0.632326480674651,25.293059226986,14.706940773014
1993-07-12,33,18.18,5,28,,,,,1993,7,12,0.266820260406517,7.47096729138248,20.5290327086175
1993-07-21,33,43.38,6,27,,,,,1993,7,21,0.438987116923407,11.852652156932,15.147347843068
1993-07-26,35,53.25,4,31,0.9,0.005,0.005,0.005,1993,7,26,0.438987116923407,13.6086006246256,17.3913993753744
1993-08-09,35,36.17,6,29,,,,,1993,8,9,0.379972652702993,11.0192069283868,17.9807930716132
1993-08-23,40,38.05,6,34,0.66,0.005,0.005,0.005,1993,8,23,0.680246816944759,23.1283917761218,10.8716082238782
1993-09-02,44,36.07,7,37,,,,,1993,9,2,0.705281765011635,26.0954253054305,10.9045746945695
1993-09-02,44,36.07,7,37,,,,,1993,9,2,0.549785964445322,20.3420806844769,16.6579193155231
1993-09-20,45,22.13,8,37,6.3,0.005,0.005,0.005,1993,9,20,,,
1993-10-04,31,18.5,7,24,,,,,1993,10,4,0.928141485987197,22.2753956636927,1.72460433630727
1993-10-27,31,37.05,6,25,8.7,7.55,5.75,0.005,1993,10,27,,,
1993-12-13,,,,,7.2,5,1.1,3.1,1993,12,13,,,
1994-03-21,,,,,5.92,0.4,0.1,0.005,1994,3,21,,,
1994-05-18,18,2.4,11,7,8.78,1.85,0.005,0.005,1994,5,18,1,7,0
1994-06-01,27,19.79,6,21,,,,,1994,6,1,0.963630385242296,20.2362380900882,0.763761909911783
1994-06-09,,,,,,,,,1994,6,9,0.464475775942704,,
1994-06-15,6,18.06,6,,12.76,0.59,0.005,0.005,1994,6,15,0.464475775942704,,
1994-06-27,38,28.81,7,31,,,,,1994,6,27,0.0784788248914982,2.43284357163644,28.5671564283636
1994-06-28,,,,,,,,,1994,6,28,0.0784788248914982,,
1994-07-13,49,68.33,5,44,6.1,0.04,0.005,0.005,1994,7,13,0.144910207817417,6.37604914396635,37.6239508560337
1994-07-14,,,,,,,,,1994,7,14,0.144910207817417,,
1994-07-27,63,77.09,7,56,,,,,1994,7,27,0.87005580815277,48.7231252565551,7.27687474344488
1994-07-28,,,,,,,,,1994,7,28,0.87005580815277,,
1994-08-09,,,,,,,,,1994,8,9,0.971710187560974,,
1994-08-10,41,36.76,3,38,1.07,0.005,0.005,0.005,1994,8,10,0.971710187560974,36.924987127317,1.07501287268299
1994-08-18,3,,3,,,,,,1994,8,18,0.750416015305662,,
1994-08-23,37,7.05,4,33,,,,,1994,8,23,0.750416015305662,24.7637285050868,8.23627149491315
1994-08-24,,,,,,,,,1994,8,24,0.750416015305662,,
1994-09-07,27,16.18,5,22,0.34,0.005,0.005,0.005,1994,9,7,0.386861775115686,8.51095905254509,13.4890409474549
1994-09-08,,,,,,,,,1994,9,8,0.386861775115686,,
1994-09-21,24,20.2,6,18,,,,,1994,9,21,0.239653175431742,4.31375715777136,13.6862428422286
1994-10-05,21,17.76,5,16,6.21,0.005,0.005,0.005,1994,10,5,,,
1994-10-19,23,13.54,5,18,6.29,0.005,0.005,0.005,1994,10,19,0.897407985386053,16.153343736949,1.84665626305105
1994-12-13,,,,,7.86,5.9,4.09,0.3,1994,12,13,,,
1995-03-28,,,,,3.18,,,,1995,3,28,,,
1995-05-16,11,4.17,3,8,5.45,0.005,0.005,0.005,1995,5,16,1,8,0
1995-05-30,17,2.88,4,13,5.87,,,,1995,5,30,0.996786177026007,12.9582203013381,0.0417796986619087
1995-06-13,18,4.99,3,15,,,,,1995,6,13,0.892681590232719,13.3902238534908,1.60977614650922
1995-06-27,35,65.06,8,27,0.005,0.005,0.005,0.005,1995,6,27,0.00731041447508602,0.197381190827323,26.8026188091727
1995-07-11,27,2.56,11,16,,,,,1995,7,11,0.0431488092066836,0.690380947306938,15.3096190526931
1995-07-25,30,39.44,6,24,0.22,0.005,0.005,0.005,1995,7,25,0.090366946801926,2.16880672324622,21.8311932767538
1995-08-08,40,50.66,6,34,,,,,1995,8,8,0.506430789961525,17.2186468586919,16.7813531413081
1995-08-22,58,65.9,9,49,0.26,0.25,0.26,0.005,1995,8,22,0.697769084256031,34.1906851285455,14.8093148714545
1995-09-05,61,57.55,6,55,,,,,1995,9,5,0.818333924373293,45.0083658405311,9.99163415946889
1995-09-19,61,62.92,6,55,0.36,0.005,0.005,0.005,1995,9,19,,,
1995-10-03,18,6.79,5,13,,,,,1995,10,3,0.648589603847865,8.43166485002225,4.56833514997775
1995-10-30,19,0.97,6,13,6.7,7.02,6.61,6.72,1995,10,30,,,
1996-05-21,8,1.73,4,4,3.3,0.6,0.005,0.005,1996,5,21,0.929624446123664,3.71849778449466,0.281502215505344
1996-06-03,30,4.85,20,10,,,,,1996,6,3,1,10,0
1996-06-17,13,1.42,9,4,1.99,1.09,0.005,0.005,1996,6,17,1,4,0
1996-06-26,15,0.85,10,5,,,,,1996,6,26,1,5,0
1996-06-26,15,0.85,10,5,,,,,1996,6,26,1,5,0
1996-07-02,17,6.41,11,6,,,,,1996,7,2,1,6,0
1996-07-02,17,6.41,11,6,,,,,1996,7,2,1,6,0
1996-07-02,17,6.41,11,6,,,,,1996,7,2,1,6,0
1996-07-09,16,3.48,10,6,,,,,1996,7,9,1,6,0
1996-07-09,16,3.48,10,6,,,,,1996,7,9,1,6,0
1996-07-09,16,3.48,10,6,,,,,1996,7,9,1,6,0
1996-07-15,68,5,43,25,0.48,0.005,0.005,0.005,1996,7,15,1,25,0
1996-07-15,68,5,43,25,0.48,0.005,0.005,0.005,1996,7,15,1,25,0
1996-07-15,68,5,43,25,0.48,0.005,0.005,0.005,1996,7,15,1,25,0
1996-07-23,25,4.73,10,15,,,,,1996,7,23,1,15,0
1996-07-23,25,4.73,10,15,,,,,1996,7,23,1,15,0
1996-07-29,35,5.72,18,17,,,,,1996,7,29,1,17,0
1996-07-29,35,5.72,18,17,,,,,1996,7,29,1,17,0
1996-08-06,24,7.02,10,14,,,,,1996,8,6,1,14,0
1996-08-06,24,7.02,10,14,,,,,1996,8,6,1,14,0
1996-08-12,31,10.26,10,21,1.08,0.39,0.005,0.005,1996,8,12,1,21,0
1996-08-12,31,10.26,10,21,1.08,0.39,0.005,0.005,1996,8,12,1,21,0
1996-08-20,23,7.47,11,12,,,,,1996,8,20,1,12,0
1996-08-20,23,7.47,11,12,,,,,1996,8,20,1,12,0
1996-08-26,24,7.84,11,13,,,,,1996,8,26,1,13,0
1996-08-26,24,7.84,11,13,,,,,1996,8,26,1,13,0
1996-09-03,33,11.91,15,18,,,,,1996,9,3,1,18,0
1996-09-09,29,11.55,12,17,2,0.14,0.005,0.005,1996,9,9,1,17,0
1996-09-18,28,6,15,13,,,,,1996,9,18,1,13,0
1996-09-23,27,8.51,9,18,,,,,1996,9,23,1,18,0
1996-10-07,34,27.13,7,27,,,,,1996,10,7,1,27,0
1996-10-30,6,51.38,6,,8.1,6.7,0.21,0.005,1996,10,30,,,
1996-12-16,,,,,5.68,0.94,0.005,0.005,1996,12,16,,,
1997-03-22,,,,,0.16,0.005,0.005,0.005,1997,3,22,,,
1997-05-12,,,,,1.32,0.005,0.005,0.005,1997,5,12,,,
1997-05-22,35,6.15,9,26,1.93,0.005,0.005,0.005,1997,5,22,1,26,0
1997-05-22,35,6.15,9,26,1.93,0.005,0.005,0.005,1997,5,22,1,26,0
1997-05-26,38,17.55,10,28,,,,,1997,5,26,1,28,0
1997-05-26,38,17.55,10,28,,,,,1997,5,26,1,28,0
1997-05-26,38,17.55,10,28,,,,,1997,5,26,0.993735873334649,27.8246044533702,0.175395546629829
1997-06-02,19,4.27,6,13,,,,,1997,6,2,1,13,0
1997-06-02,19,4.27,6,13,,,,,1997,6,2,0.993735873334649,12.9185663533504,0.0814336466495634
1997-06-02,19,4.27,6,13,,,,,1997,6,2,0.599443168018567,7.79276118424137,5.20723881575863
1997-06-09,32,4.98,8,24,,,,,1997,6,9,0.993735873334649,23.8496609600316,0.150339039968425
1997-06-09,32,4.98,8,24,,,,,1997,6,9,0.599443168018567,14.3866360324456,9.61336396755439
1997-06-11,,,,,,,,,1997,6,11,0.599443168018567,,
1997-06-11,,,,,,,,,1997,6,11,0.039010323310288,,
1997-06-18,27,27.44,6,21,9.61,0.005,0.005,0.005,1997,6,18,0.039010323310288,0.819216789516048,20.180783210484
1997-06-18,27,27.44,6,21,9.61,0.005,0.005,0.005,1997,6,18,0.11492186141336,2.41335908968056,18.5866409103194
1997-06-23,94,53.1,8,86,,,,,1997,6,23,0.039010323310288,3.35488780468477,82.6451121953152
1997-06-23,94,53.1,8,86,,,,,1997,6,23,0.11492186141336,9.88328008154896,76.116719918451
1997-07-02,35,41.64,5,30,,,,,1997,7,2,0.0115439600841198,0.346318802523594,29.6536811974764
1997-07-02,35,41.64,5,30,,,,,1997,7,2,0.121453188490764,3.64359565472292,26.3564043452771
1997-07-07,45,60,5,40,,,,,1997,7,7,0.0115439600841198,0.461758403364792,39.5382415966352
1997-07-07,45,60,5,40,,,,,1997,7,7,0.121453188490764,4.85812753963056,35.1418724603694
1997-07-07,45,60,5,40,,,,,1997,7,7,0.0132156728344143,0.528626913376572,39.4713730866234
1997-07-14,27,46.74,5,22,,0.005,0.005,0.005,1997,7,14,0.121453188490764,2.67197014679681,19.3280298532032
1997-07-14,27,46.74,5,22,,0.005,0.005,0.005,1997,7,14,0.0132156728344143,0.290744802357115,21.7092551976429
1997-07-14,27,46.74,5,22,,0.005,0.005,0.005,1997,7,14,0.0166739728079768,0.36682740177549,21.6331725982245
1997-07-21,30,43.4,6,24,,,,,1997,7,21,0.0132156728344143,0.317176148025943,23.6828238519741
1997-07-21,30,43.4,6,24,,,,,1997,7,21,0.0166739728079768,0.400175347391443,23.5998246526086
1997-07-21,30,43.4,6,24,,,,,1997,7,21,0.0663123022507961,1.59149525401911,22.4085047459809
1997-07-28,22,28.85,7,15,,,,,1997,7,28,0.0166739728079768,0.250109592119652,14.7498904078803
1997-07-28,22,28.85,7,15,,,,,1997,7,28,0.0663123022507961,0.994684533761941,14.0053154662381
1997-08-06,16,5.31,5,11,,,,,1997,8,6,0.237183987131144,2.60902385844258,8.39097614155742
1997-08-06,16,5.31,5,11,,,,,1997,8,6,0.593997663420386,6.53397429762425,4.46602570237575
1997-08-11,25,12.49,8,17,1.02,0.005,0.005,0.005,1997,8,11,0.237183987131144,4.03212778122945,12.9678722187706
1997-08-11,25,12.49,8,17,1.02,0.005,0.005,0.005,1997,8,11,0.593997663420386,10.0979602781466,6.90203972185344
1997-08-11,25,12.49,8,17,1.02,0.005,0.005,0.005,1997,8,11,0.715247770085181,12.1592120914481,4.84078790855192
1997-08-18,28,25.89,8,20,,,,,1997,8,18,0.593997663420386,11.8799532684077,8.12004673159228
1997-08-18,28,25.89,8,20,,,,,1997,8,18,0.715247770085181,14.3049554017036,5.69504459829638
1997-08-18,28,25.89,8,20,,,,,1997,8,18,0.702461382954738,14.0492276590948,5.95077234090524
1997-08-25,29,22.85,7,22,,,,,1997,8,25,0.715247770085181,15.735450941874,6.26454905812602
1997-08-25,29,22.85,7,22,,,,,1997,8,25,0.702461382954738,15.4541504250042,6.54584957499576
1997-09-04,55,26.45,11,44,,,,,1997,9,4,0.401675309311312,17.6737136096977,26.3262863903023
1997-09-04,55,26.45,11,44,,,,,1997,9,4,0.557052650242137,24.510316610654,19.489683389346
1997-09-08,37,33.81,8,29,0.005,0.005,0.005,0.005,1997,9,8,0.401675309311312,11.648583970028,17.351416029972
1997-09-08,37,33.81,8,29,0.005,0.005,0.005,0.005,1997,9,8,0.557052650242137,16.154526857022,12.845473142978
1997-09-15,57,53.1,10,47,,,,,1997,9,15,0.557052650242137,26.1814745613804,20.8185254386196
1997-09-22,49,47.24,9,40,,,,,1997,9,22,,,
1997-10-15,42,51.44,8,34,8.38,0.005,0.005,0.005,1997,10,15,0.869057633635824,29.547959543618,4.45204045638198
1997-10-29,56,34.43,14,42,4.96,5.09,4.8,4.8,1997,10,29,,,
1997-12-13,,,,,1.04,0.23,0.005,0.005,1997,12,13,,,
1998-03-23,,,,,0.005,0.005,0.005,0.005,1998,3,23,,,
1998-05-06,,,,,1.66,0.07,0.005,0.005,1998,5,6,0.998367469943141,,
1998-05-20,40,19.99,8,32,,,,,1998,5,20,0.794082827074711,25.4106504663908,6.58934953360925
1998-06-03,64,23.28,11,53,0.84,0.005,0.005,0.005,1998,6,3,0.289807831072385,15.3598150468364,37.6401849531636
1998-06-17,228,67.61,72,156,,,,,1998,6,17,0.0549344056894505,8.56976728755428,147.430232712446
1998-07-01,248,39.74,196,52,0.005,0.005,0.005,0.005,1998,7,1,0.0894373481769229,4.65074210519999,47.3492578948
1998-07-15,48,13.55,15,33,,,,,1998,7,15,0.101574048113566,3.35194358774768,29.6480564122523
1998-07-29,33,7.32,9,24,1.33,0.005,0.005,0.005,1998,7,29,0.407793440118848,9.78704256285235,14.2129574371476
1998-08-12,31,12.17,8,23,,,,,1998,8,12,0.436793622694008,10.0462533219622,12.9537466780378
1998-08-13,21,11.03,,21,,,,,1998,8,13,0.436793622694008,9.17266607657417,11.8273339234258
1998-08-26,37,11.99,10,27,0.48,0.005,0.005,0.005,1998,8,26,0.364373673800608,9.83808919261642,17.1619108073836
1998-09-09,34,17.07,8,26,,,,,1998,9,9,0.783270899688999,20.365043391914,5.63495660808603
1998-09-23,39,18.02,11,28,0.21,0.005,0.005,0.005,1998,9,23,,,
1998-10-07,42,30.47,10,32,,,,,1998,10,7,0.989246401598353,31.6558848511473,0.344115148852705
1998-10-26,40,32.88,10,30,7.25,3.86,0.005,0.005,1998,10,26,,,
1999-05-12,,,,,0.47,0.005,0.005,0.005,1999,5,12,0.995379720936681,,
1999-05-27,115,4.95,71,44,,,,,1999,5,27,1,44,0
1999-06-09,33,11.07,9,24,2.95,0.59,0.005,0.005,1999,6,9,0.739252304631047,17.7420553111451,6.25794468885487
1999-06-23,39,60.86,,39,,,,,1999,6,23,0.0770892912136436,3.0064823573321,35.9935176426679
1999-07-07,54,68.55,13,41,0.47,0.005,0.005,0.005,1999,7,7,0.0623526534968854,2.5564587933723,38.4435412066277
1999-07-20,41,27.99,10,31,,,,,1999,7,20,0.213072620869476,6.60525124695376,24.3947487530462
1999-08-05,32,19.7,10,22,1.2,0.005,0.005,0.005,1999,8,5,0.131615864676218,2.8955490228768,19.1044509771232
1999-08-17,28,25.18,11,17,,,,,1999,8,17,0.774012359955909,13.1582101192505,3.84178988074955
1999-09-01,30,10.79,11,19,0.45,0.005,0.005,0.005,1999,9,1,0.580223883063954,11.0242537782151,7.97574622178487
1999-09-15,31,29.32,8,23,,,,,1999,9,15,0.985169005679563,22.6588871306299,0.341112869370051
1999-09-29,19,19.14,7,12,0.55,0.005,0.005,0.005,1999,9,29,,,
1999-10-20,32,15,7,25,6.39,5.5,0.005,0.005,1999,10,20,1,25,0
2000-05-03,,,,,9.4,5.3,0.005,0.005,2000,5,3,1,,
2000-05-17,25,3.91,6,19,,,,,2000,5,17,1,19,0
2000-05-31,33,9.63,9,24,9.23,0.57,0.005,0.005,2000,5,31,0.981432833128798,23.5543879950912,0.445612004908847
2000-06-14,26,11.75,7,19,,,,,2000,6,14,0.893375576791508,16.9741359590387,2.02586404096135
2000-06-28,34,10.41,12,22,0.19,0.005,0.005,0.005,2000,6,28,0.543325409468546,11.953159008308,10.046840991692
2000-07-12,40,55.82,7,33,,,,,2000,7,12,0.0616508281884441,2.03447733021866,30.9655226697813
2000-07-26,27,8.32,5,22,0.005,0.48,0.005,0.005,2000,7,26,0.725298910366345,15.9565760280596,6.04342397194041
2000-08-10,19,12.86,3,16,,,,,2000,8,10,0.694941322527706,11.1190611604433,4.8809388395567
2000-08-22,23.25,17.6,0.25,23,,,,,2000,8,22,0.937358704770237,21.5592502097155,1.44074979028455
2000-09-06,42,39.58,12,30,,,,,2000,9,6,0.73252508576947,21.9757525730841,8.0242474269159
2000-09-20,36,17.05,5,31,0.48,0.005,0.005,0.005,2000,9,20,,,
2000-10-04,24,16.5,1,23,,,,,2000,10,4,0.849013556248776,19.5273117937218,3.47268820627815
2000-10-24,27,23.69,8,19,6.37,0.48,0.005,0.005,2000,10,24,,,
2001-05-16,18.25,6.29,0.25,18,,,,,2001,5,16,0.963810642781809,17.3485915700726,0.651408429927439
2001-05-30,28,4.54,8,20,0.56,0.005,0.005,0.005,2001,5,30,0.995385883586559,19.9077176717312,0.0922823282688201
2001-06-13,29,8.21,7,22,,,,,2001,6,13,0.560678258663899,12.3349216906058,9.66507830939422
2001-06-27,28,25.76,3,25,0.56,0.44,0.33,0.33,2001,6,27,0.0547089489528499,1.36772372382125,23.6322762761788
2001-07-11,34,17.78,10,24,,,,,2001,7,11,0.0997504093456492,2.39400982429558,21.6059901757044
2001-07-25,20,7.3,8,12,0.56,0.005,0.005,0.005,2001,7,25,0.164165878675667,1.969990544108,10.030009455892
2001-08-09,33,6.96,12,21,,,,,2001,8,9,0.722815731417387,15.1791303597651,5.82086964023487
2001-08-22,37,16.12,10,27,0.56,0.005,0.005,2.88,2001,8,22,0.726808887299372,19.623839957083,7.37616004291696
2001-09-06,42,22.5,10,32,,,,,2001,9,6,0.578531408202356,18.5130050624754,13.4869949375246
2001-09-17,48,26.19,13,35,1.6,0.5,0.005,0.005,2001,9,17,0.905552081270475,31.6943228444666,3.30567715553337
2001-10-03,36,12.83,8,28,,,,,2001,10,3,0.946507291054567,26.5022041495279,1.49779585047212
2001-10-24,33,17.95,9,24,5.98,5.42,0.005,0.005,2001,10,24,,,
2002-05-22,22,3.47,9,13,8.94,4.31,0.005,0.005,2002,5,22,1,13,0
2002-06-05,23,8.36,8,15,13.18,1.38,0.39,0.34,2002,6,5,0.978987851816706,14.6848177772506,0.31518222274941
2002-06-18,35,9.34,11,24,,,,,2002,6,18,0.392338179381684,9.41611630516042,14.5838836948396
2002-07-02,29,12.31,11,18,9.26,1.03,0.49,0.11,2002,7,2,0.155172040813874,2.79309673464973,15.2069032653503
2002-07-16,22,16.59,6,16,,,,,2002,7,16,0.362216139158638,5.79545822653821,10.2045417734618
2002-07-30,26,11.7,7,19,0.86,0.43,0.11,0.005,2002,7,30,0.726019287958322,13.7943664712081,5.20563352879188
2002-08-13,40,20.35,9,31,,,,,2002,8,13,0.299990345228832,9.29970070209379,21.7002992979062
2002-08-27,41,13.38,11,30,1.54,0.57,0.005,0.005,2002,8,27,0.587791921607146,17.6337576482144,12.3662423517856
2002-09-10,44,15.53,13,31,,,,,2002,9,10,0.545727058824034,16.9175388235451,14.0824611764549
2002-09-24,45,30.98,9,36,1.3,0.53,0.005,0.005,2002,9,24,0.881194610862944,31.723005991066,4.27699400893401
2002-10-08,45,25.04,9,36,,,,,2002,10,8,,,
2002-10-28,48,18.32,11,37,,,,,2002,10,28,1,37,0
2003-05-05,,,,,12.26,4.45,0.61,0.005,2003,5,5,1,,
2003-05-20,25,5.58,7,18,10.14,0.6,0.005,0.005,2003,5,20,0.937250413867154,16.8705074496088,1.12949255039123
2003-06-02,24,7.59,6,18,,,,,2003,6,2,0.755824768918932,13.6048458405408,4.39515415945922
2003-06-16,33,17.49,5,28,12.61,1,0.005,0.005,2003,6,16,0.101980787699185,2.85546205557718,25.1445379444228
2003-06-30,15,19.66,4,11,,,,,2003,6,30,0.185814884991004,2.04396373490104,8.95603626509896
2003-07-14,17,14.74,12,5,9.63,0.39,0.005,0.005,2003,7,14,0.424995939243697,2.12497969621848,2.87502030378151
2003-07-28,33,13.42,8,25,,,,,2003,7,28,0.718804442412265,17.9701110603066,7.02988893969337
2003-08-11,38,19.07,2,36,5.47,0.005,0.005,0.005,2003,8,11,0.47343087240649,17.0435114066336,18.9564885933664
2003-08-25,45,13.89,9,36,,,,,2003,8,25,0.391289489752817,14.0864216311014,21.9135783688986
2003-09-08,36,13.82,10,26,5.99,0.005,0.005,0.005,2003,9,8,0.78065195099212,20.2969507257951,5.70304927420488
2003-09-22,32,25.64,6,26,,,,,2003,9,22,0.833558081698544,21.6725101241621,4.32748987583786
2003-10-06,27,10.27,8,19,6.61,3.28,0.005,0.18,2003,10,6,0.715314366260772,13.5909729589547,5.40902704104533
2003-10-28,36,17.4,9,27,6.12,5.81,5.59,0.005,2003,10,28,,,
2004-05-12,,,,,8.48,2.94,0.005,0.005,2004,5,12,1,,
2004-05-26,19,6.63,4,15,,,,,2004,5,26,1,15,0
2004-06-09,30,4.9,10,20,8.95,0.38,0.005,0.005,2004,6,9,0.97754835842946,19.5509671685892,0.449032831410801
2004-06-23,39,13.75,5,34,,,,,2004,6,23,0.470524259556733,15.9978248249289,18.0021751750711
2004-07-07,36,49.4,5,31,6.27,0.09,0.005,0.005,2004,7,7,0.144895294663648,4.49175413457309,26.5082458654269
2004-07-20,38,48.43,8,30,,,,,2004,7,20,0.0471554519350111,1.41466355805033,28.5853364419497
2004-07-21,31,37.8,8,23,,,,,2004,7,21,0.0471554519350111,1.08457539450526,21.9154246054947
2004-07-22,,,,,,,,,2004,7,22,0.0471554519350111,,
2004-08-04,28,14.33,9,19,1.05,0.64,0.37,0.5,2004,8,4,0.694305149008597,13.1917978311633,5.80820216883666
2004-08-18,41,20.18,12,29,,,,,2004,8,18,0.694102256654998,20.1289654429949,8.87103455700506
2004-09-01,40,18.05,9,31,1.28,0.55,0.28,0.1,2004,9,1,0.879219325957902,27.255799104695,3.74420089530504
2004-09-15,36,16.25,11,25,,,,,2004,9,15,0.778630275804097,19.4657568951024,5.53424310489757
2004-09-29,31,13.2,9,22,1.28,0.005,0.005,0.005,2004,9,29,0.814899029314159,17.9277786449115,4.0722213550885
2004-10-13,33,24.07,9,24,,,,,2004,10,13,0.907130870095969,21.7711408823033,2.22885911769674
2004-10-26,34,24.85,9,25,5.26,4.21,0.005,0.005,2004,10,26,0.994833412127824,24.8708353031956,0.129164696804401
2005-05-03,,,,,9,9,0.28,0.005,2005,5,3,1,,
2005-05-11,,,,,12.21,0.56,0.19,0.1,2005,5,11,0.971282728834613,,
2005-05-25,29,5.64,6,23,,,,,2005,5,25,0.879262863339242,20.2230458568026,2.77695414319743
2005-06-08,39,26.26,8,31,10.21,0.01,0.005,0.005,2005,6,8,0.208924197553969,6.47665012417304,24.523349875827
2005-06-22,49,58.18,9,40,,,,,2005,6,22,0.03539889803004,1.4159559212016,38.5840440787984
2005-07-06,34,48.09,7,27,4.44,0.94,0.57,0.57,2005,7,6,0.105550002377942,2.84985006420443,24.1501499357956
2005-07-14,,19.3,,,,,,,2005,7,14,0.533453258112969,,
2005-07-20,22,11.77,8,14,,,,,2005,7,20,0.533453258112969,7.46834561358157,6.53165438641843
2005-08-03,45,10.21,10,35,0.51,0.005,0.005,0.005,2005,8,3,0.357353739067152,12.5073808673503,22.4926191326497
2005-08-17,32,21.16,8,24,,,,,2005,8,17,0.564062279742438,13.5374947138185,10.4625052861815
2005-08-31,32,21.78,7,25,1.02,0.3,0.2,0.005,2005,8,31,0.612218557562778,15.3054639390694,9.69453606093055
2005-09-14,35,14.81,10,25,,,,,2005,9,14,0.487010648718372,12.1752662179593,12.8247337820407
2005-09-28,24,19.91,5,19,2.42,1.12,0.81,0.51,2005,9,28,0.690676886006406,13.1228608341217,5.87713916587829
2005-10-12,29,15.2,8,21,,,,,2005,10,12,0.941350691938466,19.7683645307078,1.23163546929221
2005-10-31,23,14.98,7,16,7.26,6.35,0.2,0.31,2005,10,31,,,
2006-05-08,,,,,13.1,0.64,0.005,0.005,2006,5,8,0.998940825979351,,
2006-05-24,30,1.51,3,27,,,,,2006,5,24,0.975020165962675,26.3255444809922,0.674455519007774
2006-06-07,33,18.48,7,26,13.82,0.77,0.49,0.3,2006,6,7,0.175841795785799,4.57188669043077,21.4281133095692
2006-06-21,39,54.78,5,34,,,,,2006,6,21,0.0291645759615678,0.991595582693305,33.0084044173067
2006-07-04,22,4.39,7,15,10.56,1.02,2.05,0.005,2006,7,4,0.168528757021384,2.52793135532076,12.4720686446792
2006-07-19,29,20.18,10,19,,,,,2006,7,19,0.489893295120547,9.30797260729039,9.69202739270961
2006-08-02,32,4.97,10,22,16.13,0.96,0.19,0.19,2006,8,2,0.710012055733378,15.6202652261343,6.37973477386568
2006-08-16,38,29.69,11,27,,,,,2006,8,16,0.711068540390167,19.1988505905345,7.80114940946549
2006-08-30,33,14.51,9,24,18.07,0.74,0.005,0.51,2006,8,30,0.733467400535649,17.6032176128556,6.39678238714442
2006-09-13,30,10.73,10,20,,,,,2006,9,13,0.773272617767248,15.465452355345,4.53454764465504
2006-09-27,33,,10,23,7.21,0.005,0.005,0.005,2006,9,27,0.858485455180989,19.7451654691627,3.25483453083725
2006-10-11,39,2.17,8,31,,,,,2006,10,11,0.963301760313798,29.8623545697277,1.13764543027226
2006-10-31,61,37.21,11,50,10.34,9.85,9.88,9.05,2006,10,31,0.995100444786531,49.7550222393265,0.244977760673448
2007-05-09,,,,,12.29,0.19,0.005,0.005,2007,5,9,1,,
2007-05-22,34,7.65,9,25,,,,,2007,5,22,0.994838200209814,24.8709550052453,0.129044994754651
2007-06-05,38,14.39,8,30,11,2.68,1.41,0.84,2007,6,5,0.55847299314057,16.7541897942171,13.2458102057829
2007-06-19,41,61.16,6,35,,,,,2007,6,19,0.107840192732313,3.77440674563096,31.225593254369
2007-07-03,38,84.66,6,32,7.78,0.18,0.005,0.005,2007,7,3,0.0823350524996404,2.63472167998849,29.3652783200115
2007-07-17,41,19.52,12,29,,,,,2007,7,17,0.705184023197215,20.4503366727192,8.54966332728077
2007-07-31,34,11.57,9,25,5,0.5,0.18,0.005,2007,7,31,0.557151034466417,13.9287758616604,11.0712241383396
2007-08-14,37,25.53,12,25,,,,,2007,8,14,0.664519538881042,16.612988472026,8.38701152797395
2007-08-28,42,30.64,12,30,1.9,0.005,0.005,0.005,2007,8,28,0.14759327671054,4.4277983013162,25.5722016986838
2007-09-11,46,39.77,12,34,,,,,2007,9,11,0.470002469756961,15.9800839717367,18.0199160282633
2007-09-25,40,47.94,7,33,6.14,0.005,0.005,0.005,2007,9,25,0.721712412887685,23.8165096252936,9.1834903747064
2007-10-09,38,63.12,8,30,,,,,2007,10,9,1,30,0
2007-10-23,41,54.85,10,31,,,,,2007,10,23,0.900193263999669,27.9059911839897,3.09400881601026
2008-05-13,,,,,2.03,0.005,0.005,0.005,2008,5,13,0.998864483542966,,
2008-05-27,27,11.55,6,21,,,,,2008,5,27,0.991730602791856,20.826342658629,0.173657341371024
2008-06-10,33,7.59,7,26,11.41,0.005,0.005,0.005,2008,6,10,0.802731618122177,20.8710220711766,5.1289779288234
2008-06-24,42,39.45,9,33,,,,,2008,6,24,0.0923716824130063,3.04826551962921,29.9517344803708
2008-07-08,41,60.1,8,33,4.37,0.005,0.005,0.005,2008,7,8,0.0544030168116648,1.79529955478494,31.2047004452151
2008-07-22,21,8.17,9,12,,,,,2008,7,22,0.460854602624902,5.53025523149882,6.46974476850118
2008-08-05,21,11.2,7,14,0.65,0.005,0.005,0.005,2008,8,5,0.739857490279381,10.3580048639113,3.64199513608867
2008-08-19,407,23.18,384,23,,,,,2008,8,19,0.643071078536445,14.7906348063382,8.20936519366177
2008-09-02,29,13.55,8,21,1.04,0.005,0.005,0.005,2008,9,2,0.709471803058548,14.8989078642295,6.10109213577049
2008-09-16,29,13.21,9,20,,,,,2008,9,16,0.89224461729071,17.8448923458142,2.1551076541858
2008-09-30,33,20.34,8,25,4.42,0.005,0.005,0.005,2008,9,30,0.672059669303142,16.8014917325786,8.19850826742145
2008-10-14,8,2.49,2,6,,,,,2008,10,14,0.898464122793848,5.39078473676309,0.609215263236912
2008-11-10,,,,,4.39,4.39,4.32,4.39,2008,11,10,0.964328169817871,,
2009-05-12,,,,,4.68,0.005,0.005,0.005,2009,5,12,0.999848706315209,,
2009-05-12,,,,,4.68,0.005,0.005,0.005,2009,5,12,1,,
2009-05-19,23,7.34,7,16,5.62,0.18,0.005,0.005,2009,5,19,0.999848706315209,15.9975793010433,0.00242069895665686
2009-05-19,23,7.34,7,16,5.62,0.18,0.005,0.005,2009,5,19,1,16,0
2009-06-01,26,5.07,8,18,,,,,2009,6,1,0.999617464782668,17.993114366088,0.00688563391197605
2009-06-15,20,3.91,8,12,0.75,0.005,0.005,0.005,2009,6,15,0.961078982260541,11.5329477871265,0.467052212873508
2009-06-29,42,39.94,8,34,,,,,2009,6,29,0.343166403602224,11.6676577224756,22.3323422775244
2009-07-14,44,68.91,6,38,0.005,0.005,0.005,0.005,2009,7,14,0.038648032470983,1.46862523389735,36.5313747661026
2009-07-27,33,52.73,8,25,,,,,2009,7,27,0.0429651959245352,1.07412989811338,23.9258701018866
2009-08-11,22,14.08,8,14,0.73,0.005,0.005,0.005,2009,8,11,0.424720111188523,5.94608155663932,8.05391844336068
2009-08-25,18,15.97,7,11,,,,,2009,8,25,0.704024080887084,7.74426488975792,3.25573511024208
2009-09-09,36,32.23,10,26,0.64,0.005,0.005,0.005,2009,9,9,0.316287321393533,8.22347035623186,17.7765296437681
2009-09-22,25,58.76,8,17,,,,,2009,9,22,0.432675929322834,7.35549079848818,9.64450920151182
2009-10-06,23,26.35,7,16,5.66,0.005,0.005,0.005,2009,10,6,0.792094710939884,12.6735153750381,3.32648462496186
2009-11-02,,,,,5,4.89,4.9,0.005,2009,11,2,0.989059301669214,,
2010-05-18,30,7.92,8,22,,,,,2010,5,18,0.999405066998479,21.9869114739665,0.0130885260334626
2010-06-01,32,8.92,6,26,,,,,2010,6,1,0.928810227165962,24.149065906315,1.85093409368499
2010-06-02,40,,7,33,,,,,2010,6,2,0.928810227165962,30.6507374964767,2.34926250352326
2010-06-02,38,,10,28,,,,,2010,6,2,0.928810227165962,26.0066863606469,1.99331363935307
2010-06-14,35,24.01,6,29,,,,,2010,6,14,0.194702267457171,5.64636575625796,23.353634243742
2010-06-15,37,26.41,5,32,,,,,2010,6,15,0.194702267457171,6.23047255862947,25.7695274413705
2010-06-29,40,61.35,5,35,,,,,2010,6,29,0.0270473088902976,0.946655811160416,34.0533441888396
2010-06-29,37,51.24,5,32,,,,,2010,6,29,0.0270473088902976,0.865513884489523,31.1344861155105
2010-07-12,21,37.72,6,15,,,,,2010,7,12,0.0950778080251683,1.42616712037752,13.5738328796225
2010-07-13,21,29.7,6,15,,,,,2010,7,13,0.0950778080251683,1.42616712037752,13.5738328796225
2010-07-27,24,11.08,11,13,,,,,2010,7,27,0.745783860267122,9.69519018347258,3.30480981652741
2010-07-27,19,8.46,5,14,,,,,2010,7,27,0.745783860267122,10.4409740437397,3.55902595626029
2010-08-09,20,5.54,6,14,,,,,2010,8,9,0.781828665300049,10.9456013142007,3.05439868579931
2010-08-10,22,6.82,6,16,,,,,2010,8,10,0.781828665300049,12.5092586448008,3.49074135519922
2010-08-23,23,11.94,6,17,,,,,2010,8,23,0.873865801402478,14.8557186238421,2.14428137615787
2010-08-24,26,15.65,5,21,,,,,2010,8,24,0.873865801402478,18.351181829452,2.64881817054796
2010-09-08,30,24.36,6,24,,,,,2010,9,8,0.534593418318141,12.8302420396354,11.1697579603646
2010-09-20,51,91.79,7,44,,,,,2010,9,20,0.972518529254651,42.7908152872046,1.20918471279536
2010-09-21,33,38.94,6,27,,,,,2010,9,21,0.972518529254651,26.2580002898756,0.741999710124423
2010-10-05,34,30.76,6,28,,,,,2010,10,5,0.884177556139193,24.7569715718974,3.2430284281026
2010-10-14,36,71.61,6,30,,,,,2010,10,14,,,
2011-05-17,28,6.84,7,21,,,,,2011,5,17,1,21,0
2011-05-31,29.5,,0.5,29,,,,,2011,5,31,0.84073423985246,24.3812929557213,4.61870704427866
2011-06-14,40,41.72,7,33,,,,,2011,6,14,0.173530052439566,5.72649173050568,27.2735082694943
2011-06-28,41,67.65,6,35,,,,,2011,6,28,0.0721715817374052,2.52600536080918,32.4739946391908
2011-07-12,25,41.36,7,18,,,,,2011,7,12,0.269400978643249,4.84921761557848,13.1507823844215
2011-07-26,22,13.5,6,16,,,,,2011,7,26,0.712540069652701,11.4006411144432,4.59935888555678
2011-08-09,27,19.59,6,21,,,,,2011,8,9,0.796712773983902,16.7309682536619,4.26903174633806
2011-08-23,36,43.04,7,29,,,,,2011,8,23,0.559265004487438,16.2186851301357,12.7813148698643
2011-09-06,35,,7,28,,,,,2011,9,6,0.535729134276499,15.000415759742,12.999584240258
2011-09-20,30,27.26,6,24,,,,,2011,9,20,0.656152915364574,15.7476699687498,8.25233003125022
2011-10-04,31,23.66,8,23,,,,,2011,10,4,0.962498331634597,22.1374616275957,0.86253837240427
2011-10-18,47,74.3,7,40,,,,,2011,10,18,0.945371727398589,37.8148690959436,2.18513090405644
2012-05-23,36,11.66,7,29,,,,,2012,5,23,0.994368054378173,28.836673576967,0.163326423032983
2012-06-05,35,12.31,6,29,,,,,2012,6,5,0.394680358415046,11.4457303940363,17.5542696059637
2012-06-26,47,78.79,8,39,,,,,2012,6,26,0.0552149965349324,2.15338486486236,36.8466151351376
2012-06-26,47,78.79,8,39,,,,,2012,6,26,0.0789538824636979,3.07920141608422,35.9207985839158
2012-07-03,22,22.06,6,16,,,,,2012,7,3,0.0789538824636979,1.26326211941917,14.7367378805808
2012-07-17,27,10.36,9,18,,,,,2012,7,17,0.348606193155221,6.27491147679398,11.725088523206
2012-07-31,20,15.55,7,13,,,,,2012,7,31,0.928629574981604,12.0721844747609,0.927815525239148
2012-08-14,28,35.02,6,22,,,,,2012,8,14,0.671979328978485,14.7835452375267,7.21645476247333
2012-08-28,33,17.74,6,27,,,,,2012,8,28,0.362000040408885,9.7740010910399,17.2259989089601
2012-09-11,39,62.68,7,32,,,,,2012,9,11,0.927442464598126,29.67815886714,2.32184113285997
2012-09-25,46,37.99,13,33,,,,,2012,9,25,0.978496258199901,32.2903765205967,0.709623479403265
2012-10-10,47,57.52,10,37,,,,,2012,10,10,0.999687989112994,36.9884555971808,0.011544402819224
2012-10-25,44,41.44,10,34,,,,,2012,10,25,1,34,0
2013-05-22,27,7.77,8,19,,,,,2013,5,22,1,19,0
2013-06-18,34,8.25,7,27,,,,,2013,6,18,,,
2013-07-16,23,5.46,7,16,,,,,2013,7,16,0.670720218618532,10.7315234978965,5.26847650210349
2013-08-13,39,13.03,7,32,,,,,2013,8,13,,,
2013-09-10,45,41.13,8,37,,,,,2013,9,10,,,
2013-10-08,42,40.36,9,33,,,,,2013,10,8,,,
2014-06-10,20,,8,12,,,,,2014,6,10,0.998580780514621,11.9829693661755,0.0170306338245485
2014-06-23,31,,11,20,,,,,2014,6,23,0.997146242552694,19.9429248510539,0.0570751489461196
2014-07-09,32,,7,25,,,,,2014,7,9,0.234860671828989,5.87151679572472,19.1284832042753
2014-07-22,43,,8,35,,,,,2014,7,22,0.11387799603076,3.9857298610766,31.0142701389234
2014-08-06,20,,8,12,,,,,2014,8,6,0.0796285318080291,0.955542381696349,11.0444576183037
2014-08-19,26,,9,17,,,,,2014,8,19,0.525620649098827,8.93555103468006,8.06444896531994
2014-08-20,,,,,,,,,2014,8,20,0.525620649098827,,
2014-09-03,43,,11,32,,,,,2014,9,3,0.611213082265663,19.5588186325012,12.4411813674988
2014-09-16,48,,10,38,,,,,2014,9,16,0.640171416546258,24.3265138287578,13.6734861712422
2014-09-29,52,,2,50,,,,,2014,9,29,0.841344988077556,42.0672494038778,7.9327505961222
2014-10-15,56,,11,45,,,,,2014,10,15,0.813705057683328,36.6167275957498,8.38327240425024
2014-10-28,46,,9,37,,,,,2014,10,28,0.849541368955427,31.4330306513508,5.5669693486492
2014-10-28,,,,,,,,,2014,10,28,0.849541368955427,,
2015-05-19,26,7.44,6,20,,,,,2015,5,19,0.999206366702674,19.9841273340535,0.0158726659465191
2015-05-19,25,6.41,6,19,,,,,2015,5,19,0.999206366702674,18.9849209673508,0.0150790326491932
2015-05-25,,,,,,,,,2015,5,25,0.999206366702674,,
2015-05-25,,,,,,,,,2015,5,25,0.977166161961512,,
2015-06-01,26,3.74,9,17,,,,,2015,6,1,0.977166161961512,16.6118247533457,0.388175246654297
2015-06-01,,,,,,,,,2015,6,1,0.977166161961512,,
2015-06-01,27,3.29,8,19,,,,,2015,6,1,0.977166161961512,18.5661570772687,0.433842922731273
2015-06-08,,,,,,,,,2015,6,8,0.977166161961512,,
2015-06-08,,,,,,,,,2015,6,8,0.208189696416426,,
2015-06-09,,,,,,,,,2015,6,9,0.208189696416426,,
2015-06-15,30,25.27,6,24,,,,,2015,6,15,0.208189696416426,4.99655271399422,19.0034472860058
2015-06-15,39,23.96,7,32,,,,,2015,6,15,0.208189696416426,6.66207028532563,25.3379297146744
2015-06-16,,,,,,,,,2015,6,16,0.208189696416426,,
2015-06-22,,,,,,,,,2015,6,22,0.208189696416426,,
2015-06-22,,,,,,,,,2015,6,22,0.071325799347272,,
2015-06-24,,,,,,,,,2015,6,24,0.071325799347272,,
2015-06-29,29,58.01,6,23,,,,,2015,6,29,0.071325799347272,1.64049338498726,21.3595066150127
2015-06-29,31,55.14,6,25,,,,,2015,6,29,0.071325799347272,1.7831449836818,23.2168550163182
2015-06-30,,,,,,,,,2015,6,30,0.071325799347272,,
2015-07-06,,,,,,,,,2015,7,6,0.071325799347272,,
2015-07-06,,,,,,,,,2015,7,6,0.321651566834567,,
2015-07-06,,,,,,,,,2015,7,6,0.071325799347272,,
2015-07-06,,,,,,,,,2015,7,6,0.321651566834567,,
2015-07-13,21,11.5,6,15,,,,,2015,7,13,0.321651566834567,4.82477350251851,10.1752264974815
2015-07-13,21,11.14,6,15,,,,,2015,7,13,0.321651566834567,4.82477350251851,10.1752264974815
2015-07-14,,,,,,,,,2015,7,14,0.321651566834567,,
2015-07-22,27,11.54,7,20,,,,,2015,7,22,0.693396355191386,13.8679271038277,6.13207289617228
2015-07-27,20,11.73,5,15,,,,,2015,7,27,0.693396355191386,10.4009453278708,4.59905467212921
2015-07-27,21,11.72,6,15,,,,,2015,7,27,0.693396355191386,10.4009453278708,4.59905467212921
2015-08-05,,,,,,,,,2015,8,5,0.692969085942815,,
2015-08-10,26,18.74,7,19,,,,,2015,8,10,0.692969085942815,13.1664126329135,5.83358736708651
2015-08-10,26,18.19,6,20,,,,,2015,8,10,0.692969085942815,13.8593817188563,6.1406182811437
2015-08-12,,,,,,,,,2015,8,12,0.692969085942815,,
2015-08-17,,,,,,,,,2015,8,17,0.692969085942815,,
2015-08-17,,,,,,,,,2015,8,17,0.9951987366437,,
2015-08-24,35,37.89,7,28,,,,,2015,8,24,0.9951987366437,27.8655646260236,0.134435373976401
2015-08-24,31,35.91,7,24,,,,,2015,8,24,0.9951987366437,23.8847696794488,0.115230320551201
2015-09-08,38,41.64,8,30,,,,,2015,9,8,0.686984017634005,20.6095205290201,9.39047947097985
2015-09-08,37,42.4,7,30,,,,,2015,9,8,0.686984017634005,20.6095205290201,9.39047947097985
2015-09-21,41,35.94,9,32,,,,,2015,9,21,0.748961459080463,23.9667666905748,8.03323330942519
2015-09-21,41,45.15,9,32,,,,,2015,9,21,0.748961459080463,23.9667666905748,8.03323330942519
2015-10-05,36,13.04,13,23,,,,,2015,10,5,0.849765850620633,19.5446145642746,3.45538543572544
2015-10-05,37,13.33,14,23,,,,,2015,10,5,0.849765850620633,19.5446145642746,3.45538543572544
2016-05-18,24,6,8,16,,,,,2016,5,18,,,
2016-05-30,30,6,8,22,,,,,2016,5,30,,,
2016-06-15,31,28,6,25,,,,,2016,6,15,,,
2016-06-15,,28,7,,,,,,2016,6,15,,,
2016-06-29,35,59,6,29,,,,,2016,6,29,,,
2016-07-20,20,21,7,13,,,,,2016,7,20,,,
2016-07-20,20,22,7,13,,,,,2016,7,20,,,
2016-08-03,23,,7,16,,,,,2016,8,3,,,
2016-08-17,29,,7,22,,,,,2016,8,17,,,
2016-08-17,29,,8,21,,,,,2016,8,17,,,
2016-08-31,36,,9,27,,,,,2016,8,31,,,
2016-09-14,32,,8,24,,,,,2016,9,14,,,
2016-09-14,,,,,,,,,2016,9,14,,,
2016-09-28,42,,9,33,,,,,2016,9,28,,,
