1990,6,27,30.55,68.719
1990,6,28,5.198,81.814
1990,6,29,4.2307,70.3
1990,6,30,3.9398,52.756
1990,7,1,3.3312,49.335
1990,7,2,2.3234,42.644
1990,7,3,2.2331,41.232
1990,7,4,1.7112,35.16
1990,7,5,1.4363,69.16
1990,7,6,1.0689,54.747
1990,7,7,0.80266,43.04
1990,7,8,0.70078,39.427
1990,7,9,0.59524,57.818
1990,7,10,0.51255,52.757
1990,7,11,0.44143,48.165
1990,7,12,0.37212,43.997
1990,7,13,0.48433,42.426
1990,7,14,0.42678,39.714
1990,7,15,0.34382,37.134
1990,7,16,0.2875,34.304
1990,7,17,0.23526,30.641
1990,7,18,0.20125,44.58
1990,7,19,0.17987,41.119
1990,7,20,0.15428,38.363
1990,7,21,0.14395,35.92
1990,7,22,0.12791,33.748
1990,7,23,0.11327,31.639
1990,7,24,1.6519,44.699
1990,7,25,0.089779,42.037
1990,7,26,0.093555,37.766
1990,7,27,0.06556,32.578
1990,7,28,0.075511,30.813
1990,7,29,0.071146,28.996
1990,7,30,0.058211,27.206
1990,7,31,0.052138,25.554
1990,8,1,0.06018,23.961
1990,8,2,0.13006,37.591
1990,8,3,0.058988,35.242
1990,8,4,0.060925,32.946
1990,8,5,0.10584,31.559
1990,8,6,0.10117,29.962
1990,8,7,0.096685,28.436
1990,8,8,0.038993,24.9
1990,8,9,0.05559,37.007
1990,8,10,0.057506,35.027
1990,8,11,0.055326,33.467
1990,8,12,0.057832,31.605
1990,8,13,0.061591,30.042
1990,8,14,0.049568,28.587
1990,8,15,0.048632,26.802
1990,8,16,1.1967,37.496
1990,8,17,0.051941,36.471
1990,8,18,0.057937,34.79
1990,8,19,0.051708,33.049
1990,8,20,0.050485,31.465
1990,8,21,0.054089,29.958
1990,8,22,0.049324,39.822
1990,8,23,0.072986,37.048
1990,8,24,0.092497,35.595
1990,8,25,0.060016,34.123
1990,8,26,0.10579,32.38
1990,8,27,7.7105,37.558
1990,8,28,5.2244,36.929
1990,8,29,3.3486,35.647
1990,8,30,1.3273,35.284
1990,8,31,0.11544,33.969
1990,9,1,0.072239,31.205
1990,9,2,0.052873,29.663
1990,9,3,0.052437,27.527
1990,9,4,0.070075,26.127
1990,9,5,2.5796,36.467
1990,9,6,1.8094,35.279
1990,9,7,0.16728,35.084
1990,9,8,0.15179,33.675
1990,9,9,0.17783,32.253
1990,9,10,0.16511,30.704
1990,9,11,0.15989,29.334
1990,9,12,1.3142,36.864
1990,9,13,0.2445,36.326
1990,9,14,0.12621,34.849
1990,9,15,0.19172,33.423
1990,9,16,1.3428,32.709
1990,9,17,1.1467,30.776
1990,9,18,1.1423,29.603
1990,9,19,2.4343,35.767
1990,9,20,1.3885,35.238
1990,9,21,1.0805,33.185
1990,9,22,0.48411,32.989
1990,9,23,0.35189,32.224
1990,9,24,0.17626,30.973
1990,9,25,0.19097,29.546
1990,9,26,2.4064,36.5
1990,9,27,1.0301,35.714
1990,9,28,1.1692,34.576
1990,9,29,0.49076,34.246
1990,9,30,2.2686,32.761
1990,10,1,2.078,32.009
1990,10,2,2.038,30.958
1990,10,3,2.1281,29.835
1990,10,4,1.4079,29.881
1990,10,5,3.0831,29.502
1990,10,6,36.395,27.054
1990,10,7,36.145,27.051
1990,10,8,35.518,27.201
1990,10,9,34.898,27.424
1990,10,10,33.897,27.656
1990,10,11,33.044,27.949
1990,10,12,32.159,28.23
1990,10,13,31.764,28.311
1990,10,14,31.579,28.289
1990,10,15,30.828,28.298
1990,10,16,30.227,28.376
1990,10,17,12.128,30.003
1990,10,18,11.49,30.359
1990,10,19,10.239,28.632
1990,10,20,10.219,30.478
1990,10,21,9.7985,30.378
1990,10,22,9.4028,30.385
1990,10,23,8.8867,30.403
1990,10,24,8.4318,30.051
1990,10,25,8.3449,30.008
1990,10,26,7.3514,29.953
1990,10,27,3.4794,28.896
1990,10,28,1.0083,27.295
1990,10,29,0.092938,24.446
1990,10,30,0.075512,22.762
1990,10,31,6.123,28.914
1990,11,1,6.1892,28.66
1990,11,2,5.8115,28.329
1990,11,3,1.2236,27.866
1990,11,4,0.11604,25.01
1990,11,5,0.046058,21.582
1990,11,6,0.057502,18.652
1990,11,7,0.058289,16.12
1990,11,8,0.10215,13.417
1990,11,9,0.12143,11.584
1990,11,10,0.16716,9.9764
1990,11,11,0.19878,8.622
1990,11,12,0.24412,7.4803
1990,11,13,0.28082,6.5178
1990,11,14,0.27647,5.7442
1990,11,15,0.26732,5.0814
1990,11,16,0.28623,4.4632
1990,11,17,0.32905,3.9275
1990,11,18,0.35879,3.4905
1990,11,19,0.3955,3.1041
1990,11,20,0.38392,2.6523
1990,11,21,0.39835,2.1605
1990,11,22,0.39968,1.752
1990,11,23,0.46835,1.5586
1990,11,24,0.50706,1.3618
1990,11,25,0.58208,1.2136
1990,11,26,0.68942,1.0914
1990,11,27,0.79343,0.9823
1990,11,28,0.90787,0.88734
1990,11,29,1.0263,0.80137
1990,11,30,1.1632,0.7404
1990,12,1,1.2983,0.69221
1990,12,2,1.4391,0.63775
1990,12,3,1.579,0.59224
1990,12,4,1.7192,0.55122
1990,12,5,1.8826,0.51103
1990,12,6,2.0476,0.47215
1990,12,7,2.2115,0.43981
1990,12,8,2.3928,0.4198
1990,12,9,2.575,0.39657
1990,12,10,2.7564,0.37432
1990,12,11,2.6525,0.32066
1990,12,12,2.8097,0.29566
1990,12,13,3.0018,0.27938
1990,12,14,3.2582,0.27271
1990,12,15,3.5603,0.26241
1990,12,16,3.9906,0.259
1990,12,17,4.4089,0.25507
1990,12,18,4.8155,0.2508
1990,12,19,4.541,0.2118
1990,12,20,4.8367,0.20291
1990,12,21,4.7295,0.18065
1990,12,22,5.1444,0.17933
1990,12,23,5.5074,0.17393
1990,12,24,5.8479,0.17117
1990,12,25,6.2322,0.17003
1990,12,26,6.5912,0.16597
1990,12,27,6.707,0.15504
1990,12,28,6.791,0.14363
1990,12,29,7.1148,0.13742
1990,12,30,7.4228,0.13045
1990,12,31,7.6727,0.1229
1991,1,1,7.9585,0.1163
1991,1,2,8.2321,0.1098
1991,1,3,8.4942,0.10303
1991,1,4,8.7454,0.096648
1991,1,5,8.9863,0.090755
1991,1,6,9.2176,0.085129
1991,1,7,8.6222,0.072793
1991,1,8,8.8696,0.068543
1991,1,9,9.106,0.064442
1991,1,10,8.4426,0.054709
1991,1,11,8.67,0.051623
1991,1,12,8.8461,0.048442
1991,1,13,8.9457,0.045055
1991,1,14,9.1475,0.042381
1991,1,15,9.3678,0.039726
1991,1,16,9.4364,0.036855
1991,1,17,9.644,0.034692
1991,1,18,9.7693,0.032297
1991,1,19,9.8737,0.029978
1991,1,20,10.063,0.02804
1991,1,21,9.8022,0.025196
1991,1,22,9.4013,0.022233
1991,1,23,9.6117,0.021028
1991,1,24,9.8123,0.019811
1991,1,25,9.5995,0.017917
1991,1,26,9.4587,0.016227
1991,1,27,9.6652,0.015309
1991,1,28,9.8621,0.014535
1991,1,29,10.02,0.013606
1991,1,30,10.05,0.012615
1991,1,31,10.2,0.011836
1991,2,1,10.373,0.011104
1991,2,2,10.54,0.010405
1991,2,3,10.7,0.010269
1991,2,4,10.853,0.0099014
1991,2,5,11.001,0.0094117
1991,2,6,11.143,0.0089172
1991,2,7,11.28,0.0085389
1991,2,8,11.412,0.0083299
1991,2,9,11.54,0.0084094
1991,2,10,11.663,0.0079692
1991,2,11,11.782,0.007598
1991,2,12,11.898,0.007245
1991,2,13,11.779,0.0067522
1991,2,14,11.898,0.0065783
1991,2,15,12.013,0.0064843
1991,2,16,12.124,0.0065061
1991,2,17,12.231,0.0061491
1991,2,18,12.188,0.0057272
1991,2,19,11.799,0.0052024
1991,2,20,11.854,0.0050992
1991,2,21,11.978,0.0051227
1991,2,22,12.097,0.0050198
1991,2,23,12.212,0.0048466
1991,2,24,12.322,0.0048467
1991,2,25,12.429,0.0046619
1991,2,26,12.532,0.0043536
1991,2,27,12.631,0.0041751
1991,2,28,11.609,0.0036872
1991,3,1,11.649,0.0034168
1991,3,2,11.792,0.0032522
1991,3,3,11.927,0.0030784
1991,3,4,11.602,0.0027884
1991,3,5,10.318,0.0023304
1991,3,6,10.522,0.0022226
1991,3,7,10.65,0.0021474
1991,3,8,10.132,0.0019958
1991,3,9,10.339,0.001873
1991,3,10,10.533,0.0018095
1991,3,11,10.716,0.0017132
1991,3,12,10.89,0.0016273
1991,3,13,11.055,0.0015809
1991,3,14,11.211,0.0016351
1991,3,15,11.361,0.0016825
1991,3,16,11.469,0.0017049
1991,3,17,11.606,0.0019328
1991,3,18,11.738,0.0021093
1991,3,19,11.865,0.0023887
1991,3,20,11.986,0.0029564
1991,3,21,12.102,0.0039602
1991,3,22,12.243,0.0048402
1991,3,23,12.357,0.0058407
1991,3,24,12.457,0.0085089
1991,3,25,12.222,0.012119
1991,3,26,12.333,0.012569
1991,3,27,12.218,0.014567
1991,3,28,12.331,0.014475
1991,3,29,12.44,0.015442
1991,3,30,11.348,0.015051
1991,3,31,11.507,0.015315
1991,4,1,11.657,0.014934
1991,4,2,11.798,0.015463
1991,4,3,11.6,0.016978
1991,4,4,11.744,0.018273
1991,4,5,11.842,0.024365
1991,4,6,11.97,0.030126
1991,4,7,12.089,0.040481
1991,4,8,12.203,0.045347
1991,4,9,12.309,0.056268
1991,4,10,12.406,0.070679
1991,4,11,12.497,0.086467
1991,4,12,12.58,0.10469
1991,4,13,10.175,0.1068
1991,4,14,7.675,0.094501
1991,4,15,8.0094,0.08824
1991,4,16,8.2539,0.0923
1991,4,17,8.5314,0.10075
1991,4,18,8.7904,0.11148
1991,4,19,9.0326,0.12373
1991,4,20,9.2583,0.14535
1991,4,21,9.471,0.15915
1991,4,22,8.7904,0.17259
1991,4,23,9.0156,0.19754
1991,4,24,9.2228,0.22519
1991,4,25,9.4916,0.27366
1991,4,26,9.7524,0.33375
1991,4,27,9.42,0.43984
1991,4,28,19.037,0.4579
1991,4,29,14.704,0.56715
1991,4,30,25.08,0.43964
1991,5,1,25.165,0.5166
1991,5,2,25.293,0.61417
1991,5,3,25.27,0.70933
1991,5,4,25.204,0.82291
1991,5,5,25.009,0.93622
1991,5,6,24.967,1.1095
1991,5,7,25.042,1.3241
1991,5,8,19.632,17.736
1991,5,9,16.435,22.387
1991,5,10,5.9885,29.06
1991,5,11,0.026259,30.687
1991,5,12,0.0241,26.028
1991,5,13,0.023761,22.477
1991,5,14,0.02227,19.44
1991,5,15,0.031166,45.367
1991,5,16,0.035387,41.962
1991,5,17,0.02713,38.191
1991,5,18,0.029152,34.829
1991,5,19,0.026308,31.796
1991,5,20,0.02507,29.074
1991,5,21,0.025097,26.526
1991,5,22,0.024831,17.025
1991,5,23,0.024018,14.16
1991,5,24,2.1549,32.205
1991,5,25,0.028812,30.16
1991,5,26,0.028119,26.929
1991,5,27,0.028368,23.931
1991,5,28,0.026329,21.916
1991,5,29,4.926,34.491
1991,5,30,0.034037,35.791
1991,5,31,0.044832,31.938
1991,6,1,0.043304,29.951
1991,6,2,0.030593,27.995
1991,6,3,0.035647,26.263
1991,6,4,0.026751,24.647
1991,6,5,0.0385,23.103
1991,6,6,0.025683,21.723
1991,6,7,0.02631,37.196
1991,6,8,0.030929,33.229
1991,6,9,0.027947,30.844
1991,6,10,0.030808,27.814
1991,6,11,0.031362,26.115
1991,6,12,0.02856,24.517
1991,6,13,0.036968,18.424
1991,6,14,0.028612,17.942
1991,6,15,0.023733,17.29
1991,6,16,0.023095,16.597
1991,6,17,0.024792,15.02
1991,6,18,0.02543,14.11
1991,6,19,0.022911,13.614
1991,6,20,0.061564,29.303
1991,6,21,0.034605,26.126
1991,6,22,0.050911,23.474
1991,6,23,0.04022,21.109
1991,6,24,0.051762,19.196
1991,6,25,0.035415,16.595
1991,6,26,5.5292,23.952
1991,6,27,3.1452,23.665
1991,6,28,0.035109,24.121
1991,6,29,0.032697,21.642
1991,6,30,0.030299,15.931
1991,7,1,0.041454,14.765
1991,7,2,0.040189,14.149
1991,7,3,0.041517,13.007
1991,7,4,3.2094,22.106
1991,7,5,0.029394,27.964
1991,7,6,0.043425,23.423
1991,7,7,0.038128,21.659
1991,7,8,0.035106,20.277
1991,7,9,0.060038,19.325
1991,7,10,5.9216,26.81
1991,7,11,2.9304,26.439
1991,7,12,1.5546,25.269
1991,7,13,0.50871,24.368
1991,7,14,0.075001,22.958
1991,7,15,0.066551,21.285
1991,7,16,0.034912,15.107
1991,7,17,0.029745,14.14
1991,7,18,6.4349,22.921
1991,7,19,2.1285,25.317
1991,7,20,0.038574,25.856
1991,7,21,0.042446,23.924
1991,7,22,4.8276,33.633
1991,7,23,0.58293,34.165
1991,7,24,0.048757,31.413
1991,7,25,0.042612,29.822
1991,7,26,0.041495,28.423
1991,7,27,0.056604,26.991
1991,7,28,0.046138,25.64
1991,7,29,0.038672,24.263
1991,7,30,0.05848,23.009
1991,7,31,0.059162,23.436
1991,8,1,0.44191,31.672
1991,8,2,0.079437,30.808
1991,8,3,0.068532,29.631
1991,8,4,0.067247,28.477
1991,8,5,0.066082,27.386
1991,8,6,0.065021,26.302
1991,8,7,4.8091,33.763
1991,8,8,3.494,32.187
1991,8,9,0.47868,32.507
1991,8,10,0.089262,30.157
1991,8,11,0.068638,27.672
1991,8,12,0.070912,25.397
1991,8,13,0.041416,23.369
1991,8,14,0.039872,21.45
1991,8,15,5.6583,28.208
1991,8,16,2.567,28.164
1991,8,17,0.12649,30.228
1991,8,18,0.11659,28.663
1991,8,19,0.13974,27.147
1991,8,20,0.092012,25.834
1991,8,21,5.7275,31.405
1991,8,22,4.6711,29.887
1991,8,23,4.1415,28.095
1991,8,24,3.4911,26.36
1991,8,25,2.5853,25.176
1991,8,26,1.7435,24.247
1991,8,27,0.03901,17.058
1991,8,28,0.061675,16.227
1991,8,29,0.054999,26.399
1991,8,30,0.38209,28.67
1991,8,31,0.26294,27.568
1991,9,1,0.14856,26.094
1991,9,2,0.18607,23.826
1991,9,3,0.13886,22.662
1991,9,4,0.16911,21.774
1991,9,5,0.1884,21.133
1991,9,6,6.6743,26.101
1991,9,7,6.5922,24.606
1991,9,8,0.48979,17.793
1991,9,9,0.3974,17.203
1991,9,10,5.6782,19.908
1991,9,11,5.189,19.231
1991,9,12,8.4777,25.483
1991,9,13,8.0329,24.643
1991,9,14,5.1369,24.152
1991,9,15,4.8375,22.467
1991,9,16,1.7773,23.169
1991,9,17,4.169,24.695
1991,9,18,3.1141,23.479
1991,9,19,2.4136,23.983
1991,9,20,1.362,25.09
1991,9,21,1.4418,24.58
1991,9,22,3.4609,23.934
1991,9,23,2.7129,24.239
1991,9,24,2.609,23.501
1991,9,25,2.1906,23.845
1991,9,26,3.4974,24.691
1991,9,27,53.721,29.975
1991,9,28,53.532,29.99
1991,9,29,53.696,29.497
1991,9,30,53.949,29.062
1991,10,1,54.377,28.482
1991,10,2,54.744,27.89
1991,10,3,54.677,27.498
1991,10,4,54.553,27.123
1991,10,5,53.525,27.081
1991,10,6,51.967,27.344
1991,10,7,51.018,27.573
1991,10,8,51.039,27.324
1991,10,9,50.866,27.167
1991,10,10,50.367,27.177
1991,10,11,49.054,27.386
1991,10,12,47.735,27.693
1991,10,13,46.591,27.634
1991,10,14,18.194,27.491
1991,10,15,17.052,28.084
1991,10,16,17.512,28.049
1991,10,17,15.684,28.546
1991,10,18,14.826,29.14
1991,10,19,14.09,29.522
1991,10,20,14.161,29.289
1991,10,21,14.265,28.982
1991,10,22,2.751,28.709
1991,10,23,0.46521,23.536
1991,10,24,0.043625,20.791
1991,10,25,0.054537,17.945
1991,10,26,0.043537,15.663
1991,10,27,0.05406,14.349
1991,10,28,13.304,27.823
1991,10,29,0.08596,17.092
1991,10,30,0.050849,14.785
1991,10,31,0.052963,12.667
1991,11,1,0.12686,8.1712
1991,11,2,0.28801,6.6187
1991,11,3,0.44471,5.7602
1991,11,4,0.62285,5.0559
1991,11,5,0.79421,4.2618
1991,11,6,1.0304,3.7652
1991,11,7,1.3117,3.2962
1991,11,8,1.6028,2.8644
1991,11,9,1.7919,2.3564
1991,11,10,2.1302,2.0876
1991,11,11,2.4408,1.8272
1991,11,12,2.7988,1.6242
1991,11,13,3.1655,1.44
1991,11,14,3.513,1.3232
1991,11,15,3.854,1.2196
1991,11,16,4.1987,1.1036
1991,11,17,3.971,0.87674
1991,11,18,3.7438,0.68312
1991,11,19,4.1272,0.63864
1991,11,20,4.2803,0.57093
1991,11,21,4.6106,0.51669
1991,11,22,4.9991,0.4754
1991,11,23,5.3853,0.44441
1991,11,24,5.7697,0.41022
1991,11,25,6.1333,0.3781
1991,11,26,6.1685,0.33571
1991,11,27,6.4605,0.31066
1991,11,28,6.7871,0.29024
1991,11,29,7.1719,0.27174
1991,11,30,7.4062,0.25093
1991,12,1,7.7622,0.23587
1991,12,2,7.7625,0.21163
1991,12,3,8.1096,0.19962
1991,12,4,8.4874,0.19054
1991,12,5,8.8282,0.17968
1991,12,6,8.0515,0.14959
1991,12,7,8.2169,0.14002
1991,12,8,8.4351,0.13163
1991,12,9,8.7709,0.12563
1991,12,10,9.1465,0.12048
1991,12,11,9.5074,0.11511
1991,12,12,9.8543,0.10955
1991,12,13,9.0931,0.093681
1991,12,14,9.4598,0.089663
1991,12,15,9.7672,0.085368
1991,12,16,9.6282,0.078031
1991,12,17,9.9141,0.074404
1991,12,18,10.248,0.071211
1991,12,19,9.9113,0.063773
1991,12,20,10.246,0.060839
1991,12,21,10.566,0.058089
1991,12,22,10.872,0.055011
1991,12,23,11.166,0.052313
1991,12,24,11.448,0.049376
1991,12,25,11.72,0.046705
1991,12,26,11.981,0.04393
1991,12,27,12.232,0.041322
1991,12,28,12.474,0.038923
1991,12,29,12.707,0.036831
1991,12,30,12.874,0.034404
1991,12,31,13.035,0.032138
1992,1,1,13.249,0.030426
1992,1,2,13.457,0.028801
1992,1,3,13.657,0.027266
1992,1,4,13.85,0.02582
1992,1,5,14.037,0.024455
1992,1,6,14.176,0.022995
1992,1,7,13.238,0.019955
1992,1,8,13.299,0.018462
1992,1,9,13.517,0.01739
1992,1,10,13.726,0.016369
1992,1,11,13.927,0.015495
1992,1,12,14.12,0.014871
1992,1,13,14.307,0.013988
1992,1,14,14.486,0.013177
1992,1,15,14.659,0.012467
1992,1,16,14.372,0.011437
1992,1,17,14.554,0.010785
1992,1,18,14.404,0.010148
1992,1,19,14.586,0.0096266
1992,1,20,14.762,0.0092303
1992,1,21,14.931,0.008658
1992,1,22,13.921,0.0076041
1992,1,23,14.13,0.0071985
1992,1,24,14.33,0.0068851
1992,1,25,14.521,0.0065365
1992,1,26,14.507,0.0062453
1992,1,27,14.69,0.0059454
1992,1,28,14.866,0.0056711
1992,1,29,14.142,0.0052087
1992,1,30,14.344,0.0050347
1992,1,31,14.538,0.0048276
1992,2,1,14.722,0.0047063
1992,2,2,14.899,0.0044574
1992,2,3,15.068,0.0042648
1992,2,4,15.23,0.0041956
1992,2,5,15.003,0.0040402
1992,2,6,15.035,0.003801
1992,2,7,15.202,0.0036749
1992,2,8,15.363,0.0034824
1992,2,9,14.998,0.0032378
1992,2,10,15.17,0.0032099
1992,2,11,15.334,0.0031861
1992,2,12,14.633,0.0030119
1992,2,13,14.824,0.002949
1992,2,14,14.194,0.0026758
1992,2,15,14.405,0.0025611
1992,2,16,14.604,0.0024171
1992,2,17,13.294,0.0021988
1992,2,18,13.168,0.0020503
1992,2,19,12.094,0.0019274
1992,2,20,12.086,0.0018635
1992,2,21,12.092,0.0018129
1992,2,22,12.33,0.0017635
1992,2,23,12.293,0.001771
1992,2,24,12.57,0.0017922
1992,2,25,12.832,0.0018183
1992,2,26,13.079,0.0017405
1992,2,27,12.278,0.0015633
1992,2,28,12.55,0.0014954
1992,2,29,12.806,0.0014384
1992,3,1,13.049,0.0013847
1992,3,2,13.279,0.0013477
1992,3,3,13.498,0.0013077
1992,3,4,13.706,0.0014239
1992,3,5,13.996,0.0016813
1992,3,6,14.267,0.0020537
1992,3,7,14.846,0.0029827
1992,3,8,14.944,0.0032105
1992,3,9,15.084,0.0032866
1992,3,10,15.175,0.0033345
1992,3,11,15.31,0.0034253
1992,3,12,15.44,0.0035827
1992,3,13,15.566,0.0040092
1992,3,14,15.688,0.0042369
1992,3,15,15.806,0.0043451
1992,3,16,15.92,0.0046279
1992,3,17,16.031,0.0046909
1992,3,18,16.138,0.0050972
1992,3,19,16.242,0.0048531
1992,3,20,16.343,0.0049209
1992,3,21,16.441,0.0052743
1992,3,22,16.536,0.0051874
1992,3,23,16.629,0.0049879
1992,3,24,16.73,0.0050467
1992,3,25,16.16,0.0056586
1992,3,26,16.277,0.0059305
1992,3,27,16.388,0.0059307
1992,3,28,15.647,0.005533
1992,3,29,15.791,0.0056688
1992,3,30,15.957,0.0064034
1992,3,31,16.084,0.0084687
1992,4,1,16.204,0.010241
1992,4,2,16.318,0.011176
1992,4,3,16.426,0.014237
1992,4,4,16.529,0.016947
1992,4,5,16.629,0.017768
1992,4,6,16.725,0.018972
1992,4,7,16.816,0.022804
1992,4,8,16.962,0.025706
1992,4,9,17.048,0.027004
1992,4,10,16.043,0.027841
1992,4,11,16.176,0.026738
1992,4,12,16.18,0.027894
1992,4,13,16.304,0.029833
1992,4,14,16.422,0.031524
1992,4,15,16.531,0.03734
1992,4,16,16.638,0.037675
1992,4,17,16.74,0.038786
1992,4,18,15.539,0.042262
1992,4,19,14.523,0.043143
1992,4,20,12.555,0.048451
1992,4,21,11.654,0.043267
1992,4,22,10.903,0.039611
1992,4,23,11.176,0.038848
1992,4,24,11.153,0.034833
1992,4,25,11.417,0.032064
1992,4,26,11.669,0.037655
1992,4,27,11.908,0.052296
1992,4,28,11.916,0.076754
1992,4,29,12.099,0.10724
1992,4,30,12.236,0.12082
1992,5,1,12.073,0.14522
1992,5,2,12.201,0.21286
1992,5,3,12.349,0.24205
1992,5,4,12.645,0.34617
1992,5,5,13.012,0.47716
1992,5,6,13.574,0.63836
1992,5,7,14.571,0.832
1992,5,8,17.165,1.0309
1992,5,9,16.685,1.8382
1992,5,10,11.341,3.2504
1992,5,11,8.1157,6.2649
1992,5,12,5.687,10.323
1992,5,13,0.74203,14.827
1992,5,14,3.7612,34.281
1992,5,15,0.028287,32.213
1992,5,16,0.029257,25.931
1992,5,17,0.030248,23.793
1992,5,18,0.028336,22
1992,5,19,0.030023,20.14
1992,5,20,0.031239,55.243
1992,5,21,0.036531,42.497
1992,5,22,0.035193,32.329
1992,5,23,0.046968,29.196
1992,5,24,0.032933,27.487
1992,5,25,0.028347,25.908
1992,5,26,0.027424,24.181
1992,5,27,2.9664,36.536
1992,5,28,0.13392,35.273
1992,5,29,0.047571,31.663
1992,5,30,0.023989,21.057
1992,5,31,0.030781,26.41
1992,6,1,0.037223,24.164
1992,6,2,0.038739,22.137
1992,6,3,6.1312,31.895
1992,6,4,0.032679,33.241
1992,6,5,0.044879,31.198
1992,6,6,0.043532,29.242
1992,6,7,0.029931,27.462
1992,6,8,0.027585,25.77
1992,6,9,0.027012,24.13
1992,6,10,0.028188,37.094
1992,6,11,0.029838,35.346
1992,6,12,0.04099,33.417
1992,6,13,0.028774,31.573
1992,6,14,0.02926,29.647
1992,6,15,0.027499,27.794
1992,6,16,0.026909,26.401
1992,6,17,0.026687,24.849
1992,6,18,3.0483,34.443
1992,6,19,0.18744,34.265
1992,6,20,0.039466,31.579
1992,6,21,0.037263,29.194
1992,6,22,0.036447,25.901
1992,6,23,0.033816,24.229
1992,6,24,6.6187,31.966
1992,6,25,3.6423,31.389
1992,6,26,0.31758,31.773
1992,6,27,0.02672,25.656
1992,6,28,0.030034,24.532
1992,6,29,0.032775,19.012
1992,6,30,0.033035,18.634
1992,7,1,0.04322,17.913
1992,7,2,0.057878,19.467
1992,7,3,0.064904,18.242
1992,7,4,0.14354,17.471
1992,7,5,0.14152,16.882
1992,7,6,0.11219,16.198
1992,7,7,0.035131,11.745
1992,7,8,7.4822,22.561
1992,7,9,3.779,22.88
1992,7,10,0.3294,25.251
1992,7,11,0.078232,23.411
1992,7,12,0.044797,22.205
1992,7,13,0.068478,21.05
1992,7,14,0.066158,19.848
1992,7,15,7.0441,26.277
1992,7,16,0.046818,29.1
1992,7,17,0.054755,27.856
1992,7,18,0.075797,24.964
1992,7,19,0.072732,23.075
1992,7,20,0.038122,22.229
1992,7,21,0.037444,21.313
1992,7,22,0.036682,20.371
1992,7,23,5.2174,28.46
1992,7,24,2.3198,28.511
1992,7,25,0.060063,28.056
1992,7,26,0.042695,25.54
1992,7,27,0.038202,23.44
1992,7,28,0.047289,22.242
1992,7,29,0.037273,20.866
1992,7,30,0.043815,20.09
1992,7,31,0.061636,18.696
1992,8,1,0.055195,17.597
1992,8,2,0.039066,17.4
1992,8,3,0.038684,16.645
1992,8,4,0.04771,15.855
1992,8,5,5.9274,23.161
1992,8,6,4.1798,22.268
1992,8,7,1.4153,25.502
1992,8,8,0.04567,24.863
1992,8,9,0.060046,22.11
1992,8,10,0.05955,20.423
1992,8,11,0.17572,22.067
1992,8,12,0.10784,21.003
1992,8,13,5.9021,26.735
1992,8,14,5.0158,25.18
1992,8,15,4.1376,24.021
1992,8,16,3.2915,22.505
1992,8,17,2.9465,21.048
1992,8,18,2.1181,20.284
1992,8,19,6.5173,26.663
1992,8,20,2.4198,27.619
1992,8,21,0.98466,27.29
1992,8,22,0.60724,24.488
1992,8,23,0.27273,21.258
1992,8,24,0.22469,20.841
1992,8,25,0.13195,20.226
1992,8,26,0.20951,19.48
1992,8,27,6.6571,26.234
1992,8,28,5.3184,25.062
1992,8,29,3.4778,23.181
1992,8,30,2.188,22.845
1992,8,31,1.7948,22.267
1992,9,1,1.3772,21.502
1992,9,2,8.0435,27.807
1992,9,3,7.6906,28.196
1992,9,4,5.4787,24.906
1992,9,5,4.2544,26.223
1992,9,6,3.2088,25.874
1992,9,7,2.5231,26.008
1992,9,8,2.0929,21.862
1992,9,9,1.1764,21.169
1992,9,10,6.6922,26.863
1992,9,11,5.6734,26.083
1992,9,12,5.5096,24.597
1992,9,13,0.58314,21.682
1992,9,14,4.5271,22.964
1992,9,15,4.3255,21.91
1992,9,16,7.6779,27.764
1992,9,17,5.7654,28.662
1992,9,18,3.1812,30.054
1992,9,19,5.1953,30.378
1992,9,20,0.96279,30.643
1992,9,21,3.9188,29.846
1992,9,22,1.9045,30.784
1992,9,23,3.6134,36.365
1992,9,24,2.6956,36.258
1992,9,25,0.08648,35.435
1992,9,26,1.5136,34.604
1992,9,27,3.4872,32.074
1992,9,28,5.635,32.097
1992,9,29,4.7309,32.211
1992,9,30,4.7881,31.662
1992,10,1,0.63124,31.292
1992,10,2,0.16726,29.627
1992,10,3,0.22638,28.148
1992,10,4,0.12643,26.821
1992,10,5,0.55364,26.588
1992,10,6,5.4813,27.241
1992,10,7,4.4295,27.221
1992,10,8,2.8493,27.622
1992,10,9,2.8519,27.287
1992,10,10,1.7056,27.59
1992,10,11,51.876,23.098
1992,10,12,50.538,23.333
1992,10,13,49.458,23.677
1992,10,14,47.762,24.058
1992,10,15,46.327,24.34
1992,10,16,43.197,24.721
1992,10,17,31.261,26.063
1992,10,18,23.29,27.015
1992,10,19,22.518,26.498
1992,10,20,22.027,26.83
1992,10,21,21.513,26.937
1992,10,22,21.407,26.874
1992,10,23,21.384,26.737
1992,10,24,21.247,26.698
1992,10,25,21.079,26.641
1992,10,26,20.809,26.608
1992,10,27,18.694,27.044
1992,10,28,18.447,27.053
1992,10,29,18.212,26.711
1992,10,30,18.322,26.471
1992,10,31,10.323,26.987
1992,11,1,7.7502,25.873
1992,11,2,4.658,23.316
1992,11,3,3.0667,20.763
1992,11,4,3.1382,18.04
1992,11,5,2.9532,16.238
1992,11,6,3.0107,14.415
1992,11,7,3.1783,12.718
1992,11,8,3.4525,11.149
1992,11,9,3.2178,8.7042
1992,11,10,3.4431,7.3286
1992,11,11,3.8452,6.4043
1992,11,12,3.9764,5.3191
1992,11,13,4.331,4.6691
1992,11,14,4.6339,4.1784
1992,11,15,4.9476,3.7192
1992,11,16,5.1621,3.2456
1992,11,17,5.5383,2.8704
1992,11,18,5.91,2.5741
1992,11,19,5.876,2.1529
1992,11,20,6.1559,1.8762
1992,11,21,6.5985,1.6788
1992,11,22,7.1935,1.5077
1992,11,23,7.765,1.3791
1992,11,24,8.328,1.2428
1992,11,25,8.8728,1.1322
1992,11,26,9.4022,1.0364
1992,11,27,9.918,0.9485
1992,11,28,10.42,0.87023
1992,11,29,10.908,0.80347
1992,11,30,10.922,0.71347
1992,12,1,11.152,0.65
1992,12,2,11.611,0.59916
1992,12,3,11.933,0.55959
1992,12,4,12.356,0.5208
1992,12,5,12.788,0.48362
1992,12,6,13.195,0.44717
1992,12,7,13.58,0.41601
1992,12,8,13.947,0.385
1992,12,9,14.299,0.35549
1992,12,10,14.637,0.33072
1992,12,11,14.962,0.3041
1992,12,12,14.766,0.27094
1992,12,13,14.237,0.23768
1992,12,14,14.589,0.22101
1992,12,15,14.927,0.20603
1992,12,16,15.251,0.19341
1992,12,17,15.561,0.18166
1992,12,18,15.24,0.16305
1992,12,19,15.299,0.15039
1992,12,20,14.935,0.13449
1992,12,21,15.192,0.12644
1992,12,22,15.437,0.11734
1992,12,23,15.741,0.11012
1992,12,24,15.585,0.099712
1992,12,25,15.882,0.092985
1992,12,26,15.402,0.082563
1992,12,27,15.45,0.075916
1992,12,28,15.426,0.069472
1992,12,29,15.312,0.063523
1992,12,30,14.484,0.05555
1992,12,31,14.823,0.052376
1993,1,1,15.077,0.049154
1993,1,2,14.596,0.044124
1993,1,3,14.857,0.041737
1993,1,4,15.173,0.039267
1993,1,5,15.29,0.036875
1993,1,6,15.584,0.034578
1993,1,7,15.866,0.032534
1993,1,8,16.135,0.030684
1993,1,9,16.392,0.028803
1993,1,10,16.638,0.02693
1993,1,11,16.875,0.025525
1993,1,12,16.798,0.023656
1993,1,13,17.029,0.022153
1993,1,14,17.251,0.020802
1993,1,15,17.464,0.019426
1993,1,16,17.616,0.018069
1993,1,17,17.816,0.017095
1993,1,18,18.008,0.016316
1993,1,19,18.194,0.015256
1993,1,20,18.372,0.014606
1993,1,21,18.135,0.01347
1993,1,22,18.32,0.01277
1993,1,23,18.498,0.012187
1993,1,24,18.669,0.01138
1993,1,25,18.178,0.010363
1993,1,26,18.366,0.0098247
1993,1,27,18.272,0.0093103
1993,1,28,18.458,0.0088804
1993,1,29,18.579,0.0085941
1993,1,30,18.753,0.0082286
1993,1,31,18.919,0.0078834
1993,2,1,19.079,0.0074432
1993,2,2,19.234,0.0069736
1993,2,3,19.382,0.0071483
1993,2,4,19.525,0.0074288
1993,2,5,19.117,0.0076337
1993,2,6,19.046,0.0079653
1993,2,7,19.209,0.0082417
1993,2,8,19.364,0.0084343
1993,2,9,19.514,0.0080893
1993,2,10,19.658,0.0080657
1993,2,11,19.796,0.0078743
1993,2,12,19.93,0.0078142
1993,2,13,20.059,0.0079126
1993,2,14,20.184,0.0076189
1993,2,15,20.305,0.0074988
1993,2,16,20.422,0.0072023
1993,2,17,20.474,0.0066811
1993,2,18,20.434,0.0062319
1993,2,19,20.551,0.0059232
1993,2,20,20.664,0.0056422
1993,2,21,20.527,0.0054632
1993,2,22,20.46,0.0052138
1993,2,23,20.583,0.0049933
1993,2,24,20.701,0.0046738
1993,2,25,20.814,0.0045883
1993,2,26,20.924,0.0044641
1993,2,27,21.03,0.0045711
1993,2,28,21.133,0.0046612
1993,3,1,21.233,0.0047437
1993,3,2,21.329,0.0049142
1993,3,3,21.443,0.0049255
1993,3,4,21.533,0.0048936
1993,3,5,21.62,0.0052776
1993,3,6,21.287,0.0052606
1993,3,7,20.825,0.0049517
1993,3,8,20.95,0.0048122
1993,3,9,20.603,0.0045699
1993,3,10,20.739,0.0048717
1993,3,11,20.805,0.0051113
1993,3,12,20.931,0.0052946
1993,3,13,21.051,0.0054266
1993,3,14,21.165,0.0055152
1993,3,15,20.415,0.0054015
1993,3,16,20.563,0.0053799
1993,3,17,20.702,0.0051087
1993,3,18,19.993,0.0047749
1993,3,19,19.92,0.0045463
1993,3,20,20.09,0.00441
1993,3,21,20.25,0.0042904
1993,3,22,20.402,0.0040046
1993,3,23,20.546,0.0037281
1993,3,24,20.683,0.0037547
1993,3,25,20.72,0.0040818
1993,3,26,20.849,0.0050126
1993,3,27,20.971,0.008349
1993,3,28,21.087,0.011375
1993,3,29,21.199,0.013116
1993,3,30,21.306,0.016104
1993,3,31,21.408,0.019018
1993,4,1,21.506,0.02131
1993,4,2,21.601,0.022918
1993,4,3,21.691,0.027588
1993,4,4,21.779,0.0302
1993,4,5,21.862,0.035716
1993,4,6,21.945,0.035831
1993,4,7,21.764,0.036984
1993,4,8,19.815,0.035527
1993,4,9,20.002,0.038223
1993,4,10,20.175,0.041537
1993,4,11,20.338,0.045326
1993,4,12,20.531,0.049816
1993,4,13,20.671,0.054684
1993,4,14,20.801,0.060419
1993,4,15,20.922,0.069232
1993,4,16,21.035,0.077425
1993,4,17,21.012,0.090951
1993,4,18,21.116,0.1047
1993,4,19,21.214,0.11653
1993,4,20,21.307,0.1301
1993,4,21,21.393,0.14673
1993,4,22,21.467,0.17723
1993,4,23,21.536,0.20486
1993,4,24,21.592,0.24339
1993,4,25,21.681,0.36529
1993,4,26,21.804,0.46954
1993,4,27,16.579,0.50685
1993,4,28,15.71,0.62246
1993,4,29,14.845,0.7326
1993,4,30,22.381,0.89279
1993,5,1,20.085,1.014
1993,5,2,32.984,0.50734
1993,5,3,31.011,13.258
1993,5,4,30.322,14.866
1993,5,5,25.357,17.341
1993,5,6,15.181,24.834
1993,5,7,0.47222,36.619
1993,5,8,0.02913,34.318
1993,5,9,0.026834,31.283
1993,5,10,0.029659,50.573
1993,5,11,0.029705,46.131
1993,5,12,0.030042,42.131
1993,5,13,0.032262,38.531
1993,5,14,0.032924,35.437
1993,5,15,0.050654,35.187
1993,5,16,0.048534,33.24
1993,5,17,1.5417,45.261
1993,5,18,0.035057,43.949
1993,5,19,0.047728,41.142
1993,5,20,0.03229,38.688
1993,5,21,0.04774,36.198
1993,5,22,0.032964,33.202
1993,5,23,0.027861,30.717
1993,5,24,0.027135,28.972
1993,5,25,0.02949,26.809
1993,5,26,0.026108,25.258
1993,5,27,0.029171,24.832
1993,5,28,0.039169,23.146
1993,5,29,0.033952,21.732
1993,5,30,0.036858,20.455
1993,5,31,0.024631,19.66
1993,6,1,0.023984,18.774
1993,6,2,0.025378,17.96
1993,6,3,0.032859,17.15
1993,6,4,0.030126,16.187
1993,6,5,0.028897,15.197
1993,6,6,0.02334,14.236
1993,6,7,0.031465,15.952
1993,6,8,0.023122,14.622
1993,6,9,4.8806,25.371
1993,6,10,0.025917,27.655
1993,6,11,0.026802,24.899
1993,6,12,0.030561,22.364
1993,6,13,0.032556,18.165
1993,6,14,0.024866,17.086
1993,6,15,0.027233,16.067
1993,6,16,0.024396,15.977
1993,6,17,0.024073,15.185
1993,6,18,0.023212,14.32
1993,6,19,0.023251,13.354
1993,6,20,0.027071,12.38
1993,6,21,0.025631,11.621
1993,6,22,0.022687,10.742
1993,6,23,0.023711,9.5868
1993,6,24,4.8389,25.991
1993,6,25,0.68924,25.44
1993,6,26,0.033596,24.018
1993,6,27,0.034198,22.801
1993,6,28,0.040846,21.594
1993,6,29,0.032745,20.692
1993,6,30,0.032194,19.518
1993,7,1,0.03146,18.423
1993,7,2,0.030662,17.643
1993,7,3,0.030426,14.475
1993,7,4,0.028842,13.494
1993,7,5,6.4752,22.216
1993,7,6,0.11004,25.574
1993,7,7,0.036325,25.638
1993,7,8,0.058577,24.202
1993,7,9,0.043683,22.938
1993,7,10,0.044037,21.573
1993,7,11,0.034887,20.346
1993,7,12,0.034032,19.217
1993,7,13,0.0582,18.201
1993,7,14,0.055486,17.33
1993,7,15,0.031537,16.721
1993,7,16,0.033655,15.77
1993,7,17,0.052675,15.004
1993,7,18,6.0527,23.838
1993,7,19,2.2481,25.067
1993,7,20,0.035955,24.743
1993,7,21,2.5529,34.078
1993,7,22,0.054515,32.068
1993,7,23,0.043706,27.432
1993,7,24,0.037141,26.128
1993,7,25,0.041571,21.359
1993,7,26,6.6099,29.846
1993,7,27,0.092306,27.532
1993,7,28,0.04245,26.15
1993,7,29,0.057653,25.405
1993,7,30,0.05503,24.527
1993,7,31,0.040686,23.608
1993,8,1,0.061031,23.641
1993,8,2,0.087891,22.051
1993,8,3,0.084084,21.175
1993,8,4,6.8337,27.587
1993,8,5,5.6349,25.953
1993,8,6,4.8402,24.913
1993,8,7,4.2229,23.798
1993,8,8,3.3437,19.489
1993,8,9,4.0594,22.458
1993,8,10,0.87224,25.047
1993,8,11,0.079025,24.833
1993,8,12,0.045444,23.357
1993,8,13,1.1222,24.568
1993,8,14,0.90376,23.631
1993,8,15,0.5737,22.884
1993,8,16,0.32282,22.073
1993,8,17,0.2977,20.942
1993,8,18,3.4525,28.041
1993,8,19,0.3884,29.353
1993,8,20,0.18176,28.482
1993,8,21,0.24755,27.355
1993,8,22,0.1832,26.345
1993,8,23,3.2509,34.321
1993,8,24,2.5507,34.529
1993,8,25,1.1592,31.704
1993,8,26,0.19845,30.675
1993,8,27,0.12222,29.131
1993,8,28,0.10789,27.423
1993,8,29,0.16793,22.95
1993,8,30,0.087188,22.692
1993,8,31,0.13333,21.81
1993,9,1,6.8181,27.651
1993,9,2,3.9149,28.874
1993,9,3,2.1501,28.309
1993,9,4,1.4248,28.214
1993,9,5,0.51016,28.245
1993,9,6,0.30972,27.559
1993,9,7,4.565,33.985
1993,9,8,1.372,33.794
1993,9,9,0.46949,33.68
1993,9,10,0.30433,32.982
1993,9,11,0.45816,32.221
1993,9,12,3.0924,31.619
1993,9,13,2.149,32.139
1993,9,14,1.1587,32.346
1993,9,15,1.074,32.951
1993,9,16,0.9661,32.693
1993,9,17,1.0617,32.149
1993,9,18,0.91047,31.918
1993,9,19,1.5136,31.126
1993,9,20,1.9879,30.308
1993,9,21,2.4417,29.193
1993,9,22,1.2113,29.069
1993,9,23,1.0554,29.208
1993,9,24,1.3003,28.621
1993,9,25,1.6465,27.681
1993,9,26,5.0956,27.681
1993,9,27,4.2423,28.572
1993,9,28,52.149,25.216
1993,9,29,50.498,25.684
1993,9,30,49.371,26.27
1993,10,1,46.341,26.675
1993,10,2,45.232,27.103
1993,10,3,44.146,27.5
1993,10,4,43.139,27.919
1993,10,5,41.413,28.648
1993,10,6,41.19,28.758
1993,10,7,38.266,29.615
1993,10,8,31.627,31.167
1993,10,9,16.94,33.881
1993,10,10,15.786,34.461
1993,10,11,14.693,35.278
1993,10,12,13.704,35.683
1993,10,13,12.674,35.757
1993,10,14,11.673,36.524
1993,10,15,11.553,36.424
1993,10,16,11.534,36.174
1993,10,17,0.03934,31.48
1993,10,18,11.776,35.456
1993,10,19,11.813,35.049
1993,10,20,12.101,34.526
1993,10,21,0.052899,32.158
1993,10,22,12.39,33.664
1993,10,23,11.17,33.271
1993,10,24,8.82,33.125
1993,10,25,8.319,33.053
1993,10,26,8.4314,32.921
1993,10,27,0.041065,32.539
1993,10,28,0.04962,25.583
1993,10,29,0.065849,21.998
1993,10,30,0.1029,18.961
1993,10,31,0.12897,16.37
1993,11,1,0.088969,14.28
1993,11,2,0.18609,12.352
1993,11,3,0.34123,10.795
1993,11,4,0.36445,9.5594
1993,11,5,0.43178,8.4511
1993,11,6,0.51802,7.4771
1993,11,7,0.62307,6.6022
1993,11,8,0.64087,5.7505
1993,11,9,0.72016,5.0905
1993,11,10,0.84919,4.4925
1993,11,11,0.9483,4.0155
1993,11,12,1.0812,3.5521
1993,11,13,1.24,3.1471
1993,11,14,1.4066,2.7867
1993,11,15,1.5743,2.4741
1993,11,16,1.755,2.2182
1993,11,17,1.9342,1.9989
1993,11,18,2.0388,1.7464
1993,11,19,2.1912,1.5373
1993,11,20,2.3846,1.3914
1993,11,21,2.5948,1.2713
1993,11,22,2.8084,1.1588
1993,11,23,3.0205,1.0609
1993,11,24,3.2588,0.96747
1993,11,25,3.4761,0.88511
1993,11,26,3.5237,0.77387
1993,11,27,3.869,0.72165
1993,11,28,4.1919,0.65791
1993,11,29,4.6421,0.61949
1993,11,30,5.0812,0.58442
1993,12,1,5.2198,0.5186
1993,12,2,5.6506,0.49084
1993,12,3,6.0711,0.4637
1993,12,4,6.4642,0.43834
1993,12,5,6.6446,0.40489
1993,12,6,7.0294,0.38256
1993,12,7,7.393,0.35845
1993,12,8,7.7391,0.33411
1993,12,9,8.0701,0.31086
1993,12,10,8.3883,0.289
1993,12,11,8.6933,0.26863
1993,12,12,8.9889,0.25
1993,12,13,9.2742,0.23272
1993,12,14,9.5489,0.21726
1993,12,15,9.8135,0.2021
1993,12,16,10.069,0.1878
1993,12,17,10.314,0.17502
1993,12,18,10.52,0.16257
1993,12,19,10.75,0.15114
1993,12,20,10.891,0.14002
1993,12,21,11.042,0.12991
1993,12,22,11.172,0.1205
1993,12,23,11.381,0.11243
1993,12,24,11.531,0.10424
1993,12,25,11.728,0.096829
1993,12,26,11.919,0.090008
1993,12,27,12.102,0.084077
1993,12,28,11.484,0.073926
1993,12,29,11.689,0.06921
1993,12,30,11.64,0.063418
1993,12,31,11.84,0.059285
1994,1,1,12.031,0.055659
1994,1,2,12.216,0.051999
1994,1,3,12.084,0.04757
1994,1,4,12.268,0.044614
1994,1,5,12.445,0.041589
1994,1,6,12.577,0.038709
1994,1,7,12.743,0.036131
1994,1,8,12.903,0.03362
1994,1,9,12.263,0.029523
1994,1,10,12.172,0.027141
1994,1,11,11.707,0.024009
1994,1,12,11.879,0.02248
1994,1,13,12.042,0.021046
1994,1,14,12.234,0.019807
1994,1,15,12.362,0.01855
1994,1,16,12.282,0.017026
1994,1,17,12.427,0.015906
1994,1,18,12.603,0.014869
1994,1,19,12.772,0.013878
1994,1,20,12.799,0.012824
1994,1,21,12.961,0.011949
1994,1,22,13.077,0.011185
1994,1,23,13.228,0.010497
1994,1,24,13.373,0.0098065
1994,1,25,13.513,0.009173
1994,1,26,13.649,0.0085764
1994,1,27,13.717,0.008061
1994,1,28,13.846,0.007654
1994,1,29,13.971,0.0072686
1994,1,30,14.091,0.0068528
1994,1,31,14.207,0.006513
1994,2,1,14.256,0.0061095
1994,2,2,14.304,0.0056791
1994,2,3,14.372,0.0053699
1994,2,4,14.268,0.0049678
1994,2,5,14.385,0.0046654
1994,2,6,14.497,0.0044694
1994,2,7,14.606,0.0042788
1994,2,8,14.711,0.0040937
1994,2,9,14.636,0.0038763
1994,2,10,14.589,0.0036753
1994,2,11,13.845,0.003333
1994,2,12,13.99,0.0031827
1994,2,13,14.129,0.0030156
1994,2,14,14.26,0.0028872
1994,2,15,14.387,0.0027313
1994,2,16,14.507,0.0025691
1994,2,17,14.623,0.0024345
1994,2,18,14.758,0.0025343
1994,2,19,14.775,0.0025528
1994,2,20,14.881,0.0025016
1994,2,21,14.982,0.0023924
1994,2,22,15.08,0.0022884
1994,2,23,15.175,0.0021899
1994,2,24,15.266,0.0022094
1994,2,25,15.354,0.0021083
1994,2,26,15.44,0.0020146
1994,2,27,15.454,0.001995
1994,2,28,15.539,0.0019062
1994,3,1,15.142,0.0018734
1994,3,2,15.245,0.0018105
1994,3,3,15.343,0.0018058
1994,3,4,15.437,0.0019336
1994,3,5,15.528,0.0020829
1994,3,6,15.385,0.0021762
1994,3,7,15.274,0.0021723
1994,3,8,15.376,0.0021633
1994,3,9,14.87,0.0021763
1994,3,10,14.993,0.002246
1994,3,11,15.11,0.0022298
1994,3,12,15.222,0.002226
1994,3,13,15.259,0.0022846
1994,3,14,15.364,0.0023825
1994,3,15,15.465,0.002511
1994,3,16,15.492,0.002488
1994,3,17,14.893,0.0024559
1994,3,18,15.02,0.0024518
1994,3,19,15.139,0.0024493
1994,3,20,15.387,0.0028601
1994,3,21,15.492,0.0031513
1994,3,22,15.593,0.003512
1994,3,23,15.69,0.0040325
1994,3,24,15.782,0.0043145
1994,3,25,15.752,0.0041997
1994,3,26,15.203,0.0040022
1994,3,27,15.321,0.0040341
1994,3,28,15.433,0.0041405
1994,3,29,15.539,0.0040443
1994,3,30,15.639,0.0041963
1994,3,31,15.735,0.0043382
1994,4,1,13.793,0.0040089
1994,4,2,13.98,0.0038618
1994,4,3,14.049,0.0037156
1994,4,4,14.218,0.0036503
1994,4,5,14.376,0.0035421
1994,4,6,14.524,0.0034474
1994,4,7,14.664,0.0035905
1994,4,8,14.06,0.0042635
1994,4,9,14.243,0.0064697
1994,4,10,14.392,0.0087627
1994,4,11,14.532,0.0094912
1994,4,12,14.664,0.010201
1994,4,13,14.788,0.012763
1994,4,14,14.198,0.016931
1994,4,15,14.644,0.022828
1994,4,16,14.768,0.025245
1994,4,17,14.88,0.030532
1994,4,18,14.982,0.037156
1994,4,19,15.073,0.048092
1994,4,20,15.155,0.060093
1994,4,21,15.23,0.073715
1994,4,22,15.25,0.089798
1994,4,23,15.318,0.10008
1994,4,24,15.366,0.13269
1994,4,25,15.406,0.16689
1994,4,26,15.453,0.18471
1994,4,27,15.467,0.24469
1994,4,28,15.51,0.30525
1994,4,29,15.584,0.38144
1994,4,30,15.307,0.39143
1994,5,1,15.423,0.4304
1994,5,2,15.222,0.4808
1994,5,3,13.601,0.49115
1994,5,4,13.895,0.59174
1994,5,5,14.185,0.70164
1994,5,6,14.543,0.83233
1994,5,7,14.729,0.98681
1994,5,8,15.209,1.1831
1994,5,9,15.507,1.8973
1994,5,10,14.745,2.8135
1994,5,11,13.587,4.3068
1994,5,12,12.095,6.3728
1994,5,13,7.9628,9.6498
1994,5,14,0.45607,15.98
1994,5,15,0.02675,16.119
1994,5,16,0.026158,15.279
1994,5,17,0.025416,14.23
1994,5,18,0.89077,33.523
1994,5,19,0.030192,39.113
1994,5,20,0.026333,33.016
1994,5,21,0.026315,27.569
1994,5,22,0.028339,25.123
1994,5,23,0.024208,22.891
1994,5,24,0.025966,45.653
1994,5,25,0.034339,41.341
1994,5,26,0.033118,37.634
1994,5,27,0.031974,34.304
1994,5,28,0.029929,29.909
1994,5,29,0.027282,27.204
1994,5,30,0.024846,26.073
1994,5,31,0.030836,22.837
1994,6,1,3.9813,34.379
1994,6,2,0.55269,34.347
1994,6,3,0.046148,31.368
1994,6,4,0.036387,28.642
1994,6,5,0.027102,15.93
1994,6,6,0.039505,22.288
1994,6,7,0.036877,20.329
1994,6,8,4.1677,31.637
1994,6,9,0.033212,32.322
1994,6,10,0.039017,30.265
1994,6,11,0.042679,27.446
1994,6,12,0.040975,25.697
1994,6,13,0.04036,23.074
1994,6,14,0.029847,21.206
1994,6,15,0.045487,37.461
1994,6,16,0.033799,34.75
1994,6,17,0.038243,32.542
1994,6,18,0.039612,30.153
1994,6,19,0.042579,28.278
1994,6,20,0.041366,26.463
1994,6,21,4.6342,38.905
1994,6,22,0.040983,39.611
1994,6,23,0.043243,35.659
1994,6,24,0.042199,31.725
1994,6,25,0.039503,28.778
1994,6,26,0.039948,26.98
1994,6,27,3.974,39.072
1994,6,28,0.045593,39.017
1994,6,29,0.046962,36.658
1994,6,30,0.045792,34.654
1994,7,1,0.042002,32.369
1994,7,2,0.037003,30.405
1994,7,3,0.034327,24.931
1994,7,4,0.031339,21.668
1994,7,5,0.031417,19.227
1994,7,6,0.038185,18.343
1994,7,7,0.038199,19.356
1994,7,8,6.9878,21.259
1994,7,9,6.3304,20.437
1994,7,10,0.039902,16.859
1994,7,11,0.035451,15.932
1994,7,12,3.5985,18.336
1994,7,13,10.28,25.744
1994,7,14,7.3839,25.085
1994,7,15,5.1847,24.201
1994,7,16,0.026636,17.908
1994,7,17,0.55935,24.701
1994,7,18,0.08258,23.008
1994,7,19,0.026351,13.409
1994,7,20,6.4957,28.22
1994,7,21,2.7638,28.681
1994,7,22,0.042418,28.222
1994,7,23,0.044212,25.16
1994,7,24,0.037767,22.63
1994,7,25,0.044637,20.578
1994,7,26,0.034472,19.519
1994,7,27,4.137,28.43
1994,7,28,2.745,27.412
1994,7,29,1.4689,26.462
1994,7,30,0.045295,23.432
1994,7,31,0.057209,22.152
1994,8,1,0.044765,20.909
1994,8,2,0.062928,18.664
1994,8,3,5.3497,26.505
1994,8,4,0.13425,28.115
1994,8,5,0.057878,26.809
1994,8,6,0.06081,25.579
1994,8,7,0.057178,24.777
1994,8,8,0.081871,23.72
1994,8,9,0.12082,22.783
1994,8,10,6.6239,30.83
1994,8,11,4.5864,29.654
1994,8,12,2.8527,28.358
1994,8,13,0.41519,28.901
1994,8,14,0.13982,27.969
1994,8,15,0.11167,26.816
1994,8,16,0.054489,24.431
1994,8,17,2.8628,32.439
1994,8,18,0.09806,32.752
1994,8,19,0.095457,31.489
1994,8,20,0.21474,30.19
1994,8,21,0.20281,29.096
1994,8,22,0.20686,37.645
1994,8,23,0.1833,34.861
1994,8,24,0.057005,33.986
1994,8,25,0.10894,32.591
1994,8,26,0.12432,30.978
1994,8,27,0.15954,28.227
1994,8,28,0.18778,26.603
1994,8,29,0.18295,25.824
1994,8,30,0.17972,24.81
1994,8,31,0.13105,24.039
1994,9,1,0.21161,23.315
1994,9,2,0.25235,22.606
1994,9,3,0.23084,20.99
1994,9,4,0.16081,16.478
1994,9,5,0.27599,16.173
1994,9,6,0.44516,16.074
1994,9,7,2.0236,24.024
1994,9,8,1.594,24.258
1994,9,9,1.3958,24.093
1994,9,10,1.1595,23.594
1994,9,11,1.0158,22.161
1994,9,12,7.9026,28.597
1994,9,13,2.1822,30.507
1994,9,14,1.4007,29.676
1994,9,15,1.3862,25.801
1994,9,16,0.51891,24.824
1994,9,17,0.58685,24.021
1994,9,18,0.60186,23.216
1994,9,19,0.77449,22.299
1994,9,20,0.70491,21.179
1994,9,21,7.9184,26.973
1994,9,22,6.9567,26.885
1994,9,23,5.2966,27.686
1994,9,24,4.8737,27.407
1994,9,25,2.8423,27.95
1994,9,26,1.5889,28.199
1994,9,27,0.89154,28.355
1994,9,28,0.68513,27.885
1994,9,29,3.6531,33.103
1994,9,30,5.6814,32.629
1994,10,1,4.4974,32.898
1994,10,2,3.0123,33.184
1994,10,3,2.3308,33.282
1994,10,4,1.822,33.08
1994,10,5,1.6288,32.59
1994,10,6,2.0009,31.619
1994,10,7,2.1295,29.952
1994,10,8,5.3093,29.254
1994,10,9,4.4441,29.152
1994,10,10,3.5396,29.257
1994,10,11,3.5878,28.947
1994,10,12,3.8695,28.34
1994,10,13,3.3415,28.336
1994,10,14,5.7347,28.213
1994,10,15,5.1683,28.195
1994,10,16,5.4665,27.418
1994,10,17,0.25716,24.666
1994,10,18,0.054072,17.905
1994,10,19,0.084247,19.146
1994,10,20,45.71,21.018
1994,10,21,45.928,20.628
1994,10,22,46.108,20.249
1994,10,23,45.523,19.827
1994,10,24,44.172,19.763
1994,10,25,43.116,19.934
1994,10,26,40.65,20.33
1994,10,27,40.155,20.493
1994,10,28,39.886,20.498
1994,10,29,36.091,21.121
1994,10,30,33.389,21.498
1994,10,31,32.103,21.711
1994,11,1,19.642,22.744
1994,11,2,19.131,23.087
1994,11,3,18.782,23.035
1994,11,4,18.291,23.146
1994,11,5,17.73,23.217
1994,11,6,17.582,23.155
1994,11,7,7.6529,24.457
1994,11,8,5.3216,23.536
1994,11,9,3.6768,22.087
1994,11,10,1.9357,21.075
1994,11,11,1.5051,19.279
1994,11,12,16.128,23.102
1994,11,13,14.995,22.037
1994,11,14,15.075,21.861
1994,11,15,8.7755,22.483
1994,11,16,15.325,21.414
1994,11,17,15.267,20.851
1994,11,18,8.4987,19.369
1994,11,19,7.7419,17.495
1994,11,20,6.9226,15.919
1994,11,21,6.3012,13.808
1994,11,22,5.8823,12.401
1994,11,23,5.6134,11.107
1994,11,24,5.4308,9.9179
1994,11,25,5.5041,8.6289
1994,11,26,5.6044,7.4987
1994,11,27,5.6552,6.434
1994,11,28,5.7492,5.6299
1994,11,29,5.786,4.9688
1994,11,30,5.6494,4.1852
1994,12,1,5.8185,3.6276
1994,12,2,5.9361,3.1405
1994,12,3,5.2621,2.351
1994,12,4,5.3988,2.0069
1994,12,5,5.6162,1.7387
1994,12,6,5.8601,1.5203
1994,12,7,6.0741,1.318
1994,12,8,6.326,1.1556
1994,12,9,6.4646,0.9946
1994,12,10,6.7284,0.86961
1994,12,11,6.9927,0.76155
1994,12,12,7.0445,0.64907
1994,12,13,7.3139,0.57511
1994,12,14,7.5822,0.50787
1994,12,15,7.6296,0.43769
1994,12,16,7.9027,0.38723
1994,12,17,8.1474,0.34238
1994,12,18,8.4131,0.30497
1994,12,19,8.6737,0.27248
1994,12,20,8.929,0.24351
1994,12,21,9.1788,0.21791
1994,12,22,9.4229,0.19546
1994,12,23,9.6609,0.17644
1994,12,24,9.8929,0.16018
1994,12,25,10.119,0.14531
1994,12,26,10.339,0.13391
1994,12,27,10.321,0.12016
1994,12,28,10.541,0.10972
1994,12,29,9.7571,0.091532
1994,12,30,9.8601,0.08319
1994,12,31,10.109,0.076779
1995,1,1,10.287,0.071359
1995,1,2,10.428,0.065378
1995,1,3,10.659,0.06122
1995,1,4,10.882,0.056663
1995,1,5,11.099,0.05231
1995,1,6,11.308,0.048249
1995,1,7,11.24,0.04385
1995,1,8,11.449,0.040676
1995,1,9,11.31,0.037027
1995,1,10,9.9353,0.029894
1995,1,11,9.8799,0.027004
1995,1,12,10.154,0.025319
1995,1,13,9.6725,0.022207
1995,1,14,9.9548,0.02088
1995,1,15,9.9254,0.019209
1995,1,16,9.0034,0.016211
1995,1,17,8.1169,0.013424
1995,1,18,8.3391,0.012715
1995,1,19,8.661,0.012226
1995,1,20,8.8726,0.011657
1995,1,21,9.1802,0.011188
1995,1,22,9.473,0.010666
1995,1,23,9.7523,0.010175
1995,1,24,10.019,0.0096949
1995,1,25,10.274,0.0092458
1995,1,26,10.519,0.0088211
1995,1,27,10.47,0.0082199
1995,1,28,10.335,0.007597
1995,1,29,10.58,0.0072552
1995,1,30,10.67,0.0068337
1995,1,31,10.902,0.0066284
1995,2,1,11.123,0.0063583
1995,2,2,11.005,0.0060691
1995,2,3,11.225,0.0058457
1995,2,4,11.436,0.0056444
1995,2,5,11.638,0.0053437
1995,2,6,11.762,0.0050165
1995,2,7,11.811,0.0047054
1995,2,8,11.859,0.0044441
1995,2,9,11.73,0.0042834
1995,2,10,11.927,0.004078
1995,2,11,12.117,0.0039372
1995,2,12,12.298,0.0038866
1995,2,13,12.473,0.0036705
1995,2,14,11.975,0.00336
1995,2,15,12.132,0.0032087
1995,2,16,12.029,0.0030138
1995,2,17,12.077,0.0028334
1995,2,18,12.268,0.0027303
1995,2,19,12.302,0.0025873
1995,2,20,12.485,0.0024611
1995,2,21,12.66,0.0023873
1995,2,22,12.751,0.0023483
1995,2,23,12.916,0.0022915
1995,2,24,13.075,0.0021985
1995,2,25,13.11,0.0021144
1995,2,26,12.989,0.0021171
1995,2,27,13.15,0.0021348
1995,2,28,13.146,0.0020724
1995,3,1,13.302,0.0020028
1995,3,2,12.964,0.0018423
1995,3,3,13.132,0.001808
1995,3,4,13.292,0.0017097
1995,3,5,13.326,0.0016226
1995,3,6,13.319,0.0015435
1995,3,7,13.474,0.0014832
1995,3,8,13.623,0.0014172
1995,3,9,13.766,0.0013532
1995,3,10,13.904,0.0013085
1995,3,11,14.037,0.0014531
1995,3,12,13.996,0.0017156
1995,3,13,14.128,0.0023158
1995,3,14,14.255,0.0035026
1995,3,15,14.376,0.0059155
1995,3,16,14.364,0.0074321
1995,3,17,14.483,0.010255
1995,3,18,14.684,0.014711
1995,3,19,13.779,0.017262
1995,3,20,13.902,0.019231
1995,3,21,14.03,0.01972
1995,3,22,14.15,0.020326
1995,3,23,14.266,0.022827
1995,3,24,14.381,0.023505
1995,3,25,14.492,0.024569
1995,3,26,14.601,0.027083
1995,3,27,14.703,0.03542
1995,3,28,14.803,0.039866
1995,3,29,14.901,0.045118
1995,3,30,14.993,0.054197
1995,3,31,13.57,0.057473
1995,4,1,13.734,0.054965
1995,4,2,13.406,0.051495
1995,4,3,13.377,0.049381
1995,4,4,13.552,0.045916
1995,4,5,12.83,0.039938
1995,4,6,13.03,0.037002
1995,4,7,13.22,0.035053
1995,4,8,13.4,0.033203
1995,4,9,13.572,0.03123
1995,4,10,13.735,0.03215
1995,4,11,13.919,0.033258
1995,4,12,14.067,0.033366
1995,4,13,14.206,0.041662
1995,4,14,14.337,0.04942
1995,4,15,14.458,0.065909
1995,4,16,14.651,0.070256
1995,4,17,14.764,0.074996
1995,4,18,14.868,0.08727
1995,4,19,14.96,0.11064
1995,4,20,15.055,0.11808
1995,4,21,15.145,0.12815
1995,4,22,15.229,0.14208
1995,4,23,15.307,0.15881
1995,4,24,15.366,0.20021
1995,4,25,15.428,0.22425
1995,4,26,15.199,0.26
1995,4,27,14.887,0.27401
1995,4,28,15.03,0.36107
1995,4,29,15.192,0.41125
1995,4,30,15.389,0.49687
1995,5,1,15.658,0.64578
1995,5,2,22.403,0.56233
1995,5,3,21.969,0.78706
1995,5,4,21.679,0.98535
1995,5,5,26.649,0.53362
1995,5,6,20.203,2.3617
1995,5,7,18.162,3.6401
1995,5,8,15.21,6.2347
1995,5,9,11.511,10.04
1995,5,10,4.9586,15.887
1995,5,11,0.026982,19.389
1995,5,12,0.023738,18.664
1995,5,13,0.032727,18.988
1995,5,14,0.02757,18.11
1995,5,15,0.024224,16.712
1995,5,16,0.023624,16.33
1995,5,17,0.039712,15.86
1995,5,18,0.024935,13.889
1995,5,19,0.022309,12.252
1995,5,20,0.0394,15.796
1995,5,21,0.035113,14.95
1995,5,22,0.2206,16.955
1995,5,23,0.036162,16.238
1995,5,24,0.034869,15.308
1995,5,25,0.033933,14.503
1995,5,26,0.033051,13.684
1995,5,27,0.024053,11.587
1995,5,28,0.020271,10.646
1995,5,29,0.020932,9.7924
1995,5,30,0.032795,30.639
1995,5,31,0.029362,27.78
1995,6,1,0.026226,25.305
1995,6,2,0.025481,23.053
1995,6,3,0.024815,21.034
1995,6,4,0.02531,19.201
1995,6,5,0.023671,17.539
1995,6,6,0.026413,16.096
1995,6,7,0.031372,15.165
1995,6,8,0.028542,14.239
1995,6,9,0.029449,13.377
1995,6,10,0.024241,12.589
1995,6,11,0.023105,11.828
1995,6,12,4.4794,23.348
1995,6,13,0.026983,24.561
1995,6,14,0.030106,22.431
1995,6,15,0.026938,37.343
1995,6,16,0.029454,32.984
1995,6,17,0.033583,29.374
1995,6,18,0.037838,26.139
1995,6,19,0.038731,23.345
1995,6,20,0.028435,20.846
1995,6,21,0.025231,18.724
1995,6,22,0.039843,33.518
1995,6,23,0.028743,28.245
1995,6,24,0.026776,26.588
1995,6,25,0.038531,24.889
1995,6,26,0.037682,23.338
1995,6,27,0.67743,37.495
1995,6,28,0.052576,28.708
1995,6,29,0.038767,27.502
1995,6,30,0.050081,27.756
1995,7,1,0.040038,25.875
1995,7,2,0.064767,24.521
1995,7,3,0.060335,23.281
1995,7,4,0.038583,21.646
1995,7,5,0.051756,17.472
1995,7,6,7.354,25.433
1995,7,7,5.3002,24.765
1995,7,8,4.0962,24.021
1995,7,9,2.6171,23.32
1995,7,10,0.035781,15.982
1995,7,11,2.186,29.648
1995,7,12,0.033261,28.45
1995,7,13,0.027382,25.277
1995,7,14,0.030925,22.513
1995,7,15,0.031315,19.958
1995,7,16,0.025407,19.804
1995,7,17,0.035485,20.959
1995,7,18,0.03433,19.677
1995,7,19,7.1626,27.406
1995,7,20,5.0312,26.735
1995,7,21,2.9855,25.377
1995,7,22,1.4257,24.621
1995,7,23,0.049927,23.921
1995,7,24,0.041015,21.964
1995,7,25,3.4472,31.043
1995,7,26,1.4466,29.702
1995,7,27,0.11051,27.227
1995,7,28,0.039702,24.47
1995,7,29,0.06338,22.202
1995,7,30,0.047513,20.189
1995,7,31,0.047931,18.411
1995,8,1,0.044818,17.575
1995,8,2,0.033194,16.412
1995,8,3,4.5228,25.257
1995,8,4,0.94083,26.292
1995,8,5,0.048325,24.756
1995,8,6,0.040259,22.701
1995,8,7,0.045757,20.57
1995,8,8,5.8866,27.957
1995,8,9,3.9508,26.784
1995,8,10,0.059451,26.072
1995,8,11,0.054829,24.81
1995,8,12,0.075036,26.883
1995,8,13,0.11025,25.434
1995,8,14,0.069875,24.142
1995,8,15,0.12483,22.927
1995,8,16,0.05018,30.717
1995,8,17,0.058802,29.339
1995,8,18,0.075,18.836
1995,8,19,0.10679,20.285
1995,8,20,0.066578,19.352
1995,8,21,0.11804,18.392
1995,8,22,7.0752,23.917
1995,8,23,6.4054,22.376
1995,8,24,5.7489,21.096
1995,8,25,5.045,20.109
1995,8,26,4.3289,19.304
1995,8,27,3.9788,18.279
1995,8,28,3.5474,17.398
1995,8,29,3.2278,16.487
1995,8,30,0.86588,22.785
1995,8,31,2.7128,24.456
1995,9,1,2.3784,23.712
1995,9,2,2.0072,23.033
1995,9,3,1.5192,22.543
1995,9,4,1.0786,21.986
1995,9,5,8.0281,27.419
1995,9,6,3.3022,28.321
1995,9,7,3.0806,28.815
1995,9,8,2.4022,28.622
1995,9,9,2.2911,27.834
1995,9,10,2.0433,27.164
1995,9,11,0.32905,26.278
1995,9,12,0.49841,35.198
1995,9,13,2.0749,32.309
1995,9,14,1.7119,31.853
1995,9,15,0.68992,31.384
1995,9,16,0.33165,30.756
1995,9,17,0.35787,29.799
1995,9,18,1.1387,28.913
1995,9,19,0.71157,28.298
1995,9,20,4.0414,27.281
1995,9,21,2.03,28.098
1995,9,22,1.4868,28.16
1995,9,23,1.0867,28.113
1995,9,24,1.0682,27.687
1995,9,25,0.58566,27.023
1995,9,26,1.8809,26.219
1995,9,27,0.28124,25.15
1995,9,28,1.473,32.657
1995,9,29,0.41315,32.693
1995,9,30,0.49292,31.725
1995,10,1,1.4431,30.117
1995,10,2,4.0962,28.998
1995,10,3,3.2814,29.284
1995,10,4,2.4475,30.186
1995,10,5,7.9026,32.547
1995,10,6,45.308,26.934
1995,10,7,44.947,27.05
1995,10,8,44.585,27.228
1995,10,9,44.233,27.318
1995,10,10,44.331,27.124
1995,10,11,0.041158,30.241
1995,10,12,0.04376,26.355
1995,10,13,45.06,25.86
1995,10,14,44.275,25.606
1995,10,15,43.387,25.852
1995,10,16,42.802,25.946
1995,10,17,41.708,26.173
1995,10,18,40.819,26.223
1995,10,19,39.756,26.175
1995,10,20,28.882,27.733
1995,10,21,19.908,28.821
1995,10,22,19.047,29.418
1995,10,23,18.227,29.724
1995,10,24,17.586,29.881
1995,10,25,17.078,29.985
1995,10,26,16.435,29.859
1995,10,27,16.255,29.847
1995,10,28,4.3006,33.603
1995,10,29,1.2405,31.997
1995,10,30,0.067891,28.758
1995,10,31,0.056965,25.205
1995,11,1,0.084822,19.107
1995,11,2,0.1793,15.967
1995,11,3,0.30065,13.685
1995,11,4,0.41966,11.937
1995,11,5,0.54405,10.431
1995,11,6,0.71006,8.9576
1995,11,7,0.85194,7.8036
1995,11,8,0.98148,6.8928
1995,11,9,0.94178,4.9232
1995,11,10,1.1855,4.2851
1995,11,11,1.3886,3.8438
1995,11,12,1.6004,3.47
1995,11,13,1.8056,3.1149
1995,11,14,2.0222,2.7406
1995,11,15,2.3159,2.447
1995,11,16,2.601,2.1659
1995,11,17,2.8721,1.9228
1995,11,18,3.1696,1.7255
1995,11,19,3.3957,1.4945
1995,11,20,3.5278,1.3278
1995,11,21,3.8662,1.202
1995,11,22,4.1982,1.0952
1995,11,23,4.5177,1.0175
1995,11,24,4.5487,0.87831
1995,11,25,4.9074,0.80493
1995,11,26,5.26,0.74114
1995,11,27,5.6086,0.67726
1995,11,28,5.9627,0.6189
1995,11,29,5.741,0.51754
1995,11,30,6.0805,0.47523
1995,12,1,6.4589,0.44037
1995,12,2,6.9152,0.41509
1995,12,3,7.3871,0.39175
1995,12,4,7.2083,0.33936
1995,12,5,7.6858,0.32347
1995,12,6,8.2643,0.31333
1995,12,7,8.8241,0.30328
1995,12,8,7.8728,0.24875
1995,12,9,8.4074,0.24432
1995,12,10,8.9752,0.24137
1995,12,11,9.524,0.23772
1995,12,12,10.055,0.234
1995,12,13,9.2459,0.2005
1995,12,14,9.6224,0.19616
1995,12,15,10.138,0.1937
1995,12,16,10.659,0.19225
1995,12,17,11.046,0.18575
1995,12,18,11.508,0.17915
1995,12,19,11.909,0.17124
1995,12,20,12.288,0.16229
1995,12,21,12.686,0.15379
1995,12,22,13.066,0.14538
1995,12,23,13.038,0.13341
1995,12,24,13.403,0.12623
1995,12,25,13.469,0.11675
1995,12,26,13.814,0.11029
1995,12,27,14.144,0.10425
1995,12,28,14.459,0.098179
1995,12,29,14.435,0.090226
1995,12,30,14.737,0.085067
1995,12,31,14.173,0.075349
