1969,6,27,22.768,30.752,3163.8
1969,6,28,21.091,29.325,3448.2
1969,6,29,19.655,28.57,3442.1
1969,6,30,18.302,27.995,3344.8
1969,7,1,17,27.494,3253.1
1969,7,2,15.787,27.025,3185.1
1969,7,3,23.207,37.612,4195.2
1969,7,4,15.749,29.866,6564.4
1969,7,5,14.661,30.276,6277
1969,7,6,13.573,30.512,6033.3
1969,7,7,12.498,30.617,5831.5
1969,7,8,11.589,30.532,5645.1
1969,7,9,10.611,30.12,5638.8
1969,7,10,16.242,38.956,5470
1969,7,11,14.003,38.599,5324.2
1969,7,12,12.002,38.04,5277.2
1969,7,13,10.109,35.739,6160.4
1969,7,14,8.9639,34.513,6285.7
1969,7,15,8.2164,33.65,6094
1969,7,16,7.7165,32.594,5904.1
1969,7,17,12.671,41.607,5680.7
1969,7,18,9.889,41.256,5541.2
1969,7,19,8.4757,41.065,5404.4
1969,7,20,7.6607,40.333,5273.7
1969,7,21,6.9924,37.487,6071.3
1969,7,22,7.1648,36.868,5614.8
1969,7,23,7.0699,35.567,5661.3
1969,7,24,13.271,43.932,6060
1969,7,25,10.482,43.2,5980.7
1969,7,26,8.8654,41.408,6447.9
1969,7,27,8.0838,40.647,6436.1
1969,7,28,7.5631,39.638,6394.9
1969,7,29,7.2342,38.472,6342.1
1969,7,30,6.8213,34.28,7701
1969,7,31,6.7798,33.127,7782
1969,8,1,6.9326,32.052,7807.7
1969,8,2,6.9812,31.057,7791.3
1969,8,3,7.5464,30.393,8285.8
1969,8,4,7.303,29.538,8199.5
1969,8,5,8.6441,28.611,10164
1969,8,6,7.8457,28.299,9485.2
1969,8,7,13.178,29.35,12861
1969,8,8,12.446,28.436,12430
1969,8,9,11.196,26.337,12850
1969,8,10,7.9556,25.263,10469
1969,8,11,7.636,24.625,10354
1969,8,12,6.3734,19.98,12744
1969,8,13,8.099,21.375,13637
1969,8,14,14.169,28.608,13248
1969,8,15,12.887,27.617,12957
1969,8,16,11.648,26.73,12771
1969,8,17,10.556,26.018,12519
1969,8,18,9.6152,25.05,12244
1969,8,19,8.7637,23.991,11953
1969,8,20,8.334,23.754,11726
1969,8,21,13.402,30.928,11521
1969,8,22,11.98,30.524,11324
1969,8,23,10.77,30.085,11130
1969,8,24,9.7755,29.543,10935
1969,8,25,9.0401,28.75,10736
1969,8,26,8.4925,27.95,10543
1969,8,27,8.0955,27.113,10353
1969,8,28,13.352,34.781,10193
1969,8,29,9.5424,28.944,12853
1969,8,30,8.7842,28.22,12465
1969,8,31,8.5062,28.402,11904
1969,9,1,8.2258,27.863,11693
1969,9,2,8.9212,29.012,11023
1969,9,3,8.8244,28.271,10866
1969,9,4,13.016,33.708,10753
1969,9,5,10.835,30.787,11855
1969,9,6,10.539,31.076,11185
1969,9,7,10.112,30.823,10997
1969,9,8,9.8268,30.324,10838
1969,9,9,9.5945,29.796,10687
1969,9,10,9.4854,29.249,10516
1969,9,11,9.3415,28.652,10385
1969,9,12,9.416,28.101,10247
1969,9,13,9.4795,27.596,10111
1969,9,14,9.0547,25.344,10884
1969,9,15,8.9918,24.393,10960
1969,9,16,9.041,23.736,10820
1969,9,17,9.0023,23.206,10658
1969,9,18,19.044,29.959,10072
1969,9,19,18.31,28.355,9976.9
1969,9,20,17.824,27.249,9862.1
1969,9,21,10.268,21.779,10400
1969,9,22,16.754,24.694,10056
1969,9,23,15.986,23.943,9940.7
1969,9,24,16.136,24.264,9574.1
1969,9,25,16.187,24.209,9399.1
1969,9,26,15.827,23.657,9541.4
1969,9,27,15.856,23.457,9475.3
1969,9,28,16.679,23.714,9411.6
1969,9,29,16.254,23.283,9408.1
1969,9,30,16.041,23.247,9325.5
1969,10,1,15.936,23.154,9253.3
1969,10,2,15.823,23.009,9199.4
1969,10,3,15.75,22.679,9240
1969,10,4,15.126,21.343,9960.3
1969,10,5,15.662,21.183,10031
1969,10,6,20.306,23.128,9929.6
1969,10,7,19.297,22.475,9878.6
1969,10,8,20.435,22.623,9764.5
1969,10,9,23.032,25.211,9818.5
1969,10,10,23.445,24.834,9587.6
1969,10,11,28.327,20.805,6487.2
1969,10,12,28.295,20.65,6494.2
1969,10,13,28.192,20.511,6532.3
1969,10,14,27.859,20.25,6706.6
1969,10,15,27.83,20.055,6727.1
1969,10,16,39.667,31.946,6829
1969,10,17,40.37,31.941,7013.9
1969,10,18,40.198,30.754,7201.1
1969,10,19,36.771,27.759,7475.3
1969,10,20,28.413,21.252,7750.5
1969,10,21,28.328,21.05,7733
1969,10,22,28.269,20.599,7708.5
1969,10,23,28.397,20.317,7692.4
1969,10,24,26.961,18.283,7575.4
1969,10,25,26.346,16.249,7701.9
1969,10,26,26.15,14.715,7611.5
1969,10,27,25.654,13.224,7707.6
1969,10,28,25.486,12.13,7609.9
1969,10,29,25.322,11.166,7517.3
1969,10,30,25.167,10.317,7435.1
1969,10,31,24.342,9.2918,7762.5
1969,11,1,24.242,8.9548,7664.1
1969,11,2,24.102,8.35,7594.8
1969,11,3,23.969,7.8064,7511.5
1969,11,4,23.846,7.3332,7443.9
1969,11,5,23.727,6.9854,7379.9
1969,11,6,23.613,6.6185,7310.5
1969,11,7,23.503,6.3057,7244.1
1969,11,8,28.511,15.641,7486.1
1969,11,9,28.551,15.313,7461.4
1969,11,10,28.591,15.062,7440.7
1969,11,11,28.667,14.8,7461.7
1969,11,12,26.555,12.902,7921.4
1969,11,13,23.726,10.473,9288.8
1969,11,14,23.009,9.2835,9450.2
1969,11,15,22.801,8.4243,9378.5
1969,11,16,22.485,7.6421,9395.9
1969,11,17,22.615,7.1034,9176.1
1969,11,18,22.471,6.5562,9134.7
1969,11,19,22.17,6.0362,9190.9
1969,11,20,22.314,5.6949,8992.3
1969,11,21,22.117,5.3041,9014.8
1969,11,22,22.26,5.0274,8850.4
1969,11,23,22.297,4.748,8772.2
1969,11,24,22.268,4.4844,8738.6
1969,11,25,22.412,4.2721,8616.1
1969,11,26,22.553,4.0888,8492.6
1969,11,27,22.71,3.9188,8378.6
1969,11,28,22.864,3.7619,8273.4
1969,11,29,23.018,3.6051,8189.1
1969,11,30,23.169,3.4593,8111.2
1969,12,1,23.316,3.3313,8033.1
1969,12,2,23.461,3.2198,7952
1969,12,3,23.602,3.1117,7889.8
1969,12,4,23.74,3.0121,7826.9
1969,12,5,22.268,2.7204,8678.5
1969,12,6,21.57,2.5272,9050.2
1969,12,7,19.196,2.1381,10382
1969,12,8,18.299,1.9241,10815
1969,12,9,18.502,1.8355,10618
1969,12,10,18.833,1.7726,10361
1969,12,11,17.866,1.5962,10874
1969,12,12,18.18,1.5302,10635
1969,12,13,18.617,1.4816,10346
1969,12,14,19.036,1.433,10088
1969,12,15,19.452,1.3889,9845.2
1969,12,16,19.851,1.3447,9625.9
1969,12,17,20.236,1.3014,9427.1
1969,12,18,20.451,1.2499,9334.3
1969,12,19,20.813,1.2088,9162.4
1969,12,20,21.164,1.1631,9014.4
1969,12,21,21.512,1.1226,8869.6
1969,12,22,21.849,1.0808,8740.3
1969,12,23,22.173,1.0422,8616.8
1969,12,24,20.738,0.92579,9460.7
1969,12,25,21.127,0.88936,9272.2
1969,12,26,21.5,0.85483,9099.3
1969,12,27,21.86,0.82176,8941.1
1969,12,28,21.566,0.76686,9142.1
1969,12,29,21.937,0.73699,8977.2
1969,12,30,22.293,0.70836,8826
1969,12,31,22.375,0.67295,8827.5
1970,1,1,22.622,0.64422,8739.5
1970,1,2,22.63,0.61054,8780.5
1970,1,3,22.051,0.56365,9120.6
1970,1,4,22.332,0.54006,9000.4
1970,1,5,22.608,0.51821,8888.9
1970,1,6,22.878,0.49725,8785.4
1970,1,7,22.733,0.46871,8896.6
1970,1,8,22.842,0.44652,8874.3
1970,1,9,23.228,0.43062,8713.6
1970,1,10,22.008,0.3874,9359.1
1970,1,11,22.261,0.37131,9239.2
1970,1,12,22.669,0.35932,9045.9
1970,1,13,22.888,0.34509,8953.9
1970,1,14,20.74,0.29764,10027
1970,1,15,20.741,0.2824,9995.5
1970,1,16,21.208,0.27478,9736.1
1970,1,17,21.656,0.26729,9499.1
1970,1,18,22.07,0.25897,9289.3
1970,1,19,22.147,0.24789,9253.3
1970,1,20,22.54,0.24004,9062.1
1970,1,21,22.805,0.23076,8940
1970,1,22,23.154,0.22243,8779.1
1970,1,23,22.965,0.20938,8883
1970,1,24,23.297,0.20146,8725.7
1970,1,25,23.331,0.19148,8715.8
1970,1,26,23.64,0.18417,8570.7
1970,1,27,22.801,0.16876,8977.5
1970,1,28,23.125,0.16241,8806.9
1970,1,29,23.431,0.1563,8651.8
1970,1,30,23.721,0.15036,8509.5
1970,1,31,23.295,0.14042,8710.3
1970,2,1,22.214,0.12733,9207.5
1970,2,2,22.444,0.12219,9059.5
1970,2,3,22.761,0.11788,8878
1970,2,4,22.718,0.11196,8874.6
1970,2,5,23.015,0.1079,8708.7
1970,2,6,23.296,0.10394,8556.7
1970,2,7,23.561,0.1001,8416.5
1970,2,8,23.635,0.09569,8370.5
1970,2,9,23.882,0.092161,8241.9
1970,2,10,24.115,0.088781,8122.1
1970,2,11,23.976,0.084281,8179.4
1970,2,12,24.202,0.081207,8058.7
1970,2,13,24.416,0.078239,7946.2
1970,2,14,24.255,0.074266,8011.2
1970,2,15,22.315,0.065334,8899.3
1970,2,16,22.605,0.062977,8699.1
1970,2,17,20.67,0.055008,9559.1
1970,2,18,20.866,0.052826,9373.1
1970,2,19,21.204,0.051242,9134
1970,2,20,21.521,0.049628,8924.3
1970,2,21,21.821,0.048076,8728.7
1970,2,22,22.103,0.046574,8550
1970,2,23,22.369,0.04513,8385.6
1970,2,24,21.645,0.041896,8701.2
1970,2,25,20.889,0.038728,9012.7
1970,2,26,21.201,0.037589,8795.1
1970,2,27,21.494,0.036549,8598.3
1970,2,28,21.771,0.035525,8418.7
1970,3,1,22.032,0.034521,8253.6
1970,3,2,14.339,0.021793,11946
1970,3,3,12.326,0.017768,12724
1970,3,4,12.984,0.017815,12149
1970,3,5,9.7521,0.012886,13671
1970,3,6,10.493,0.013145,13072
1970,3,7,11.184,0.013406,12507
1970,3,8,11.828,0.013531,12033
1970,3,9,12.431,0.013525,11649
1970,3,10,12.996,0.013483,11280
1970,3,11,13.527,0.013423,10919
1970,3,12,13.657,0.012992,10793
1970,3,13,14.145,0.012817,10509
1970,3,14,14.605,0.012646,10231
1970,3,15,15.039,0.012493,9951.3
1970,3,16,15.45,0.0123,9707.3
1970,3,17,15.839,0.012097,9480
1970,3,18,16.208,0.011835,9296.3
1970,3,19,16.559,0.011619,9102.7
1970,3,20,16.892,0.011422,8914.6
1970,3,21,17.209,0.011259,8725.5
1970,3,22,17.511,0.011101,8547.6
1970,3,23,17.8,0.012375,8393.3
1970,3,24,18.074,0.013159,8273.8
1970,3,25,16.795,0.013088,8988.2
1970,3,26,16.077,0.013085,9325.6
1970,3,27,16.429,0.013561,9049.7
1970,3,28,16.762,0.013909,8809.5
1970,3,29,16.578,0.013774,8873.4
1970,3,30,16.9,0.013749,8672.7
1970,3,31,17.204,0.013613,8505
1970,4,1,17.493,0.013532,8342.1
1970,4,2,17.768,0.013503,8182.5
1970,4,3,18.029,0.013384,8046.7
1970,4,4,18.278,0.013491,7889.3
1970,4,5,18.515,0.013687,7728.4
1970,4,6,18.742,0.016694,7577.5
1970,4,7,18.957,0.024443,7429.8
1970,4,8,19.161,0.033326,7304.4
1970,4,9,18.519,0.041416,7629.1
1970,4,10,18.744,0.045253,7495.7
1970,4,11,18.959,0.049998,7355.8
1970,4,12,19.163,0.057894,7224.1
1970,4,13,19.356,0.068114,7094.7
1970,4,14,19.538,0.083707,6953.3
1970,4,15,19.71,0.10117,6834.3
1970,4,16,20.476,0.12135,6790.4
1970,4,17,11.597,0.08305,11456
1970,4,18,12.118,0.078311,10907
1970,4,19,12.607,0.083667,10424
1970,4,20,9.4987,0.074627,12023
1970,4,21,10.063,0.07512,11446
1970,4,22,7.0435,0.060411,13120
1970,4,23,7.6879,0.0736,12417
1970,4,24,8.3658,0.088324,11807
1970,4,25,9.1691,0.10393,11172
1970,4,26,10.065,0.12061,10579
1970,4,27,8.1119,0.10217,11966
1970,4,28,8.9416,0.11604,11467
1970,4,29,18.732,0.23788,9203.6
1970,4,30,19.027,0.27784,8986.9
1970,5,1,19.043,0.31415,8807.7
1970,5,2,19.085,0.35351,8623.7
1970,5,3,18.854,0.42394,8466.9
1970,5,4,18.998,0.52433,8310.1
1970,5,5,18.94,0.6083,8169.9
1970,5,6,18.856,0.70664,8041.6
1970,5,7,18.72,0.83957,7886.3
1970,5,8,18.158,0.92484,8276.7
1970,5,9,18.295,1.0394,8104.2
1970,5,10,18.414,1.1483,7975.1
1970,5,11,18.451,1.2642,7881.2
1970,5,12,18.295,1.3783,7840.1
1970,5,13,18.141,1.5069,7760.9
1970,5,14,17.991,1.6611,7689.3
1970,5,15,17.604,1.7928,7733.4
1970,5,16,17.373,1.9639,7641.4
1970,5,17,17.11,2.1692,7543.5
1970,5,18,16.823,2.3997,7413.5
1970,5,19,16.527,2.6349,7317.7
1970,5,20,16.213,2.8713,7277.7
1970,5,21,15.841,3.1504,7189.4
1970,5,22,15.43,3.4702,7108.2
1970,5,23,14.964,3.8421,7016.8
1970,5,24,13.491,3.9315,7574.5
1970,5,25,13.284,4.1797,7523.1
1970,5,26,12.983,4.4304,7386.9
1970,5,27,13.342,4.5706,7516.5
1970,5,28,12.393,4.9589,7179.4
1970,5,29,12.006,5.2507,7129.9
1970,5,30,11.557,5.5762,7041.8
1970,5,31,11.135,5.8532,7014
1970,6,1,10.68,6.1547,6934.6
1970,6,2,10.224,6.4669,6851.7
1970,6,3,9.9578,6.8132,6747.3
1970,6,4,9.6097,7.2084,6643.1
1970,6,5,9.1998,7.6236,6546.9
1970,6,6,8.744,8.0456,6454.7
1970,6,7,8.3011,8.408,6349.2
1970,6,8,7.8767,8.7598,6237.9
1970,6,9,15.492,18.813,6927.7
1970,6,10,13.063,18.764,6727.6
1970,6,11,12.672,21.234,6997.2
1970,6,12,11.3,21.837,6879.4
1970,6,13,10.11,22.275,6776.1
1970,6,14,9.1478,22.49,6682.1
1970,6,15,8.2455,22.152,6765
1970,6,16,7.4854,22.139,6608.5
1970,6,17,7.2687,21.833,6600.2
1970,6,18,11.738,25.249,7999.9
1970,6,19,10.694,24.886,7827.9
1970,6,20,9.7102,24.595,7665.9
1970,6,21,8.8385,24.303,7516.6
1970,6,22,8.085,23.968,7367.9
1970,6,23,14.269,32.634,7275.3
1970,6,24,12.137,31.872,7128.5
1970,6,25,10.122,31.47,7091.9
1970,6,26,9.0386,31.491,7025
1970,6,27,8.2221,31.279,6952.2
1970,6,28,7.5176,30.395,7032
1970,6,29,6.7357,29.537,6537.2
1970,6,30,13.59,37.978,7162.1
1970,7,1,10.171,37.023,7281.3
1970,7,2,8.3309,35.443,7414.4
1970,7,3,7.597,35.189,7305.7
1970,7,4,7.0813,34.734,7184.8
1970,7,5,6.6063,33.089,7339
1970,7,6,6.4116,32.473,7214.1
1970,7,7,12.974,40.914,7147.3
1970,7,8,11.294,40.061,7010.3
1970,7,9,9.7596,39.39,6879.2
1970,7,10,8.5086,38.621,6747.8
1970,7,11,7.68,37.574,6632.3
1970,7,12,6.9736,34.899,6884.8
1970,7,13,6.6582,33.575,6828.9
1970,7,14,11.686,41.351,6687.4
1970,7,15,9.7357,40.625,6555.2
1970,7,16,8.342,39.599,6432.7
1970,7,17,7.5319,38.203,6320.2
1970,7,18,7.0807,36.861,6274.9
1970,7,19,6.7764,36.07,6179.3
1970,7,20,6.5837,35.214,6088.1
1970,7,21,11.766,43.233,5996.6
1970,7,22,9.8489,42.549,5896.3
1970,7,23,8.5474,41.512,5811.5
1970,7,24,7.6442,39.965,5807.1
1970,7,25,7.1273,38.838,5719.1
1970,7,26,6.8267,37.606,5630.3
1970,7,27,6.6706,36.232,5538
1970,7,28,11.257,44.531,5451.4
1970,7,29,8.1838,39.114,6666.6
1970,7,30,7.5205,38.42,6564.6
1970,7,31,7.0383,36.915,6394.8
1970,8,1,6.7976,36.023,6257.3
1970,8,2,6.636,35.019,6004.7
1970,8,3,6.5743,34.17,5915
1970,8,4,6.5269,33.381,5828
1970,8,5,6.5866,32.656,5740.1
1970,8,6,6.527,31.238,5852.8
1970,8,7,6.5434,30.617,5758.8
1970,8,8,6.532,29.994,5667.2
1970,8,9,6.5555,29.209,5573.2
1970,8,10,6.5364,28.558,5483.8
1970,8,11,11.298,37.359,5392.9
1970,8,12,9.3348,37.215,5306.7
1970,8,13,8.02,36.583,5217.8
1970,8,14,7.3594,34.929,5241.8
1970,8,15,7.1516,34.177,5174.2
1970,8,16,8.7848,37.02,5543.1
1970,8,17,8.6464,36.013,5460.9
1970,8,18,14.586,40.914,5914.4
1970,8,19,13.481,39.611,5788.2
1970,8,20,12.496,38.668,5686.6
1970,8,21,12.787,39.252,5741.9
1970,8,22,11.872,38.05,5654.4
1970,8,23,11.316,37.225,5603.9
1970,8,24,10.84,36.424,5550.1
1970,8,25,14.946,42.508,5496.4
1970,8,26,13.23,41.854,5629.6
1970,8,27,12.047,41.569,5558.2
1970,8,28,11.025,40.196,5468
1970,8,29,9.3952,35.809,6325.5
1970,8,30,9.0184,35.414,6165.8
1970,8,31,8.9196,35.014,6061
1970,9,1,15.249,40.717,6289.1
1970,9,2,14.607,39.45,6212.2
1970,9,3,13.996,38.049,6208.7
1970,9,4,13.427,37.089,6117
1970,9,5,12.913,36.247,6032.4
1970,9,6,11.452,31.263,7072.8
1970,9,7,10.015,27.177,7803.5
1970,9,8,10.595,27.532,7670.9
1970,9,9,10.587,27.361,7462.6
1970,9,10,18.082,31.772,7660.5
1970,9,11,15.648,30.397,7453.3
1970,9,12,15.282,30.066,7383.6
1970,9,13,17.892,30.72,7535.7
1970,9,14,17.185,30.308,7487.2
1970,9,15,16.934,29.646,7591
1970,9,16,16.368,29.372,7518.3
1970,9,17,15.885,29.083,7451.6
1970,9,18,13.003,29.121,7141.1
1970,9,19,12.684,28.865,7095.9
1970,9,20,10.895,28.27,6937.7
1970,9,21,11.906,27.623,7130.3
1970,9,22,14.268,26.831,7256.4
1970,9,23,13.919,26.464,7179.3
1970,9,24,13.796,26.105,7131.8
1970,9,25,13.913,25.713,7083.5
1970,9,26,13.932,25.335,7036.7
1970,9,27,13.831,24.928,6983.4
1970,9,28,13.337,24.689,6918.6
1970,9,29,16.7,28.455,6886.6
1970,9,30,16.582,28.672,6851.5
1970,10,1,16.063,28.283,6902.5
1970,10,2,19.512,27.157,6999.3
1970,10,3,19.118,27.041,6943.7
1970,10,4,18.823,26.896,6895.4
1970,10,5,18.664,26.628,6858.8
1970,10,6,22.037,30.151,6862.1
1970,10,7,22.009,30.496,6824.4
1970,10,8,25.809,28.97,6912.2
1970,10,9,25.408,28.943,6892.8
1970,10,10,28.009,21.266,7967.1
1970,10,11,27.977,21.443,7884.9
1970,10,12,27.72,21.449,7839.1
1970,10,13,48.847,43.73,7784.4
1970,10,14,46.613,39.846,7722.1
1970,10,15,44.716,36.578,7622.2
1970,10,16,43.417,33.722,7574.1
1970,10,17,42.453,31.39,7531.2
1970,10,18,41.518,29.519,7479.3
1970,10,19,40.944,27.954,7441
1970,10,20,40.504,26.664,7405.9
1970,10,21,40.159,25.579,7373.4
1970,10,22,39.856,24.648,7345.8
1970,10,23,39.632,23.84,7317.4
1970,10,24,39.406,23.089,7300.4
1970,10,25,39.2,22.434,7282.1
1970,10,26,38.718,21.56,7333.6
1970,10,27,38.425,20.847,7352.9
1970,10,28,33.349,18.316,7686.2
1970,10,29,33.31,18.117,7638.2
1970,10,30,29.488,18.036,7325
1970,10,31,29.359,17.788,7335
1970,11,1,29.208,17.378,7343.5
1970,11,2,29.247,17.099,7322.8
1970,11,3,29.278,16.832,7301.4
1970,11,4,29.41,16.552,7285.5
1970,11,5,29.528,16.3,7269.8
1970,11,6,28.239,14.95,7151.7
1970,11,7,28.045,13.646,7074.3
1970,11,8,27.858,12.513,7000.6
1970,11,9,27.683,11.519,6931.3
1970,11,10,27.516,10.644,6863.7
1970,11,11,27.355,9.8841,6791.7
1970,11,12,27.205,9.2051,6720
1970,11,13,27.074,8.7878,6713.6
1970,11,14,26.94,8.4413,6700
1970,11,15,26.806,8.1188,6682.6
1970,11,16,26.672,7.8263,6666.6
1970,11,17,24.587,7.0393,7010.9
1970,11,18,24.416,6.7213,6984.3
1970,11,19,24.44,6.5347,6924.8
1970,11,20,24.121,6.3687,6940
1970,11,21,22.294,5.7522,7238.4
1970,11,22,22.261,5.537,7187
1970,11,23,22.388,5.3615,7119.2
1970,11,24,19.991,4.602,7535.6
1970,11,25,18.813,4.1129,7713.8
1970,11,26,19.135,3.9852,7592.6
1970,11,27,19.442,3.8714,7486.1
1970,11,28,19.766,3.7611,7390.2
1970,11,29,19.99,3.6199,7332.4
1970,11,30,16.836,2.8945,7926.2
1970,12,1,15.757,2.5278,8098.6
1970,12,2,16.282,2.4584,7947.7
1970,12,3,16.786,2.3876,7825.6
1970,12,4,17.137,2.3057,7735.6
1970,12,5,17.341,2.2147,7674.1
1970,12,6,17.799,2.1558,7568.7
1970,12,7,18.27,2.0824,7483
1970,12,8,17.266,1.8646,7668.8
1970,12,9,17.769,1.8019,7566.7
1970,12,10,18.249,1.7484,7471.9
1970,12,11,18.712,1.6942,7385.8
1970,12,12,18.872,1.6156,7359.1
1970,12,13,16.398,1.3222,7815
1970,12,14,16.972,1.2742,7702.5
1970,12,15,17.442,1.2316,7609.8
1970,12,16,17.971,1.1948,7511.5
1970,12,17,16.926,1.0605,7694.2
1970,12,18,17.497,1.0272,7588.3
1970,12,19,17.83,0.9857,7528.5
1970,12,20,18.365,0.95374,7443.5
1970,12,21,17.909,0.87627,7524.1
1970,12,22,18.305,0.84134,7459.4
1970,12,23,18.696,0.80938,7395.9
1970,12,24,18.844,0.76901,7374.8
1970,12,25,18.52,0.71241,7430.6
1970,12,26,16.001,0.57958,7835.8
1970,12,27,16.644,0.56534,7714.7
1970,12,28,17.261,0.55311,7603.6
1970,12,29,17.864,0.54044,7501.5
1970,12,30,18.442,0.52743,7407.7
1970,12,31,17.777,0.48102,7511.7
1971,1,1,18.098,0.46274,7457.3
1971,1,2,18.409,0.44562,7407.1
1971,1,3,18.985,0.4355,7318.4
1971,1,4,19.398,0.42217,7258
1971,1,5,19.947,0.41202,7180.1
1971,1,6,20.386,0.39995,7121.2
1971,1,7,20.913,0.3899,7052.5
1971,1,8,21.162,0.37524,7025.1
1971,1,9,21.397,0.361,6998.8
1971,1,10,21.878,0.35139,6937.5
1971,1,11,22.339,0.34179,6880.4
1971,1,12,21.395,0.31206,7015.2
1971,1,13,19.952,0.27709,7207.8
1971,1,14,20.488,0.27077,7123.8
1971,1,15,21.001,0.26483,7046
1971,1,16,21.491,0.25873,6973.7
1971,1,17,21.96,0.25251,6906.5
1971,1,18,22.408,0.24622,6843.7
1971,1,19,22.072,0.23188,6883.5
1971,1,20,22.345,0.22436,6841.5
1971,1,21,22.773,0.21865,6780.3
1971,1,22,23.183,0.21296,6722.9
1971,1,23,23.563,0.20657,6669.4
1971,1,24,23.937,0.20103,6618.7
1971,1,25,24.285,0.19488,6570
1971,1,26,24.61,0.1884,6523.3
1971,1,27,24.915,0.18178,6478.5
1971,1,28,24.537,0.17056,6515.4
1971,1,29,24.181,0.16,6545.3
1971,1,30,24.49,0.1541,6492
1971,1,31,24.784,0.14834,6441.8
1971,2,1,25.061,0.14271,6394
1971,2,2,25.324,0.13722,6348
1971,2,3,24.646,0.12711,6412.3
1971,2,4,24.921,0.12223,6359.6
1971,2,5,25.181,0.11751,6309.6
1971,2,6,25.428,0.11294,6261.6
1971,2,7,25.094,0.10614,6281.1
1971,2,8,25.339,0.102,6230.6
1971,2,9,25.456,0.09755,6195.5
1971,2,10,25.565,0.093285,6161
1971,2,11,25.59,0.088937,6135.7
1971,2,12,25.804,0.085438,6087.9
1971,2,13,25.137,0.079345,6141.2
1971,2,14,25.177,0.075694,6109
1971,2,15,25.402,0.072772,6055.5
1971,2,16,25.123,0.06866,6060.6
1971,2,17,24.859,0.064791,6064.1
1971,2,18,25.089,0.062433,6006.9
1971,2,19,25.307,0.060204,5952.4
1971,2,20,25.513,0.05801,5903.5
1971,2,21,25.708,0.055951,5853
1971,2,22,25.894,0.053982,5804.2
1971,2,23,26.069,0.052108,5756.9
1971,2,24,26.236,0.050327,5710.8
1971,2,25,26.395,0.04864,5665.8
1971,2,26,26.225,0.048353,5658.4
1971,2,27,24.064,0.046005,5876.2
1971,2,28,24.313,0.046705,5805.6
1971,3,1,24.255,0.046696,5773.6
1971,3,2,24.488,0.046976,5708.6
1971,3,3,24.707,0.047152,5647.5
1971,3,4,24.364,0.046239,5653.1
1971,3,5,23.254,0.043745,5746
1971,3,6,22.733,0.041449,5781.4
1971,3,7,23.017,0.040966,5702.7
1971,3,8,23.283,0.040161,5641.4
1971,3,9,23.534,0.038913,5601.5
1971,3,10,23.771,0.038021,5551.9
1971,3,11,23.639,0.036975,5532.4
1971,3,12,23.866,0.036543,5466
1971,3,13,21.036,0.031201,5779.2
1971,3,14,18.244,0.027628,6062.4
1971,3,15,18.699,0.027952,5936.7
1971,3,16,19.122,0.028037,5831.7
1971,3,17,19.518,0.028091,5735.5
1971,3,18,19.888,0.027762,5663.9
1971,3,19,20.085,0.027527,5602.7
1971,3,20,20.418,0.027544,5522.6
1971,3,21,20.577,0.027517,5459.1
1971,3,22,20.571,0.027234,5417.8
1971,3,23,20.871,0.027074,5347.2
1971,3,24,21.154,0.026554,5297.7
1971,3,25,19.354,0.023843,5492.6
1971,3,26,19.554,0.023349,5414.6
1971,3,27,19.797,0.022932,5335.2
1971,3,28,20.115,0.02259,5254.2
1971,3,29,20.414,0.022253,5180.5
1971,3,30,20.696,0.021743,5125.8
1971,3,31,20.238,0.020439,5173.6
1971,4,1,16.343,0.01714,5640.3
1971,4,2,15.222,0.015519,5729
1971,4,3,15.724,0.015251,5618
1971,4,4,16.192,0.01528,5497.7
1971,4,5,16.629,0.015368,5379.8
1971,4,6,17.039,0.01544,5272
1971,4,7,17.425,0.018789,5183.4
1971,4,8,17.791,0.029,5096.8
1971,4,9,18.134,0.044037,5005.4
1971,4,10,18.453,0.059013,4938.4
1971,4,11,18.757,0.080051,4862.8
1971,4,12,19.043,0.10197,4804.3
1971,4,13,19.314,0.12381,4744.6
1971,4,14,19.574,0.14661,4675
1971,4,15,19.825,0.16971,4619.3
1971,4,16,17.355,0.16856,4936.7
1971,4,17,17.863,0.19197,4859.2
1971,4,18,16.099,0.18769,5120
1971,4,19,17.039,0.21266,5028.6
1971,4,20,23.567,0.28244,5042.2
1971,4,21,23.567,0.32372,4960.1
1971,4,22,23.585,0.36749,4887.3
1971,4,23,29.713,0.32176,5479.3
1971,4,24,29.657,0.34471,5458.6
1971,4,25,29.614,0.37192,5437.7
1971,4,26,24.326,0.71371,4760.7
1971,4,27,24.244,0.81269,4701.2
1971,4,28,24.116,0.92708,4630.6
1971,4,29,23.972,1.0568,4564.5
1971,4,30,23.874,1.1882,4545.1
1971,5,1,23.742,1.3316,4488.1
1971,5,2,23.556,1.5034,4419.7
1971,5,3,23.19,1.6996,4360.8
1971,5,4,22.926,1.9443,4292.7
1971,5,5,22.641,2.2063,4226.9
1971,5,6,22.297,2.5143,4158.9
1971,5,7,21.947,2.8358,4109.3
1971,5,8,21.546,3.1738,4056.9
1971,5,9,21.071,3.5844,4001.8
1971,5,10,20.339,3.9786,4001.9
1971,5,11,19.894,4.3665,3955.3
1971,5,12,19.774,4.6772,4069.7
1971,5,13,19.253,5.1313,4022
1971,5,14,18.227,5.7728,3813.9
1971,5,15,17.555,6.3386,3766.6
1971,5,16,16.884,6.9241,3767.2
1971,5,17,15.708,6.9549,4190.7
1971,5,18,15.126,7.4996,4107.8
1971,5,19,15.656,8.6605,4032.8
1971,5,20,15.15,9.0816,3995.8
1971,5,21,14.646,9.5948,3959.9
1971,5,22,12.958,9.2505,4821.7
1971,5,23,13.071,9.9899,4727.6
1971,5,24,13.975,11.074,4723.6
1971,5,25,13.371,11.369,4655.4
1971,5,26,12.3,11.569,4515.4
1971,5,27,11.61,12.005,4432.3
1971,5,28,10.825,12.339,4491.4
1971,5,29,11.378,13.263,4508
1971,5,30,10.839,13.675,4450.1
1971,5,31,10.306,14.052,4393.5
1971,6,1,16.313,22.09,4341.8
1971,6,2,14.888,21.877,4285.9
1971,6,3,8.0917,14.133,4060.3
1971,6,4,7.0252,12.918,6213
1971,6,5,8.5138,17.423,6023.5
1971,6,6,7.8586,17.195,6134.9
1971,6,7,8.1809,18.715,8008.5
1971,6,8,7.718,18.671,7797.8
1971,6,9,7.46,18.568,7582.7
1971,6,10,7.1192,18.168,7635.3
1971,6,11,6.7991,17.758,7712.2
1971,6,12,6.2361,16.499,6520.2
1971,6,13,6.4288,17.544,7414.5
1971,6,14,6.2933,17.325,7246.9
1971,6,15,13.564,24.532,7217.6
1971,6,16,11.687,24.228,7083.1
1971,6,17,9.1409,25.15,7470.4
1971,6,18,7.9553,25.009,7281.6
1971,6,19,7.0091,23.709,7659.7
1971,6,20,6.628,23.521,7487.1
1971,6,21,6.2661,22.822,7492.7
1971,6,22,12.568,31.983,7358.2
1971,6,23,10.637,31.67,7205.6
1971,6,24,8.7572,30.565,6995.4
1971,6,25,7.8319,30.635,6886.6
1971,6,26,7.1595,30.296,6811.8
1971,6,27,6.2584,27.297,7427.4
1971,6,28,6.0761,26.599,7362.6
1971,6,29,12.627,35.526,7228.8
1971,6,30,9.907,36.177,7345.2
1971,7,1,8.7513,35.759,7465.9
1971,7,2,7.9375,35.291,7468.2
1971,7,3,7.3023,34.247,7567.8
1971,7,4,6.9264,33.511,7484.3
1971,7,5,6.7118,32.651,7411.5
1971,7,6,6.5437,31.759,7336
1971,7,7,6.5999,30.949,7231
1971,7,8,6.5901,30.195,7125.8
1971,7,9,6.6808,29.779,7049.3
1971,7,10,6.5497,29.172,6940.2
1971,7,11,5.8616,25.287,7669.7
1971,7,12,5.816,24.015,8139.6
1971,7,13,5.9127,23.589,7954.4
1971,7,14,6.1175,23.241,7784.4
1971,7,15,6.0675,22.22,8237.8
1971,7,16,6.1263,21.937,8032.5
1971,7,17,6.1554,21.628,7861.7
1971,7,18,6.1281,21.327,7695.6
1971,7,19,6.0765,21.01,7541.1
1971,7,20,6.0208,20.669,7397.5
1971,7,21,6.072,20.373,7254.4
1971,7,22,6.1813,20.604,7139.1
1971,7,23,10.194,31.505,7554
1971,7,24,6.7094,23.056,7024.9
1971,7,25,8.2142,27.476,8301.1
1971,7,26,7.7186,26.276,8413.9
1971,7,27,6.9587,24.702,7648.2
1971,7,28,8.9514,27.921,8197.3
1971,7,29,8.7193,27.36,8112.8
1971,7,30,8.568,26.802,8036.2
1971,7,31,8.3388,26.134,8046.2
1971,8,1,8.1923,25.619,7940.9
1971,8,2,8.0555,25.171,7840
1971,8,3,13.549,31.705,7748.5
1971,8,4,12.542,30.911,7649.6
1971,8,5,11.61,30.235,7550
1971,8,6,6.6105,21.181,6865.1
1971,8,7,6.5602,20.884,6779
1971,8,8,6.4982,20.575,6693.2
1971,8,9,6.4733,20.21,6612.3
1971,8,10,6.4294,19.848,6524.9
1971,8,11,13.085,32.737,6940
1971,8,12,12.041,31.739,6842.7
1971,8,13,11.098,30.888,6744.8
1971,8,14,10.501,29.86,6658.8
1971,8,15,9.8619,28.955,6564.2
1971,8,16,8.6578,25.683,7683.1
1971,8,17,14.519,32.624,7667
1971,8,18,13.286,31.513,7548.1
1971,8,19,11.93,30.278,7491.4
1971,8,20,10.873,29.302,7362.1
1971,8,21,10.202,28.478,7258.1
1971,8,22,9.6849,27.471,7145.9
1971,8,23,8.9442,25.424,7472
1971,8,24,8.8995,24.95,7354.5
1971,8,25,8.8647,24.375,7234.6
1971,8,26,8.8179,23.857,7121.6
1971,8,27,8.7773,23.485,7029.2
1971,8,28,8.748,23.141,6943.1
1971,8,29,8.732,22.795,6859.6
1971,8,30,8.6512,22.474,6765.5
1971,8,31,14.906,29.38,6836.8
1971,9,1,13.803,28.332,6817.6
1971,9,2,12.542,26.345,7380.7
1971,9,3,11.804,25.207,7498.5
1971,9,4,10.301,22.851,8146.3
1971,9,5,9.9428,22.47,8014.4
1971,9,6,9.514,21.549,7945.1
1971,9,7,14.997,28.202,7799.8
1971,9,8,14.018,27.402,7669
1971,9,9,18.518,31.012,7650.1
1971,9,10,17.287,29.616,7505.6
1971,9,11,16.768,29.163,7421.5
1971,9,12,16.327,28.685,7340
1971,9,13,15.94,28.233,7260.6
1971,9,14,21.189,33.491,7186.3
1971,9,15,20.434,32.332,7105.2
1971,9,16,17.899,31.333,7022.9
1971,9,17,17.041,31.529,6959.8
1971,9,18,16.475,31.622,6906.9
1971,9,19,16.025,31.645,6854.2
1971,9,20,20.26,31.504,6865.1
1971,9,21,19.898,31.268,6806.7
1971,9,22,19.632,31.033,6745.6
1971,9,23,19.263,30.909,6680.5
1971,9,24,18.98,30.742,6621.5
1971,9,25,18.909,30.518,6567.5
1971,9,26,17.997,29.863,6807
1971,9,27,18.053,29.595,6757.7
1971,9,28,22.837,34.031,7386.1
1971,9,29,22.416,33.095,7246.9
1971,9,30,19.593,27.919,9731.3
1971,10,1,14.317,25.002,9747.6
1971,10,2,19.362,26.295,9693.5
1971,10,3,18.819,24.601,10380
1971,10,4,18.268,24.013,10341
1971,10,5,22.891,29.025,10567
1971,10,6,21.37,27.602,10386
1971,10,7,21.958,27.467,10240
1971,10,8,25.922,27.203,9924.1
1971,10,9,25.424,26.976,9876.2
1971,10,10,24.517,26.798,9837
1971,10,11,24.446,26.602,9758.6
1971,10,12,26.945,25.925,9558.6
1971,10,13,26.356,25.766,9502.9
1971,10,14,26.231,25.551,9433.7
1971,10,15,36.656,24.366,7447.3
1971,10,16,35.143,23.301,7987.7
1971,10,17,34.955,22.927,8070.5
1971,10,18,34.918,22.584,8105.8
1971,10,19,34.577,22.257,8158.3
1971,10,20,34.476,22.007,8161
1971,10,21,34.506,21.713,8159.5
1971,10,22,34.53,21.424,8157.7
1971,10,23,34.562,21.119,8156.9
1971,10,24,34.553,20.824,8154.6
1971,10,25,34.587,20.537,8152.5
1971,10,26,34.59,20.193,8175.6
1971,10,27,34.498,19.863,8191
1971,10,28,34.013,19.755,8200.5
1971,10,29,33.639,19.585,8228.3
1971,10,30,31.994,18.891,8704.3
1971,10,31,29.451,18.412,9079
1971,11,1,29.442,18.013,9068.7
1971,11,2,29.329,17.75,9127.4
1971,11,3,29.049,17.187,9236.8
1971,11,4,28.863,16.895,9326.1
1971,11,5,23.523,12.822,11275
1971,11,6,22.658,11.375,11459
1971,11,7,22.886,10.639,11097
1971,11,8,23.061,10.003,10808
1971,11,9,23.204,9.4582,10567
1971,11,10,23.348,9.0413,10351
1971,11,11,23.612,9.0212,10113
1971,11,12,25.621,12.466,9653.6
1971,11,13,29.832,14.249,9341.5
1971,11,14,24.903,11.349,9668.7
1971,11,15,24.659,10.511,9618.4
1971,11,16,24.554,9.9211,9526.4
1971,11,17,22.099,8.3742,10556
1971,11,18,21.231,7.5491,10830
1971,11,19,20.385,6.9006,11082
1971,11,20,19.592,6.3002,11320
1971,11,21,19.787,6.0416,11082
1971,11,22,17.941,5.2145,11882
1971,11,23,17.997,4.9463,11732
1971,11,24,18.194,4.7563,11524
1971,11,25,18.376,4.5746,11350
1971,11,26,18.558,4.4203,11176
1971,11,27,18.811,4.2931,10983
1971,11,28,19.052,4.1756,10808
1971,11,29,19.273,4.0458,10670
1971,11,30,19.488,3.9206,10545
1971,12,1,19.697,3.8077,10422
1971,12,2,19.905,3.7089,10296
1971,12,3,20.133,3.5989,10196
1971,12,4,19.765,3.3958,10385
1971,12,5,19.633,3.2439,10443
1971,12,6,19.373,3.0762,10560
1971,12,7,19.65,2.9854,10430
1971,12,8,19.922,2.9093,10296
1971,12,9,19.454,2.7281,10523
1971,12,10,19.508,2.6226,10491
1971,12,11,19.8,2.5516,10352
1971,12,12,20.082,2.4818,10226
1971,12,13,19.966,2.3622,10294
1971,12,14,20.038,2.2598,10285
1971,12,15,18.851,2.0273,10837
1971,12,16,19.089,1.9423,10728
1971,12,17,19.461,1.8826,10565
1971,12,18,19.527,1.7951,10546
1971,12,19,19.8,1.7268,10439
1971,12,20,19.735,1.6228,10501
1971,12,21,20.122,1.5632,10358
1971,12,22,20.497,1.5027,10232
1971,12,23,20.858,1.4476,10110
1971,12,24,21.206,1.3947,9998
1971,12,25,20.673,1.2877,10251
1971,12,26,21.056,1.237,10123
1971,12,27,21.426,1.1878,10005
1971,12,28,21.784,1.1401,9896.1
1971,12,29,22.13,1.0943,9795.7
1971,12,30,22.362,1.0457,9741.5
1971,12,31,22.105,0.97716,9878.5
1972,1,1,22.03,0.91971,9936.2
1972,1,2,22.291,0.87879,9862.6
1972,1,3,22.658,0.84358,9755.3
1972,1,4,22.671,0.79767,9780.3
1972,1,5,22.856,0.75968,9739.2
1972,1,6,22.607,0.70973,9855.8
1972,1,7,21.802,0.6461,10160
1972,1,8,21.315,0.5955,10333
1972,1,9,21.595,0.5691,10232
1972,1,10,20.895,0.52063,10472
1972,1,11,21.206,0.49855,10353
1972,1,12,21.674,0.48178,10188
1972,1,13,22.122,0.46549,10036
1972,1,14,22.559,0.44959,9895.6
1972,1,15,22.377,0.42258,9965.8
1972,1,16,22.818,0.40798,9826.7
1972,1,17,23.141,0.39215,9731.4
1972,1,18,23.554,0.37878,9609
1972,1,19,23.664,0.36156,9586.5
1972,1,20,23.015,0.33421,9801.6
1972,1,21,21.76,0.30005,10191
1972,1,22,22.226,0.29064,10023
1972,1,23,22.503,0.27983,9921.2
1972,1,24,22.008,0.26049,10058
1972,1,25,22.46,0.25288,9897.4
1972,1,26,22.892,0.24554,9748.8
1972,1,27,23.305,0.23827,9611.5
1972,1,28,23.699,0.23112,9484.5
1972,1,29,24.076,0.22411,9366.7
1972,1,30,24.437,0.21725,9257.2
1972,1,31,24.781,0.21055,9155.3
1972,2,1,25.111,0.20404,9060.1
1972,2,2,25.426,0.19773,8971.1
1972,2,3,25.718,0.19109,8886.9
1972,2,4,26.006,0.18518,8808.4
1972,2,5,26.273,0.17895,8733.2
1972,2,6,26.523,0.17258,8661.1
1972,2,7,26.757,0.1662,8591.9
1972,2,8,26.978,0.15992,8525.4
1972,2,9,27.187,0.1538,8461.5
1972,2,10,27.385,0.14787,8399.5
1972,2,11,27.572,0.14217,8339.7
1972,2,12,26.822,0.13219,8527.9
1972,2,13,25.104,0.11815,8957.4
1972,2,14,25.38,0.11375,8836.7
1972,2,15,25.149,0.10741,8854.9
1972,2,16,24.317,0.098961,9027.8
1972,2,17,22.637,0.087679,9415.2
1972,2,18,22.998,0.084663,9246
1972,2,19,23.337,0.081901,9092.1
1972,2,20,23.479,0.078536,9001.6
1972,2,21,23.787,0.075896,8866.4
1972,2,22,23.897,0.07277,8787.7
1972,2,23,23.891,0.069437,8740.9
1972,2,24,24.169,0.067038,8619.9
1972,2,25,24.431,0.064703,8506.6
1972,2,26,24.679,0.062437,8399.9
1972,2,27,24.617,0.059537,8375.2
1972,2,28,24.852,0.057442,8272
1972,2,29,24.166,0.053435,8407
1972,3,1,24.416,0.051556,8291.9
1972,3,2,24.652,0.049772,8184.1
1972,3,3,24.689,0.047689,8129.7
1972,3,4,24.909,0.046028,8028.8
1972,3,5,24.929,0.043917,8004.7
1972,3,6,21.022,0.035552,8940.6
1972,3,7,20.984,0.033679,8870.1
1972,3,8,21.349,0.032566,8731.8
1972,3,9,21.692,0.031562,8588.8
1972,3,10,21.591,0.030089,8543.6
1972,3,11,21.913,0.029255,8387
1972,3,12,22.215,0.028295,8277.2
1972,3,13,22.5,0.027441,8160.8
1972,3,14,22.897,0.029803,8033.1
1972,3,15,23.143,0.03216,7925
1972,3,16,23.374,0.037939,7823
1972,3,17,23.589,0.046493,7735.7
1972,3,18,22.407,0.053893,7971.2
1972,3,19,22.661,0.059558,7849
1972,3,20,22.724,0.071668,7747.6
1972,3,21,22.85,0.087048,7634.9
1972,3,22,23.07,0.097173,7534.5
1972,3,23,23.28,0.10286,7463.7
1972,3,24,23.478,0.11076,7378
1972,3,25,23.665,0.12088,7279.3
1972,3,26,23.842,0.1304,7185.5
1972,3,27,23.726,0.13687,7170.4
1972,3,28,23.723,0.14218,7128.1
1972,3,29,23.721,0.14379,7104.8
1972,3,30,21.74,0.13161,7563.2
1972,3,31,20.964,0.12372,7699.4
1972,4,1,21.26,0.12155,7565.9
1972,4,2,21.125,0.11661,7553.9
1972,4,3,21.406,0.11573,7415
1972,4,4,21.671,0.11567,7275.2
1972,4,5,21.921,0.11555,7145.8
1972,4,6,22.158,0.1145,7039.1
1972,4,7,22.383,0.11277,6950.4
1972,4,8,22.597,0.11205,6853.5
1972,4,9,22.853,0.11046,6788.6
1972,4,10,23.038,0.12257,6688.1
1972,4,11,23.213,0.13566,6610.2
1972,4,12,23.094,0.15111,6595.5
1972,4,13,23.261,0.17374,6495
1972,4,14,22.784,0.19249,6560.2
1972,4,15,22.966,0.21714,6475.5
1972,4,16,23.142,0.2432,6393.7
1972,4,17,23.357,0.26955,6330
1972,4,18,23.619,0.29561,6287.2
1972,4,19,23.883,0.3232,6245
1972,4,20,24.202,0.35428,6223.8
1972,4,21,25.709,0.39437,6994.1
1972,4,22,25.156,0.43537,7110.7
1972,4,23,26.052,0.50536,6786.4
1972,4,24,25.998,0.5549,6670.2
1972,4,25,25.915,0.66999,6588.4
1972,4,26,25.772,0.75769,6388.7
1972,4,27,25.6,0.89706,6223.2
1972,4,28,25.42,1.1174,6196.5
1972,4,29,25.181,1.3327,6092.3
1972,4,30,24.879,1.6031,5972.7
1972,5,1,24.559,1.8944,5856.2
1972,5,2,24.193,2.2199,5731.8
1972,5,3,24.211,2.4581,5865.2
1972,5,4,23.822,2.7857,5767.7
1972,5,5,23.459,3.1387,5698.5
1972,5,6,23.06,3.467,5640
1972,5,7,22.631,3.8244,5581.8
1972,5,8,22.163,4.2165,5517.2
1972,5,9,21.643,4.652,5455.9
1972,5,10,21.031,5.1749,5394.9
1972,5,11,20.298,5.8068,5320.1
1972,5,12,18.697,6.2125,5731.5
1972,5,13,18.03,6.8873,5647.6
1972,5,14,17.202,7.598,5552.3
1972,5,15,16.272,8.357,5481.9
1972,5,16,21.926,17.088,5409.3
1972,5,17,19.91,18.78,5316.3
1972,5,18,17.699,20.542,5240
1972,5,19,14.107,20.206,6063
1972,5,20,12.611,21.462,5856.2
1972,5,21,11.14,22.163,5755.8
1972,5,22,9.5645,21.782,5956.5
1972,5,23,15.454,32.08,5824
1972,5,24,12.725,32.37,5699.4
1972,5,25,9.9077,31.534,5733.6
1972,5,26,8.4131,31.906,5588
1972,5,27,7.1169,29.722,5846.1
1972,5,28,6.7528,29.268,5696.8
1972,5,29,7.1747,28.36,5782
1972,5,30,6.9526,27.84,5689.5
1972,5,31,6.849,27.339,5588.7
1972,6,1,6.7711,26.936,5511.4
1972,6,2,6.6625,26.538,5426.1
1972,6,3,6.5537,26.041,5335.4
1972,6,4,6.4096,25.2,5392.8
1972,6,5,6.3534,24.701,5311.7
1972,6,6,12.034,32.698,5229.5
1972,6,7,5.9758,22.89,4922.8
1972,6,8,9.0675,31.822,5068.1
1972,6,9,7.8263,30.421,4962.3
1972,6,10,7.6191,30.974,4942.3
1972,6,11,7.2942,30.88,4962.4
1972,6,12,6.9315,30.361,4927.8
1972,6,13,13.308,38.977,5027.3
1972,6,14,10.572,37.847,4947.8
1972,6,15,9.3636,37.89,4913.3
1972,6,16,8.4288,37.717,4871.7
1972,6,17,7.7119,37.389,4824.3
1972,6,18,5.3697,28.134,7174.1
1972,6,19,5.4885,28.255,6883.7
1972,6,20,5.741,28.442,6550
1972,6,21,5.9472,27.775,6457.1
1972,6,22,6.0627,27.157,6369.9
1972,6,23,6.1061,26.563,6280.9
1972,6,24,6.0979,25.915,6185.3
1972,6,25,6.0705,25.341,6096.3
1972,6,26,6.0273,24.805,6008.8
1972,6,27,10.691,32.145,5925.1
1972,6,28,8.9801,32.445,5928.2
1972,6,29,7.6852,31.984,5821.4
1972,6,30,7.0195,31.843,5722.9
1972,7,1,6.6363,31.403,5630.3
1972,7,2,6.4026,30.762,5514
1972,7,3,6.2353,30.141,5433.2
1972,7,4,6.1561,29.491,5368.9
1972,7,5,6.172,28.982,5292.4
1972,7,6,6.13,28.347,5246.5
1972,7,7,6.7183,29.804,5213.9
1972,7,8,6.3753,28.692,5253.3
1972,7,9,6.1774,28.064,5162.8
1972,7,10,4.3645,19.582,7238.5
1972,7,11,10.539,27.633,7177.9
1972,7,12,9.4679,28.583,7005.5
1972,7,13,8.4194,30.905,6992.2
1972,7,14,7.7577,30.857,6922.5
1972,7,15,7.2624,30.426,6841.6
1972,7,16,6.5978,28.143,7201.5
1972,7,17,6.4561,27.586,7075.3
1972,7,18,6.355,27.025,6967.8
1972,7,19,7.1742,27.554,6976.3
1972,7,20,6.9868,26.994,6865.6
1972,7,21,6.8044,26.447,6759.9
1972,7,22,6.6757,25.846,6667.3
1972,7,23,6.5682,25.313,6577.2
1972,7,24,8.256,28.376,7031.5
1972,7,25,13.493,34.771,6914.6
1972,7,26,12.403,33.735,6805
1972,7,27,6.4086,23.282,6193.1
1972,7,28,6.5103,23.376,6134.8
1972,7,29,6.4125,22.911,6056.9
1972,7,30,5.7324,19.708,7620.9
1972,7,31,5.8601,19.335,7411.5
1972,8,1,8.5627,27.747,7365.3
1972,8,2,8.6788,27.288,7270.6
1972,8,3,8.4057,26.543,7168.4
1972,8,4,8.1455,25.798,7130
1972,8,5,7.9866,25.137,7030.5
1972,8,6,7.8444,24.515,6931.8
1972,8,7,8.2855,24.719,6877.7
1972,8,8,8.135,24.038,6792.9
1972,8,9,8.1043,23.502,6704.5
1972,8,10,8.0089,23.045,6612
1972,8,11,7.8567,22.305,6782.6
1972,8,12,6.3599,17.587,6725
1972,8,13,7.7671,21.232,6793.1
1972,8,14,7.1226,19.107,8433
1972,8,15,13.656,26.383,8600.6
1972,8,16,7.037,18.366,6808.1
1972,8,17,7.0742,18.032,6794.7
1972,8,18,7.0516,17.746,6760.9
1972,8,19,6.8124,16.84,7051.9
1972,8,20,4.8619,11.678,10583
1972,8,21,8.2823,19.287,10384
1972,8,22,8.0886,18.643,10221
1972,8,23,8.0728,18.074,10060
1972,8,24,8.0522,17.606,9910.8
1972,8,25,8.0216,17.202,9765.8
1972,8,26,7.9671,16.775,9612.4
1972,8,27,7.9286,16.436,9476.4
1972,8,28,7.8962,16.049,9335.3
1972,8,29,13.147,22.99,9197.5
1972,8,30,12.126,22.22,9068.2
1972,8,31,11.014,20.634,8928.9
1972,9,1,16.716,25.871,8832.8
1972,9,2,16.268,25.262,8731.8
1972,9,3,14.976,23.89,8750.3
1972,9,4,14.258,23.428,8636.4
1972,9,5,19.391,29.05,8532.4
1972,9,6,15.745,24.627,9072.9
1972,9,7,14.626,24.64,8830.4
1972,9,8,14.526,25.461,8684.2
1972,9,9,14.231,25.951,8556
1972,9,10,13.925,26.266,8466.6
1972,9,11,13.665,26.437,8373.3
1972,9,12,18.99,32.455,8374.2
1972,9,13,17.388,31.944,8263.7
1972,9,14,16.468,31.983,8181.6
1972,9,15,16.364,31.951,8109.4
1972,9,16,16.275,31.835,8031.1
1972,9,17,18.814,30.079,8120
1972,9,18,18.574,29.963,8052.9
1972,9,19,19.034,36.252,7855.1
1972,9,20,18.454,36.501,7796.9
1972,9,21,20.368,34.893,7817
1972,9,22,19.462,35.108,7732.3
1972,9,23,17.352,32.284,8363.2
1972,9,24,17.391,32.62,8152.1
1972,9,25,17.636,32.489,8040.7
1972,9,26,20.627,30.731,7988.2
1972,9,27,20.682,30.432,7916.5
1972,9,28,20.354,30.195,7896.2
1972,9,29,20.054,29.933,7862.5
1972,9,30,19.955,29.64,7828.8
1972,10,1,19.848,29.175,7851.7
1972,10,2,19.74,28.631,7904.5
1972,10,3,22.475,31.37,7868.4
1972,10,4,22.405,31.091,7854.1
1972,10,5,22.365,30.962,7814
1972,10,6,21.97,31.196,7766.7
1972,10,7,21.948,30.863,7736.1
1972,10,8,23.726,29.507,7698.9
1972,10,9,37.162,25.764,7300.9
1972,10,10,37.075,25.285,7390.2
1972,10,11,36.906,24.992,7402.6
1972,10,12,36.572,24.839,7389.3
1972,10,13,36.487,24.612,7371.2
1972,10,14,35.935,24.327,7454
1972,10,15,35.753,24.094,7445.3
1972,10,16,34.153,24.027,7471.1
1972,10,17,31.27,24.03,7522.1
1972,10,18,31.27,23.834,7503.2
1972,10,19,31.278,23.505,7477.2
1972,10,20,31.288,23.243,7459.4
1972,10,21,31.293,22.776,7431.8
1972,10,22,31.492,22.442,7416.3
1972,10,23,29.768,20.33,7275
1972,10,24,29.075,18.596,7307.6
1972,10,25,28.758,17.373,7227.6
1972,10,26,32.12,21.059,7404
1972,10,27,31.136,20.689,7436.7
1972,10,28,30.147,19.585,7348.9
1972,10,29,27.925,16.845,7924.7
1972,10,30,27.693,15.556,7818.9
1972,10,31,27.472,14.43,7719.1
1972,11,1,27.262,13.45,7626.6
1972,11,2,27.075,12.651,7524.6
1972,11,3,22.811,10.025,8924.1
1972,11,4,23.059,9.73,8645
1972,11,5,24.113,11.418,8220.4
1972,11,6,23.316,15.348,8816.5
1972,11,7,23.116,14.316,8721.2
1972,11,8,21.928,12.677,8995.1
1972,11,9,20.997,11.342,9180
1972,11,10,19.319,9.749,9636.1
1972,11,11,19.281,9.1075,9485.6
1972,11,12,19.243,8.5211,9358.7
1972,11,13,19.426,8.2418,9141.3
1972,11,14,19.565,7.9672,8968.4
1972,11,15,19.1,7.4597,9051.6
1972,11,16,18.928,7.067,9028.6
1972,11,17,18.819,6.7145,8990.5
1972,11,18,18.831,6.4328,8914.7
1972,11,19,18.987,6.2257,8786
1972,11,20,18.993,5.9805,8730.5
1972,11,21,19.147,5.7841,8628.1
1972,11,22,19.298,5.5811,8544.2
1972,11,23,19.451,5.3904,8464.4
1972,11,24,19.608,5.202,8394.6
1972,11,25,18.973,4.8345,8619.1
1972,11,26,18.892,4.6131,8626.4
1972,11,27,19.063,4.4522,8553.8
1972,11,28,19.323,4.2991,8467.7
1972,11,29,19.582,4.1498,8388.2
1972,11,30,19.838,4.0145,8308.4
1972,12,1,20.093,3.8935,8225
1972,12,2,20.349,3.7545,8161.8
1972,12,3,20.601,3.6248,8097.5
1972,12,4,20.849,3.5033,8031.3
1972,12,5,21.097,3.3824,7968.9
1972,12,6,21.357,3.2417,7921.2
1972,12,7,21.638,3.1204,7864.3
1972,12,8,21.923,2.9945,7812.9
1972,12,9,22.206,2.8718,7762.4
1972,12,10,22.49,2.749,7714.6
1972,12,11,22.772,2.6272,7669.5
1972,12,12,23.056,2.5047,7629.5
1972,12,13,23.362,2.3854,7591.6
1972,12,14,23.661,2.275,7551.4
1972,12,15,23.955,2.1684,7513
1972,12,16,24.246,2.0656,7476.4
1972,12,17,24.531,1.9665,7441.2
1972,12,18,24.833,1.8719,7406.8
1972,12,19,25.132,1.7771,7380.2
1972,12,20,23.877,1.588,7766.9
1972,12,21,23.419,1.4578,7919.5
1972,12,22,23.794,1.3868,7837.9
1972,12,23,24.176,1.3198,7762.2
1972,12,24,24.546,1.2561,7692.4
1972,12,25,24.905,1.1961,7627.1
1972,12,26,25.269,1.1392,7565.6
1972,12,27,25.623,1.0854,7508.2
1972,12,28,24.561,0.97853,7793.8
1972,12,29,23.957,0.89562,7954.3
1972,12,30,20.687,0.72527,8731.9
1972,12,31,21.018,0.68806,8628.5
1973,1,1,21.59,0.66093,8474.8
1973,1,2,21.195,0.60738,8552.9
1973,1,3,21.774,0.58459,8404.3
1973,1,4,22.34,0.56257,8267.4
1973,1,5,22.892,0.54127,8141
1973,1,6,23.43,0.52069,8024.1
1973,1,7,23.951,0.50083,7916
1973,1,8,24.462,0.48171,7815.2
1973,1,9,24.951,0.46328,7722.1
1973,1,10,25.419,0.44555,7636
1973,1,11,25.867,0.42852,7556.2
1973,1,12,26.296,0.41216,7482.1
1973,1,13,26.706,0.39647,7413.2
1973,1,14,27.099,0.38143,7348.9
1973,1,15,27.475,0.36703,7288.7
1973,1,16,27.835,0.35325,7232.3
1973,1,17,28.18,0.3401,7179.3
1973,1,18,27.357,0.31432,7343.5
1973,1,19,27.71,0.30247,7277.1
1973,1,20,28.058,0.29191,7215.6
1973,1,21,28.381,0.28094,7157.6
1973,1,22,28.683,0.26987,7102.5
1973,1,23,28.967,0.25889,7051.4
1973,1,24,29.234,0.24819,7001.3
1973,1,25,29.488,0.23785,6953.4
1973,1,26,29.728,0.22786,6907.3
1973,1,27,29.956,0.21835,6862.9
1973,1,28,30.173,0.20923,6820
1973,1,29,30.379,0.20044,6778.2
1973,1,30,30.575,0.19201,6737.4
1973,1,31,30.762,0.18392,6697.4
1973,2,1,30.939,0.17619,6658.3
1973,2,2,31.108,0.16882,6619.9
1973,2,3,31.268,0.1618,6582.1
1973,2,4,31.421,0.15511,6544.9
1973,2,5,28.794,0.13579,6930.3
1973,2,6,29.049,0.13044,6856.1
1973,2,7,29.289,0.12525,6787.4
1973,2,8,29.515,0.12022,6723.3
1973,2,9,29.728,0.11537,6662.7
1973,2,10,29.93,0.1107,6605.2
1973,2,11,28.491,0.10052,6787.9
1973,2,12,26.88,0.090381,6983.3
1973,2,13,27.194,0.086988,6889.3
1973,2,14,27.488,0.083727,6802.9
1973,2,15,27.765,0.08054,6722.7
1973,2,16,28.026,0.077434,6647.8
1973,2,17,28.271,0.074384,6580.4
1973,2,18,28.504,0.071483,6513.3
1973,2,19,28.723,0.068701,6449.4
1973,2,20,28.931,0.065978,6392.3
1973,2,21,29.129,0.063417,6333.3
1973,2,22,29.316,0.060961,6276.4
1973,2,23,29.494,0.058613,6221.4
1973,2,24,29.663,0.056367,6168
1973,2,25,29.824,0.054218,6116
1973,2,26,29.978,0.052174,6065.3
1973,2,27,26.566,0.044423,6480.8
1973,2,28,26.861,0.042867,6387.7
1973,3,1,27.136,0.04145,6302.3
1973,3,2,27.395,0.040074,6223
1973,3,3,27.639,0.038748,6148.9
1973,3,4,27.867,0.039011,6079
1973,3,5,28.083,0.039195,6012.7
1973,3,6,28.287,0.03878,5968.4
1973,3,7,28.48,0.038904,5906.4
1973,3,8,27.113,0.036622,6050.9
1973,3,9,27.356,0.035751,6005.8
1973,3,10,23.545,0.030221,6437.2
1973,3,11,23.94,0.029732,6322.9
1973,3,12,24.308,0.030681,6213.6
1973,3,13,25.648,0.03893,6138.9
1973,3,14,27.332,0.051983,6096.4
1973,3,15,27.478,0.055752,6020.1
1973,3,16,27.614,0.058584,5956.9
1973,3,17,27.741,0.061237,5896.3
1973,3,18,27.86,0.062092,5855.8
1973,3,19,27.971,0.06406,5802.9
1973,3,20,28.075,0.06638,5747.7
1973,3,21,28.168,0.075126,5686.7
1973,3,22,28.251,0.087963,5613.1
1973,3,23,28.33,0.09818,5552.9
1973,3,24,28.404,0.10649,5515.2
1973,3,25,28.469,0.12092,5462.7
1973,3,26,28.524,0.14201,5396.8
1973,3,27,28.573,0.16579,5334.2
1973,3,28,28.618,0.19115,5280.6
1973,3,29,28.658,0.21557,5230.4
1973,3,30,28.695,0.23717,5196.9
1973,3,31,28.73,0.25595,5173
1973,4,1,28.76,0.27756,5143
1973,4,2,28.788,0.30106,5107.4
1973,4,3,28.812,0.32433,5081
1973,4,4,27.985,0.33923,5127.2
1973,4,5,28.124,0.36311,5096.4
1973,4,6,27.717,0.38142,5114.6
1973,4,7,27.846,0.40666,5088.6
1973,4,8,27.956,0.43219,5066.6
1973,4,9,27.522,0.45022,5081.7
1973,4,10,27.631,0.47502,5054.8
1973,4,11,27.736,0.50228,5019.2
1973,4,12,27.854,0.53346,4992.1
1973,4,13,27.98,0.56896,4968.2
1973,4,14,29.783,0.7003,5265.6
1973,4,15,27.718,0.70964,5218.7
1973,4,16,27.821,0.78484,5230.9
1973,4,17,27.769,0.8058,5140.4
1973,4,18,28.442,0.89605,5170.5
1973,4,19,28.358,0.94779,5080.6
1973,4,20,20.163,0.77071,6983.7
1973,4,21,23.474,1.0576,6024.9
1973,4,22,23.805,1.1909,5808.1
1973,4,23,24.633,1.378,5594.7
1973,4,24,24.529,1.5267,5495.6
1973,4,25,24.403,1.6906,5400.6
1973,4,26,24.282,1.8685,5310.1
1973,4,27,24.122,2.0605,5222.4
1973,4,28,23.94,2.2695,5134.9
1973,4,29,23.737,2.5006,5050.9
1973,4,30,23.526,2.7509,4971.9
1973,5,1,23.374,3.0384,4893.7
1973,5,2,23.466,3.3784,4870.7
1973,5,3,23.086,3.7217,4798.5
1973,5,4,22.403,4.113,4654
1973,5,5,20.356,4.0619,5829.5
1973,5,6,20.473,4.3097,5629.2
1973,5,7,19.984,4.7085,5514.1
1973,5,8,19.501,5.0934,5419.5
1973,5,9,18.737,5.3073,5745.6
1973,5,10,18.574,5.4839,5697.5
1973,5,11,18.29,5.7717,5661.1
1973,5,12,17.881,6.1498,5568.6
1973,5,13,17.423,6.5535,5472.2
1973,5,14,16.904,7.0078,5378.3
1973,5,15,16.426,7.3322,5363.9
1973,5,16,15.933,7.7744,5273.8
1973,5,17,15.457,8.1801,5219.8
1973,5,18,14.765,8.6923,5127.6
1973,5,19,14.033,9.2328,5036.6
1973,5,20,13.24,9.8215,4928
1973,5,21,12.413,10.427,4821.5
1973,5,22,19.824,18.527,5308.6
1973,5,23,18.44,17.855,5354.7
1973,5,24,16.649,16.92,5600.5
1973,5,25,16.052,16.335,5655.3
1973,5,26,14.626,16.869,5428.4
1973,5,27,13.269,17.423,5277.8
1973,5,28,12.117,17.985,5152.2
1973,5,29,10.982,18.526,5029.2
1973,5,30,10.241,18.906,4955
1973,5,31,14.87,25.747,5030
1973,6,1,13.459,25.507,4973.8
1973,6,2,12.109,25.388,4947.5
1973,6,3,10.859,23.092,5328.5
1973,6,4,10.174,23.461,5230.9
1973,6,5,16.635,30.323,5295.1
1973,6,6,14.996,30.278,5244.5
1973,6,7,13.744,30.515,5288.6
1973,6,8,11.715,31.67,5178.7
1973,6,9,11.906,29.957,5513.2
1973,6,10,11.624,29.633,5449.3
1973,6,11,9.5625,30.315,5334.8
1973,6,12,15.403,37.69,5287.6
1973,6,13,13.74,36.437,5490.4
1973,6,14,12.674,33.915,6062
1973,6,15,11.955,32.739,6073.1
1973,6,16,12.647,28.608,6954.9
1973,6,17,12.328,27.779,7007.4
1973,6,18,12.022,27.012,7059.4
1973,6,19,15.732,31.451,7264
1973,6,20,14.616,31.592,7277.2
1973,6,21,13.924,31.556,7222.6
1973,6,22,12.427,32.591,7200.6
1973,6,23,10.801,32.659,7084.3
1973,6,24,9.4355,31.714,7263.8
1973,6,25,8.596,30.895,7286.2
1973,6,26,14.119,36.976,7581.4
1973,6,27,12.867,37.545,7522.5
1973,6,28,13.069,35.838,7355.6
1973,6,29,10.277,37.58,7282.8
1973,6,30,8.894,37.485,7083.4
1973,7,1,7.7643,37.173,6886.6
1973,7,2,7.0116,36.49,6695.1
1973,7,3,12.25,45.175,6852.8
1973,7,4,10.055,45.013,6731.6
1973,7,5,8.6047,44.368,6850.6
1973,7,6,5.2154,31.185,10782
1973,7,7,5.1801,31.021,10348
1973,7,8,5.2322,30.607,9931.5
1973,7,9,5.3296,30.023,9567.6
1973,7,10,11.398,39.161,9032.6
1973,7,11,9.9322,38.331,8877.8
1973,7,12,8.5759,37.452,8678
1973,7,13,7.7395,36.312,8511.4
1973,7,14,7.0497,35.214,8304.9
1973,7,15,6.6357,34.014,8125.3
1973,7,16,6.3265,32.111,8261.3
1973,7,17,12.24,40.276,8451.4
1973,7,18,10.182,39.177,8390
1973,7,19,8.3598,37.28,8125.6
1973,7,20,7.443,37.186,7938.1
1973,7,21,6.9187,36.641,7779.3
1973,7,22,6.5619,35.878,7628.3
1973,7,23,7.5618,34.77,7513.5
1973,7,24,16.115,39.691,8378.4
1973,7,25,15.526,37.173,8769
1973,7,26,11.087,29.275,12386
1973,7,27,10.973,30.009,11711
1973,7,28,10.752,33.842,9946.2
1973,7,29,9.7015,32.807,10508
1973,7,30,9.31,29.896,11314
1973,7,31,14.791,39.993,10259
1973,8,1,13.127,39.223,10131
1973,8,2,11.628,38.544,9980.9
1973,8,3,10.337,37.854,9814.7
1973,8,4,9.2326,36.326,10105
1973,8,5,7.9787,32.722,11409
1973,8,6,7.6849,31.941,11189
1973,8,7,12.079,38.693,10947
1973,8,8,8.6913,31.907,13114
1973,8,9,9.2218,31.125,13125
1973,8,10,9.3699,31.049,12719
1973,8,11,8.0752,31.552,12210
1973,8,12,7.8468,30.914,12077
1973,8,13,7.5653,30.328,11852
1973,8,14,13.343,37.816,11613
1973,8,15,11.914,36.851,11417
1973,8,16,10.594,36.043,11190
1973,8,17,9.5011,35.252,10971
1973,8,18,8.516,33.403,11277
1973,8,19,8.0362,32.266,11031
1973,8,20,7.6474,31.13,10811
1973,8,21,14.001,39.697,10746
1973,8,22,12.865,38.202,10538
1973,8,23,11.85,36.742,10331
1973,8,24,11.216,35.39,10243
1973,8,25,10.954,33.865,10167
1973,8,26,10.813,32.491,10031
1973,8,27,7.2476,25.58,9698.5
1973,8,28,11.985,32.918,9524.5
1973,8,29,10.196,32.904,9341.5
1973,8,30,10.721,37.048,9349.2
1973,8,31,9.8839,33.026,11143
1973,9,1,8.7318,27.086,13965
1973,9,2,8.7664,26.646,13366
1973,9,3,8.4789,24.159,14154
1973,9,4,17.575,30.694,13662
1973,9,5,15.965,29.482,13463
1973,9,6,15.222,29.578,13264
1973,9,7,14.573,29.592,13069
1973,9,8,14.009,29.559,12881
1973,9,9,11.064,28.912,13069
1973,9,10,10.625,28.631,12852
1973,9,11,18.262,34.665,12333
1973,9,12,17.598,33.525,12160
1973,9,13,17.695,31.088,12281
1973,9,14,15.935,29.866,12181
1973,9,15,19.16,29.831,11579
1973,9,16,18.553,29.698,11453
1973,9,17,18.105,29.542,11325
1973,9,18,14.379,29.506,11542
1973,9,19,21.868,33.38,11077
1973,9,20,21.204,32.499,10954
1973,9,21,20.064,31.34,10897
1973,9,22,20.053,30.871,10792
1973,9,23,19.466,30.823,10661
1973,9,24,18.946,29.064,10631
1973,9,25,23.44,33.544,10566
1973,9,26,23.189,33.086,10498
1973,9,27,22.532,33.088,10387
1973,9,28,20.502,33.206,10260
1973,9,29,19.47,33.239,10138
1973,9,30,18.469,33.193,10016
1973,10,1,17.486,33.174,9900.4
1973,10,2,21.532,39.08,9784.8
1973,10,3,20.703,35.476,10010
1973,10,4,19.844,35.458,9905.2
1973,10,5,19.063,35.361,9805.3
1973,10,6,18.315,35.227,9706.9
1973,10,7,19.856,33.82,9692.9
1973,10,8,23.083,36.631,9797.8
1973,10,9,23.288,35.823,9890.8
1973,10,10,23.126,34.806,9911
1973,10,11,23.045,31.352,10440
1973,10,12,33.28,20.857,8061
1973,10,13,33.238,20.638,8098.1
1973,10,14,33.195,20.511,8081.1
1973,10,15,33.106,20.368,8062.6
1973,10,16,32.961,20.275,8057.6
1973,10,17,32.753,20.122,8135.1
1973,10,18,32.598,20.022,8146.3
1973,10,19,32.449,19.895,8175.8
1973,10,20,32.467,19.712,8166.1
1973,10,21,25.397,22.826,9249.2
1973,10,22,24.773,22.179,9135.7
1973,10,23,32.639,19.045,8150.7
1973,10,24,32.795,18.632,8157.4
1973,10,25,32.533,18.416,8172
1973,10,26,31.723,18.181,8339.7
1973,10,27,30.368,18.706,8657.2
1973,10,28,29.62,18.856,8796.1
1973,10,29,29.638,18.596,8771.1
1973,10,30,29.782,18.294,8747.4
1973,10,31,29.688,18.019,8719.3
1973,11,1,29.714,17.699,8701.6
1973,11,2,29.621,17.286,8696.6
1973,11,3,29.617,17.037,8671.8
1973,11,4,28.741,15.745,8618.5
1973,11,5,28.32,14.246,8568.2
1973,11,6,27.137,12.734,8824.2
1973,11,7,26.339,11.506,8950.8
1973,11,8,25.789,10.525,8996.3
1973,11,9,25.65,9.8176,8908.1
1973,11,10,25.626,9.2443,8792.7
1973,11,11,25.592,8.7479,8691.6
1973,11,12,24.473,7.9663,8992.5
1973,11,13,22.781,7.056,9491.1
1973,11,14,22.262,6.5648,9553.1
1973,11,15,22.451,6.3415,9364.2
1973,11,16,22.63,6.1636,9197.9
1973,11,17,22.791,6.0058,9054.6
1973,11,18,22.937,5.8642,8930.3
1973,11,19,19.63,4.8688,10119
1973,11,20,19.068,4.5237,10217
1973,11,21,18.776,4.2912,10220
1973,11,22,19.129,4.2087,9996.2
1973,11,23,19.454,4.1251,9813.1
1973,11,24,19.76,4.0471,9649.8
1973,11,25,18.565,3.6627,10092
1973,11,26,18.591,3.5249,10036
1973,11,27,17.888,3.2673,10278
1973,11,28,18.316,3.2188,10065
1973,11,29,18.713,3.1641,9891.9
1973,11,30,19.09,3.1089,9738.3
1973,12,1,19.454,3.0609,9592.6
1973,12,2,19.579,2.9876,9541.4
1973,12,3,19.912,2.9321,9422.8
1973,12,4,20.235,2.8834,9308.9
1973,12,5,20.547,2.8394,9198.3
1973,12,6,20.842,2.7919,9098.3
1973,12,7,21.113,2.7298,9020.7
1973,12,8,18.069,2.2579,10193
1973,12,9,18.484,2.2021,10001
1973,12,10,18.884,2.1633,9823.3
1973,12,11,19.264,2.1216,9665.5
1973,12,12,19.627,2.0777,9524.2
1973,12,13,20.003,2.0291,9398.1
1973,12,14,20.366,1.9759,9285.5
1973,12,15,20.715,1.9249,9178.2
1973,12,16,21.053,1.8727,9080.1
1973,12,17,21.38,1.8189,8990.3
1973,12,18,21.697,1.7648,8907.6
1973,12,19,22.003,1.7103,8831.1
1973,12,20,22.305,1.6468,8768.1
1973,12,21,22.616,1.5897,8701.8
1973,12,22,22.92,1.53,8643
1973,12,23,23.213,1.4769,8583.2
1973,12,24,23.497,1.4248,8527.2
1973,12,25,23.247,1.3431,8655
1973,12,26,21.862,1.2007,9160.1
1973,12,27,21.795,1.1298,9192.2
1973,12,28,21.75,1.0627,9219.2
1973,12,29,22.135,1.0188,9099.8
1973,12,30,22.506,0.97649,8990.4
1973,12,31,22.864,0.93558,8889.7
1974,1,1,23.223,0.89585,8796.2
1974,1,2,23.569,0.8573,8709.6
1974,1,3,23.903,0.82019,8629.3
1974,1,4,23.936,0.77532,8647.8
1974,1,5,24.271,0.74157,8569.4
1974,1,6,23.946,0.69059,8703.1
1974,1,7,24.284,0.66039,8616.8
1974,1,8,24.61,0.63144,8536.6
1974,1,9,24.935,0.60375,8461.3
1974,1,10,25.247,0.57728,8391
1974,1,11,25.548,0.552,8325.1
1974,1,12,25.846,0.52781,8262.8
1974,1,13,25.37,0.49,8436.9
1974,1,14,25.687,0.46877,8360.9
1974,1,15,22.681,0.39155,9287.8
1974,1,16,23.119,0.37571,9134.5
1974,1,17,22.014,0.33727,9452
1974,1,18,22.484,0.32455,9282.2
1974,1,19,22.934,0.31232,9126.1
1974,1,20,22.105,0.28436,9362.1
1974,1,21,22.577,0.27438,9196.3
1974,1,22,23.032,0.26488,9043.6
1974,1,23,23.122,0.25194,9008.1
1974,1,24,23.555,0.24339,8868.8
1974,1,25,22.576,0.22151,9155.5
1974,1,26,23.029,0.21451,9000.6
1974,1,27,22.256,0.19725,9216.5
1974,1,28,21.643,0.18252,9373.4
1974,1,29,20.932,0.16814,9552.1
1974,1,30,20.972,0.16059,9498.7
1974,1,31,21.482,0.157,9307.4
1974,2,1,21.968,0.15337,9131.5
1974,2,2,22.433,0.14965,8969.7
1974,2,3,22.877,0.1459,8820.6
1974,2,4,21.946,0.1339,9087.6
1974,2,5,22.407,0.13072,8924.7
1974,2,6,22.846,0.12758,8774.6
1974,2,7,23.266,0.12442,8635.9
1974,2,8,22.975,0.11774,8713.4
1974,2,9,22.538,0.11069,8828.2
1974,2,10,22.965,0.10809,8679
1974,2,11,22.172,0.10016,8897.6
1974,2,12,22.611,0.097979,8738.3
1974,2,13,23.029,0.095871,8591.3
1974,2,14,22.005,0.088054,8877.8
1974,2,15,22.434,0.085923,8715
1974,2,16,22.855,0.084202,8564
1974,2,17,23.245,0.082101,8429.5
1974,2,18,23.609,0.079838,8301.5
1974,2,19,23.95,0.077485,8182.4
1974,2,20,24.271,0.075044,8076
1974,2,21,24.574,0.07267,7971.2
1974,2,22,24.86,0.070321,7872.4
1974,2,23,25.132,0.068029,7779.1
1974,2,24,25.39,0.065786,7690.5
1974,2,25,25.635,0.063599,7606
1974,2,26,25.867,0.061476,7525.3
1974,2,27,22.411,0.051167,8525.3
1974,2,28,22.772,0.049565,8351.3
1974,3,1,22.669,0.047295,8325.2
1974,3,2,22.734,0.045439,8250.6
1974,3,3,22.722,0.04355,8202.1
1974,3,4,23.047,0.042366,8053.7
1974,3,5,23.354,0.04122,7916.9
1974,3,6,23.643,0.0399,7814.5
1974,3,7,23.917,0.038837,7694.1
1974,3,8,24.175,0.037648,7597.6
1974,3,9,23.535,0.034995,7795.8
1974,3,10,23.804,0.033874,7691.4
1974,3,11,24.059,0.032996,7575.5
1974,3,12,24.3,0.032211,7460.5
1974,3,13,24.528,0.031176,7384
1974,3,14,23.473,0.028787,7680.7
1974,3,15,23.733,0.028093,7544.5
1974,3,16,23.176,0.026557,7672
1974,3,17,21.771,0.024118,8048
1974,3,18,22.094,0.023411,7901.2
1974,3,19,22.397,0.022942,7749.9
1974,3,20,22.682,0.022508,7605.8
1974,3,21,22.952,0.022142,7462.2
1974,3,22,23.206,0.021772,7328.9
1974,3,23,23.447,0.021315,7216.2
1974,3,24,23.675,0.020693,7133.5
1974,3,25,23.891,0.020208,7037.6
1974,3,26,24.096,0.019856,6929.5
1974,3,27,24.291,0.019512,6827.2
1974,3,28,24.477,0.019141,6735.7
1974,3,29,21.742,0.016636,7563.1
1974,3,30,22.039,0.016123,7411
1974,3,31,22.317,0.015665,7287.4
1974,4,1,19.199,0.013048,8236
1974,4,2,19.595,0.012691,8012.6
1974,4,3,19.965,0.012439,7827.1
1974,4,4,20.311,0.012301,7631.5
1974,4,5,20.637,0.012217,7441.5
1974,4,6,20.942,0.012135,7268.2
1974,4,7,21.231,0.011994,7123.9
1974,4,8,21.503,0.011804,7002.1
1974,4,9,21.76,0.011686,6875.6
1974,4,10,22.003,0.014102,6779.2
1974,4,11,22.232,0.020372,6673
1974,4,12,22.987,0.032678,6603.5
1974,4,13,23,0.04532,6556.5
1974,4,14,23.181,0.057094,6456.3
1974,4,15,23.348,0.075076,6345.8
1974,4,16,23.5,0.095964,6253.6
1974,4,17,23.641,0.12028,6168.7
1974,4,18,23.773,0.14692,6090.8
1974,4,19,22.134,0.16251,6619.2
1974,4,20,22.458,0.17654,7896.8
1974,4,21,22.63,0.20425,7672.2
1974,4,22,16.681,0.172,10434
1974,4,23,17.122,0.18373,9966.3
1974,4,24,17.737,0.20816,9444.8
1974,4,25,18.472,0.23602,8949
1974,4,26,23.2,0.3073,8010.8
1974,4,27,22.424,0.33923,8099.9
1974,4,28,22.938,0.39261,7794
1974,4,29,22.974,0.49291,7652.5
1974,4,30,22.833,0.58035,7516.9
1974,5,1,23.121,0.691,7413.3
1974,5,2,22.985,0.7989,7293
1974,5,3,22.855,0.91374,7185.6
1974,5,4,22.725,1.0368,7077.7
1974,5,5,22.596,1.1704,6978.1
1974,5,6,22.45,1.3122,6874.9
1974,5,7,22.281,1.4738,6766.4
1974,5,8,22.075,1.6624,6654.6
1974,5,9,21.826,1.8872,6542.8
1974,5,10,21.742,2.1003,6562.2
1974,5,11,20.368,1.9493,6789.1
1974,5,12,20.149,2.1362,6672.5
1974,5,13,19.932,2.3246,6565
1974,5,14,19.365,2.3966,6609.2
1974,5,15,19.406,2.704,6406.1
1974,5,16,19.093,2.9046,6362.6
1974,5,17,18.718,3.1632,6249.5
1974,5,18,18.302,3.4731,6128.4
1974,5,19,15.793,3.2898,6754
1974,5,20,15.402,3.6171,6592.5
1974,5,21,22.051,11.487,6480.8
1974,5,22,21.205,11.996,6375.9
1974,5,23,20.796,12.332,6277.5
1974,5,24,19.977,12.429,6195.3
1974,5,25,19.014,12.774,6050.9
1974,5,26,17.878,13.299,5906
1974,5,27,16.735,13.801,5806.3
1974,5,28,23.256,23.51,5679.9
1974,5,29,20.31,23.652,5549.5
1974,5,30,18.339,24.441,5481.6
1974,5,31,15.617,22.866,5727.9
1974,6,1,14.477,25.878,5296.4
1974,6,2,12.623,26.641,5197.6
1974,6,3,10.86,27.366,5075.1
1974,6,4,16.891,37.913,5204.2
1974,6,5,12.979,34.715,5424.6
1974,6,6,9.2498,26.573,6821
1974,6,7,8.4677,27.151,6682.4
1974,6,8,8.887,32.944,5652.3
1974,6,9,7.45,27.686,6357.9
1974,6,10,7.0998,27.535,6205.8
1974,6,11,6.8554,27.228,6081.7
1974,6,12,6.7979,26.861,5964.1
1974,6,13,6.4535,25.331,6128.9
1974,6,14,6.3802,24.568,6110.5
1974,6,15,6.6706,24.38,5981
1974,6,16,6.7538,23.982,5912.5
1974,6,17,6.6833,23.611,5826.9
1974,6,18,13.576,32.261,5741.7
1974,6,19,6.3169,22.373,5524.4
1974,6,20,6.2436,21.908,5423.6
1974,6,21,6.0803,21.461,5297.6
1974,6,22,8.286,29.847,5334
1974,6,23,7.4151,29.192,5217.7
1974,6,24,6.7704,28.449,5103
1974,6,25,11.445,36.677,4995.6
1974,6,26,9.2195,36.187,4882.9
1974,6,27,7.7308,35.217,4787.9
1974,6,28,6.8391,33.727,4740.5
1974,6,29,6.3522,32.17,4668.8
1974,6,30,6.0676,30.633,4573.8
1974,7,1,5.9382,29.133,4491
1974,7,2,9.8763,38.079,4402.8
1974,7,3,8.98,35.117,4391.5
1974,7,4,7.6748,34.525,4588.3
1974,7,5,6.9184,34.38,4514.2
1974,7,6,6.4798,33.909,4443.3
1974,7,7,6.2501,32.764,4566.4
1974,7,8,6.2016,30.716,4954.9
1974,7,9,11.443,38.812,4860.9
1974,7,10,9.4046,38.58,4751.8
1974,7,11,7.8514,37.252,4982.3
1974,7,12,6.9615,36.474,4863.8
1974,7,13,6.4624,35.417,4754.8
1974,7,14,6.2298,34.054,4640
1974,7,15,6.0823,32.828,4536.3
1974,7,16,11.539,40.532,5234.3
1974,7,17,9.2576,40.103,5099.3
1974,7,18,7.6226,39.364,4964.9
1974,7,19,6.743,38.027,4829.9
1974,7,20,6.3352,36.394,4700.4
1974,7,21,6.2909,34.588,4599.1
1974,7,22,6.1706,33.008,4481.5
1974,7,23,9.7014,42.33,4372.1
1974,7,24,7.9824,39.576,4334.6
1974,7,25,7.0224,38.93,4433.5
1974,7,26,6.6294,38.299,4315.5
1974,7,27,7.3685,40.204,4565.9
1974,7,28,7.9197,37.892,4769
1974,7,29,8.0757,36.712,4692.8
1974,7,30,13.897,42.493,4630.1
1974,7,31,12.649,41.722,4562.6
1974,8,1,11.901,39.161,4954.9
1974,8,2,10.719,38.193,4824.5
1974,8,3,9.7372,38.044,4737.9
1974,8,4,7.2414,34.861,4323.3
1974,8,5,6.9961,34.321,4273
1974,8,6,12.06,42.653,4204.9
1974,8,7,10.048,42.171,4125.7
1974,8,8,8.5872,41.458,4052
1974,8,9,7.8721,40.239,4001.9
1974,8,10,8.2777,36.076,6011.5
1974,8,11,8.0198,32.952,6670.1
1974,8,12,7.8335,32.989,6399
1974,8,13,13.496,39.553,6244.8
1974,8,14,10.535,30.916,9035.7
1974,8,15,10.071,31.154,8776.3
1974,8,16,9.6595,31.399,8522.1
1974,8,17,9.3279,31.515,8283.3
1974,8,18,9.0594,31.421,8104.1
1974,8,19,8.8838,30.97,8007.2
1974,8,20,14.9,32.931,8987.2
1974,8,21,15.651,31.47,8847.6
1974,8,22,14.951,31.305,8803.4
1974,8,23,14.503,31.132,8697.5
1974,8,24,14.059,30.821,8587.2
1974,8,25,12.973,31.051,8545.7
1974,8,26,12.219,31.064,8446.5
1974,8,27,11.542,31.03,8337.7
1974,8,28,19.362,35.73,8240
1974,8,29,17.586,33.737,8539.9
1974,8,30,15.944,32.073,8624.7
1974,8,31,15.153,32.122,8501.1
1974,9,1,14.646,31.978,8405.4
1974,9,2,14.37,31.372,8309.8
1974,9,3,19.395,36.967,8213.4
1974,9,4,18.521,36.014,8112.8
1974,9,5,11.513,31.842,7808.3
1974,9,6,11.586,31.357,7756.9
1974,9,7,17.314,32.773,7890.1
1974,9,8,16.671,32.228,7793.2
1974,9,9,16.112,31.693,7697.4
1974,9,10,23.763,35.895,7796.7
1974,9,11,23.129,34.334,7751.7
1974,9,12,22.114,33.453,7657.4
1974,9,13,21.357,32.611,7583.4
1974,9,14,20.606,31.539,7595.8
1974,9,15,20.046,31.16,7514
1974,9,16,19.654,29.594,7697.3
1974,9,17,20.765,34.251,7885.2
1974,9,18,20.256,32.934,7825.9
1974,9,19,19.573,32.088,7731
1974,9,20,22.466,32.077,7689.2
1974,9,21,20.282,31.227,7588.9
1974,9,22,19.76,31.268,7514.2
1974,9,23,19.291,31.153,7474.7
1974,9,24,22.381,34.91,7452.6
1974,9,25,22.377,35.344,7395.8
1974,9,26,21.833,35.322,7331
1974,9,27,21.59,34.903,7285.2
1974,9,28,23.01,33.924,7212.7
1974,9,29,23.389,33.253,7169.5
1974,9,30,22.724,33.072,7155.5
1974,10,1,32.274,25.859,6742.6
1974,10,2,31.982,25.742,6711.8
1974,10,3,31.909,25.67,6691.7
1974,10,4,31.645,25.122,6721.4
1974,10,5,31.178,24.881,6733.1
1974,10,6,30.835,24.744,6736.9
1974,10,7,29.717,24.514,6802.7
1974,10,8,29.564,24.495,6796.2
1974,10,9,30.749,25.513,6770.5
1974,10,10,31.91,35.78,6831.5
1974,10,11,30.923,25.225,6731.5
1974,10,12,30.972,25.097,6711.2
1974,10,13,31.012,24.82,6700.8
1974,10,14,30.685,24.37,6705.6
1974,10,15,28.343,23.512,6851.1
1974,10,16,28.235,23.787,6832.3
1974,10,17,29.3,25.767,6755.6
1974,10,18,29.369,25.509,6741.4
1974,10,19,29.385,25.171,6718.7
1974,10,20,29.38,24.835,6691.2
1974,10,21,29.555,24.422,6670.1
1974,10,22,29.711,24.051,6650
1974,10,23,29.854,23.692,6629.9
1974,10,24,30.01,23.343,6611.1
1974,10,25,30.129,23,6590.8
1974,10,26,30.276,22.663,6572.4
1974,10,27,30.416,22.35,6555.2
1974,10,28,30.577,22.018,6540.4
1974,10,29,30.765,21.644,6526.9
1974,10,30,30.933,21.287,6513.1
1974,10,31,31.008,20.961,6494.7
1974,11,1,29.253,20.577,6474.9
1974,11,2,29.26,20.13,6480.5
1974,11,3,28.689,18.314,6485.5
1974,11,4,28.645,16.323,6500.5
1974,11,5,28.432,14.973,6449
1974,11,6,28.266,13.99,6381.7
1974,11,7,28.106,13.314,6326
1974,11,8,28.254,16.106,6316.4
1974,11,9,30.022,17.59,6379
1974,11,10,30.179,17.311,6364.9
1974,11,11,28.371,16.182,6403
1974,11,12,27.64,14.542,6428.4
1974,11,13,26.253,12.773,6592.7
1974,11,14,25.584,11.645,6630.1
1974,11,15,25.609,10.914,6537.7
1974,11,16,25.615,10.285,6458.2
1974,11,17,25.607,9.7383,6389
1974,11,18,25.593,9.2766,6327.5
1974,11,19,23.178,8.037,6785.6
1974,11,20,23.294,7.6823,6676.5
1974,11,21,23.438,7.4284,6577.1
1974,11,22,23.546,7.1665,6502.1
1974,11,23,23.633,6.9085,6443.6
1974,11,24,23.714,6.6822,6389.4
1974,11,25,23.785,6.4531,6344.3
1974,11,26,22.997,6.0324,6487.3
1974,11,27,22.84,5.7787,6483.8
1974,11,28,22.969,5.6091,6418.3
1974,11,29,23.088,5.4256,6369.1
1974,11,30,23.206,5.2517,6324.1
1974,12,1,23.325,5.0965,6278.2
1974,12,2,23.341,4.9383,6252.9
1974,12,3,23.463,4.7844,6215.5
1974,12,4,23.619,4.6434,6176.9
1974,12,5,23.493,4.4629,6199.7
1974,12,6,23.663,4.3428,6155.4
1974,12,7,23.825,4.2124,6122.8
1974,12,8,23.988,4.099,6084.7
1974,12,9,24.147,3.9837,6050.8
1974,12,10,24.304,3.8728,6017.7
1974,12,11,24.46,3.7667,5986.8
1974,12,12,24.613,3.6644,5957.8
1974,12,13,24.765,3.5599,5932.3
1974,12,14,23.47,3.2517,6222.1
1974,12,15,22.008,2.9277,6531.3
1974,12,16,22.149,2.8108,6483.3
1974,12,17,22.453,2.7226,6404.5
1974,12,18,22.773,2.6355,6333.6
1974,12,19,22.98,2.538,6291.5
1974,12,20,23.019,2.4127,6295.6
1974,12,21,23.335,2.3283,6235.5
1974,12,22,20.853,1.975,6771
1974,12,23,21.129,1.879,6700.6
1974,12,24,21.567,1.8144,6603.2
1974,12,25,21.989,1.752,6515.3
1974,12,26,22.395,1.6921,6434.7
1974,12,27,22.786,1.6348,6361.2
1974,12,28,23.162,1.58,6293.9
1974,12,29,23.524,1.5281,6232.1
1974,12,30,23.872,1.4779,6175.1
1974,12,31,24.098,1.4232,6144.4
