"date","Year","Month","Day","Obs_TDP","nondiazoPP","diazoPP"
1969-06-26,1969,6,26,6,1,0
1969-07-03,1969,7,3,9,1,0
1969-07-07,1969,7,7,3,2,0
1969-07-17,1969,7,17,16,4,0
1969-07-24,1969,7,24,12,16,0
1969-07-30,1969,7,30,13,33,0
1969-08-07,1969,8,7,5,29,0
1969-08-20,1969,8,20,8,20,0
1969-08-27,1969,8,27,6,22,0
1969-09-08,1969,9,8,2,25,0
1969-09-17,1969,9,17,4,15,0
1969-10-16,1969,10,16,10,14,0
1969-10-29,1969,10,29,5,6,0
1970-05-25,1970,5,25,7,7,0
1970-05-26,1970,5,26,9,12,0
1970-05-27,1970,5,27,3,13,0
1970-06-02,1970,6,2,4,12,0
1970-06-09,1970,6,9,1,16,0
1970-06-16,1970,6,16,5,17,0
1970-06-23,1970,6,23,7,22,0
1970-06-30,1970,6,30,1,21,0
1970-07-07,1970,7,7,3,23,0
1970-07-14,1970,7,14,7,29,0
1970-07-21,1970,7,21,9,40,0
1970-07-28,1970,7,28,3,18,0
1970-08-11,1970,8,11,6,34,0
1970-08-25,1970,8,25,9,34,0
1970-09-01,1970,9,1,12,25,0
1970-09-08,1970,9,8,16,33,0
1970-09-15,1970,9,15,10,28,0
1970-09-22,1970,9,22,7,17,0
1970-09-29,1970,9,29,13,20,0
1970-10-06,1970,10,6,14,21,0
1970-10-13,1970,10,13,12,22,0
1970-10-27,1970,10,27,8,18,0
1971-05-18,1971,5,18,6,7,0
1971-05-25,1971,5,25,33,14,0
1971-06-08,1971,6,8,1,18,0
1971-06-15,1971,6,15,14,72,0
1971-06-22,1971,6,22,8,11,0
1971-06-29,1971,6,29,14,13,0
1971-07-06,1971,7,6,11,19,0
1971-07-13,1971,7,13,15,24,0
1971-07-27,1971,7,27,11,9,0
1971-08-03,1971,8,3,14,16,0
1971-08-10,1971,8,10,4,16,0
1971-08-17,1971,8,17,6,19,0
1971-08-24,1971,8,24,3,21,0
1971-08-31,1971,8,31,18,27,0
1971-09-07,1971,9,7,13,27,0
1971-09-14,1971,9,14,6,35,0
1971-09-21,1971,9,21,9,25,0
1971-09-28,1971,9,28,11,15,0
1971-10-05,1971,10,5,11,12,0
1971-10-12,1971,10,12,15,14,0
1971-10-19,1971,10,19,10,7,0
1971-10-26,1971,10,26,10,9,0
1972-05-16,1972,5,16,5,7,0
1972-05-30,1972,5,30,9,29,0
1972-06-13,1972,6,13,8,39,0
1972-06-27,1972,6,27,7,50,0
1972-07-11,1972,7,11,9,50,0
1972-07-25,1972,7,25,11,69,0
1972-08-08,1972,8,8,22,63,0
1972-08-22,1972,8,22,14,43,0
1972-09-05,1972,9,5,15,46,0
1972-09-19,1972,9,19,18,26,0
1972-10-03,1972,10,3,16,46,0
1972-10-17,1972,10,17,14,33,0
1973-05-28,1973,5,28,7,14,0
1973-06-11,1973,6,11,7,43,0
1973-06-25,1973,6,25,9,47,0
1973-07-09,1973,7,9,8,65,0
1973-07-23,1973,7,23,19,57,0
1973-08-06,1973,8,6,12,44,0
1973-08-20,1973,8,20,10,33,0
1973-09-03,1973,9,3,9,15,0
1973-09-17,1973,9,17,6,23,0
1973-10-01,1973,10,1,9,154,0
1973-10-15,1973,10,15,7,23,0
1974-05-21,1974,5,21,6,6,0
1974-06-04,1974,6,4,6,16,0
1974-06-18,1974,6,18,8,33,0
1974-07-02,1974,7,2,11,43,0
1974-07-16,1974,7,16,11,24,0
1974-07-30,1974,7,30,12,16,0
1974-08-13,1974,8,13,10,32,0
1974-08-27,1974,8,27,9,28,0
1974-09-10,1974,9,10,10,28,0
1974-09-24,1974,9,24,9,34,0
1974-10-08,1974,10,8,8,31,0
1974-10-22,1974,10,22,8,28,0
1975-05-27,1975,5,27,7,15,0
1975-06-10,1975,6,10,8,34,0
1975-06-24,1975,6,24,8,23,0
1975-07-08,1975,7,8,13,25.1939549723882,0.806045027611772
1975-07-22,1975,7,22,16,31.91909930385,0.0809006961500174
1975-08-19,1975,8,19,10,21.9338747960263,0.066125203973709
1975-09-02,1975,9,2,11,21.3792107637051,1.6207892362949
1975-09-16,1975,9,16,9,16.6585100901548,5.3414899098452
1975-09-30,1975,9,30,14,12.8176262515193,6.18237374848073
1975-10-14,1975,10,14,9,12.4147868111924,2.58521318880756
1975-10-28,1975,10,28,7,11.5343319348005,1.46566806519953
1976-05-25,1976,5,25,6,8.95917517673914,0.0408248232608563
1976-06-08,1976,6,8,6,19.6835836152628,0.316416384737159
1976-06-22,1976,6,22,9,20.2465282971211,0.753471702878863
1976-07-06,1976,7,6,9,19.7145684718503,1.28543152814973
1976-07-20,1976,7,20,10,19.6642815582413,1.33571844175868
1976-08-03,1976,8,3,9,17.5497325085106,2.45026749148945
1976-08-17,1976,8,17,8,18.6059014047631,4.39409859523685
1976-08-31,1976,8,31,9,18.6932141714809,1.3067858285191
1976-09-14,1976,9,14,6,21.5643479015714,0.435652098428558
1976-09-28,1976,9,28,7,22.8097144964192,0.190285503580751
1976-10-12,1976,10,12,6,38,0
1977-05-17,1977,5,17,11,13.9851056967332,0.0148943032667519
1977-05-31,1977,5,31,10,13,0
1977-06-14,1977,6,14,9,16.8532164153546,0.1467835846454
1977-06-28,1977,6,28,9,17.6320243002236,3.36797569977641
1977-07-26,1977,7,26,13,21.9315174093618,3.0684825906382
1977-08-09,1977,8,9,15,7.8278309633677,21.1721690366323
1977-08-23,1977,8,23,10,4.73229040664882,26.2677095933512
1977-09-07,1977,9,7,13,0.599022969782522,5.40097703021748
1977-09-20,1977,9,20,11,9.7475878139934,20.2524121860066
1977-10-04,1977,10,4,10,17.6432391557081,0.356760844291889
1977-10-18,1977,10,18,8,29,0
1978-06-06,1978,6,6,8,13.8980969695299,0.10190303047008
1978-08-01,1978,8,1,11,16.6910424103209,4.30895758967913
1978-09-12,1978,9,12,11,40.2326334021343,9.76736659786565
1978-09-26,1978,9,26,14,43.9111065233273,4.08889347667267
1979-05-22,1979,5,22,6,25.911021460954,0.0889785390459551
1979-06-19,1979,6,19,7,52.1739983168845,1.82600168311551
1979-07-17,1979,7,17,17,66.3485610536131,15.6514389463869
1979-08-14,1979,8,14,16,30.1825600926399,64.8174399073601
1979-09-11,1979,9,11,13,4.85841548727239,41.1415845127276
1979-10-09,1979,10,9,10,29.8019095911585,6.19809040884146
1979-10-23,1979,10,23,9,33.7084710855958,1.29152891440419
1979-10-30,1979,10,30,9,29.6532423741486,0.34675762585137
1980-05-20,1980,5,20,8,4.91983358745727,0.0801664125427298
1980-06-05,1980,6,5,24,52.1070987139447,7.89290128605534
1980-07-01,1980,7,1,9,22.1684222882689,35.8315777117311
1980-07-15,1980,7,15,12,24.050061403836,39.949938596164
1980-07-29,1980,7,29,26,8.78996282861245,17.2100371713876
1980-08-12,1980,8,12,13,25.3841412958461,34.6158587041539
1980-08-26,1980,8,26,13,52.3503384899647,19.6496615100353
1980-09-09,1980,9,9,10,47.0895613525675,32.9104386474325
1980-09-23,1980,9,23,11,72.0814641578722,33.9185358421278
1980-10-07,1980,10,7,11,76.3894800680813,5.61051993191868
1980-10-21,1980,10,21,8,90.5583798142949,3.44162018570515
1981-05-19,1981,5,19,7,19,0
1981-06-02,1981,6,2,2,21.9030892762603,0.0969107237397204
1981-06-16,1981,6,16,8,41.8400221724137,0.159977827586263
1981-06-30,1981,6,30,10,29.5737752836203,0.426224716379701
1981-07-14,1981,7,14,8,34,0
1981-07-28,1981,7,28,9,15.4578906620252,28.5421093379748
1981-08-11,1981,8,11,9,10.3776996901616,35.6223003098384
1981-08-25,1981,8,25,25,3.90418670723736,12.0958132927626
1981-09-08,1981,9,8,9,17.8651793408676,32.1348206591324
1981-09-22,1981,9,22,13,44.0841637367992,25.9158362632008
1981-10-06,1981,10,6,11,38.120970411373,13.879029588627
1981-10-20,1981,10,20,7,43.1835427631471,2.81645723685292
1982-05-25,1982,5,25,7,13.9498801179407,0.0501198820593383
1982-06-08,1982,6,8,6,25,0
1982-06-15,1982,6,15,8,17,0
1982-06-22,1982,6,22,14,12.8755802878368,4.1244197121632
1982-06-29,1982,6,29,9,31.8102571817145,10.1897428182855
1982-07-06,1982,7,6,9,10.3317594797608,12.6682405202392
1982-07-14,1982,7,14,6,3.38464300920425,20.6153569907958
1982-07-20,1982,7,20,8,2.21320068663995,20.78679931336
1982-07-27,1982,7,27,14,4.34761174995485,45.6523882500451
1982-08-03,1982,8,3,10,2.32256020919416,27.6774397908058
1982-08-10,1982,8,10,13,2.32256020919416,27.6774397908058
1982-08-17,1982,8,17,16,3.3257840184635,33.6742159815365
1982-08-24,1982,8,24,17,3.50555612756964,35.4944438724304
1982-08-31,1982,8,31,23,6.0003180344903,37.9996819655097
1982-09-07,1982,9,7,22,8.59136445847474,54.4086355415253
1982-09-14,1982,9,14,21,11.4855687104867,37.5144312895133
1982-09-21,1982,9,21,12,13.1491697538032,22.8508302461968
1982-09-28,1982,9,28,11,17.5550318516513,10.4449681483487
1982-10-05,1982,10,5,10,13.1662738887385,7.83372611126154
1982-10-12,1982,10,12,13,42.5473420682822,4.45265793171783
1982-10-19,1982,10,19,11,27.3568291770749,1.64317082292512
1982-10-26,1982,10,26,13,41.2194416375084,0.780558362491612
1983-05-17,1983,5,17,14,27,0
1983-05-24,1983,5,24,12,26,0
1983-05-31,1983,5,31,11,28,0
1983-06-07,1983,6,7,12,24.221586459157,2.77841354084302
1983-06-14,1983,6,14,10,24.221586459157,2.77841354084302
1983-06-21,1983,6,21,18,8.52360564355988,14.4763943564401
1983-06-28,1983,6,28,10,8.89419719327988,15.1058028067201
1983-07-05,1983,7,5,9,14.4497706421443,9.55022935785566
1983-07-12,1983,7,12,15,14.4497706421443,9.55022935785566
1983-07-26,1983,7,26,13,11.0770079807253,3.92299201927469
1983-08-02,1983,8,2,14,11.6386597007568,2.36134029924318
1983-08-09,1983,8,9,17,48.0583205867267,3.94167941327332
1983-08-16,1983,8,16,14,15.2478377528428,5.75216224715717
1983-08-23,1983,8,23,15,7.26087512040135,2.73912487959865
1983-08-30,1983,8,30,13,7.31142673846505,3.68857326153495
1983-09-06,1983,9,6,14,12.6288280028033,6.37117199719674
1983-09-13,1983,9,13,12,20.8397688464915,1.16023115350848
1983-09-20,1983,9,20,14,21.7870310667866,1.21296893321341
1983-10-04,1983,10,4,9,21,0
1983-10-11,1983,10,11,12,22,0
1983-10-18,1983,10,18,12,21,0
1984-05-22,1984,5,22,12,30,0
1984-05-29,1984,5,29,13,22,0
1984-06-05,1984,6,5,21,33,0
1984-06-18,1984,6,18,8,25.9849278250376,0.0150721749623768
1984-06-26,1984,6,26,9,23.9721744462233,0.0278255537766956
1984-07-03,1984,7,3,13,21.8290388922186,3.17096110778138
1984-07-10,1984,7,10,10,24.4485235592849,3.55147644071514
1984-07-17,1984,7,17,8,18.5173302936619,11.4826697063381
1984-07-24,1984,7,24,480,137.028244173098,84.9717558269016
1984-07-31,1984,7,31,9,18.7199128538221,29.2800871461779
1984-08-07,1984,8,7,12,17.1599201160036,26.8400798839964
1984-08-14,1984,8,14,15,11.5431717135749,42.4568282864251
1984-08-28,1984,8,28,13,6.104052266083,57.895947733917
1984-09-04,1984,9,4,16,7.43931369928866,70.5606863007113
1984-09-11,1984,9,11,11,24.7996052427197,55.2003947572803
1984-09-25,1984,9,25,11,68.1680380593976,19.8319619406024
1984-10-02,1984,10,2,16,99.1535099045783,28.8464900954217
1984-10-16,1984,10,16,8,47.2469266919559,4.7530733080441
1984-10-24,1984,10,24,8,68.1095303790593,3.89046962094073
1985-05-21,1985,5,21,9,13.9317576233981,0.0682423766018534
1985-05-28,1985,5,28,8,16,0
1985-06-04,1985,6,4,6,23,0
1985-06-11,1985,6,11,14,24.9639259026005,1.03607409739946
1985-06-18,1985,6,18,12,27.8443788913621,1.15562110863786
1985-06-25,1985,6,25,9,39.8396837837041,2.16031621629587
1985-07-02,1985,7,2,15,43.6339393821521,2.36606061784786
1985-07-09,1985,7,9,8,43.6668925766414,16.3331074233586
1985-07-16,1985,7,16,11,39.3002033189772,14.6997966810228
1985-07-25,1985,7,25,8,24.754607650402,23.245392349598
1985-07-30,1985,7,30,17,26.8174916212689,25.1825083787311
1985-08-06,1985,8,6,15,35.8488922994896,6.15110770051038
1985-08-13,1985,8,13,17,40.9701626279881,7.02983737201186
1985-08-20,1985,8,20,13,9.81321950035484,0.186780499645161
1985-08-27,1985,8,27,2,47.1034536017032,0.896546398296771
1985-09-03,1985,9,3,22,43.7843749794241,6.2156250205759
1985-09-10,1985,9,10,11,31.5247499851854,4.47525001481465
1985-09-17,1985,9,17,9,28.0563898560821,3.94361014391787
1985-09-24,1985,9,24,16,33.3578009238327,4.64219907616726
1985-10-01,1985,10,1,10,33.1542887088941,3.84571129110593
1985-10-08,1985,10,8,8,29.5700412809055,3.42995871909448
1985-10-15,1985,10,15,10,25,0
1985-10-21,1985,10,21,9,25,0
1986-05-20,1986,5,20,9,19,0
1986-05-27,1986,5,27,8,21,0
1986-06-03,1986,6,3,4,23,0
1986-06-17,1986,6,17,4,24.8374836315845,2.16251636841551
1986-06-24,1986,6,24,9,19.4156697712231,7.58433022877692
1986-07-01,1986,7,1,10,15.5487287898463,14.4512712101537
1986-07-08,1986,7,8,7,10.8606407859013,21.1393592140987
1986-07-15,1986,7,15,10,15.2727761051737,29.7272238948263
1986-07-29,1986,7,29,12,9.52193197015263,21.4780680298474
1986-08-05,1986,8,5,8,10.8584453173793,16.1415546826207
1986-08-12,1986,8,12,8,12.9264248608941,13.0735751391059
1986-08-19,1986,8,19,10,3.26233147560728,14.7376685243927
1986-08-26,1986,8,26,9,3.98729402574224,18.0127059742578
1986-09-02,1986,9,2,9,4.14652421642182,20.8534757835782
1986-09-09,1986,9,9,10,4.64410712239244,23.3558928776076
1986-09-16,1986,9,16,9,7.05433965402513,21.9456603459749
1986-09-23,1986,9,23,10,9.29871121700095,19.7012887829991
1986-10-28,1986,10,28,8,21.6268366648262,5.37316333517379
1987-05-19,1987,5,19,6,6.55364592361962,25.4463540763804
1987-05-26,1987,5,26,6,6.75844735873273,26.2415526412673
1987-06-02,1987,6,2,9,1.82120504859472,9.17879495140528
1987-06-09,1987,6,9,10,8.60933295699324,43.3906670430068
1987-06-16,1987,6,16,8,5.69261894998268,51.3073810500173
1987-06-23,1987,6,23,9,4.39158483219982,58.6084151678002
1987-06-30,1987,6,30,6,3.08450092110996,74.91549907889
1987-07-07,1987,7,7,8,3.12404580471394,75.8759541952861
1987-07-14,1987,7,14,9,1.0987289516825,78.9012710483175
1987-07-21,1987,7,21,13,1.09761450456013,77.9023854954399
1987-07-28,1987,7,28,9,1.23671654305536,86.7632834569446
1987-08-04,1987,8,4,8,0.836596244064425,71.1634037559356
1987-08-11,1987,8,11,10,0.670518685833449,72.3294813141665
1987-08-18,1987,8,18,10,1.4971855587788,161.502814441221
1987-09-01,1987,9,1,10,3.030969745094,72.969030254906
1987-09-15,1987,9,15,13,13.9235366083098,31.0764633916902
1987-09-21,1987,9,21,14,12.0670650605351,26.9329349394649
1987-09-29,1987,9,29,12,14.8630144814563,29.1369855185437
1987-10-06,1987,10,6,9,16.8897891834731,33.1102108165269
1987-10-13,1987,10,13,6,28.5386321536713,19.4613678463287
1988-05-17,1988,5,17,10,15.7118839774081,1.28811602259194
1988-05-24,1988,5,24,8,18.4336417235549,1.56635827644506
1988-05-31,1988,5,31,8,15.7618108983691,6.23818910163086
1988-06-07,1988,6,7,8,11.4631351988139,4.53686480118608
1988-06-14,1988,6,14,11,11.3442469522023,13.6557530477977
1988-06-21,1988,6,21,13,9.52916743984995,11.47083256015
1988-06-28,1988,6,28,13,10.6912572984626,4.30874270153739
1988-07-05,1988,7,5,16,8.55300583877009,3.44699416122991
1988-07-12,1988,7,12,8,12.8392202369521,8.16077976304788
1988-07-19,1988,7,19,7,12.2278287970973,7.77217120290274
1988-07-26,1988,7,26,7,19.4629527023722,2.53704729762777
1988-08-02,1988,8,2,7,16.8089136975033,2.19108630249671
1988-08-09,1988,8,9,8,19.0693455668182,1.93065443318183
1988-08-16,1988,8,16,9,27.2419222383117,2.75807776168833
1988-08-23,1988,8,23,10,27.5443849642003,1.45561503579971
1988-08-30,1988,8,30,10,29.443997720352,1.55600227964797
1988-09-06,1988,9,6,89,54.768525569709,0.231474430291007
1988-09-13,1988,9,13,8,34.8526980898148,0.147301910185186
1988-09-20,1988,9,20,13,35.8484894638095,0.151510536190477
1988-09-27,1988,9,27,13,34,0
1988-10-04,1988,10,4,11,36,0
1988-10-11,1988,10,11,10,35,0
1988-10-18,1988,10,18,10,37,0
1988-10-25,1988,10,25,9,43,0
1989-05-16,1989,5,16,6,10,0
1989-05-24,1989,5,24,6,12,0
1989-05-30,1989,5,30,7,16,0
1989-06-06,1989,6,6,6,15,0
1989-06-13,1989,6,13,7,23.7324178420378,4.2675821579622
1989-06-20,1989,6,20,54,75.4351852836201,13.5648147163799
1989-06-27,1989,6,27,211,27.4909359298479,8.50906407015205
1989-07-04,1989,7,4,7,20.618201947386,6.38179805261404
1989-07-11,1989,7,11,7,2.77056141691881,40.2294385830812
1989-07-18,1989,7,18,8,2.19067646919161,31.8093235308084
1989-07-25,1989,7,25,8,1.19759922082843,27.8024007791716
1989-08-01,1989,8,1,13,1.61056446938996,37.38943553061
1989-08-08,1989,8,8,11,3.00431797760223,23.9956820223978
1989-08-15,1989,8,15,12,3.22686005001721,25.7731399499828
1989-08-22,1989,8,22,10,4.08947740248514,19.9105225975149
1989-08-29,1989,8,29,9,3.91908251071492,19.0809174892851
1989-09-05,1989,9,5,9,7.66937020514543,11.3306297948546
1989-09-12,1989,9,12,10,11.3022297760038,16.6977702239962
1989-10-11,1989,10,11,7,19.9553920194365,1.04460798056351
1989-10-24,1989,10,24,8,7.60205410264247,0.397945897357528
1990-05-16,1990,5,16,8,15.8976057255794,0.102394274420559
1990-05-17,1990,5,17,10,19.8720071569743,0.127992843025699
1990-05-30,1990,5,30,9,24.9282024687062,0.0717975312937741
1990-06-11,1990,6,11,32,49.9719176633511,1.02808233664894
1990-06-14,1990,6,14,9,29.3952456843242,0.604754315675848
1990-06-28,1990,6,28,27,33.7841001144915,14.2158998855085
1990-07-09,1990,7,9,9,3.28705049059126,29.7129495094087
1990-07-12,1990,7,12,11,4.78116434995092,43.2188356500491
1990-07-26,1990,7,26,15,6.24977760126513,37.7502223987349
1990-08-08,1990,8,8,15,8.62706685151008,36.3729331484899
1990-08-09,1990,8,9,14,9.5856298350112,40.4143701649888
1990-08-23,1990,8,23,17,31.1316422451731,13.8683577548269
1990-08-27,1990,8,27,16,29.7480137009432,13.2519862990568
1990-09-20,1990,9,20,11,24.4807226910619,7.51927730893814
1990-10-18,1990,10,18,11,30.1972590291343,1.8027409708657
1991-05-29,1991,5,29,8,31,0
1991-06-12,1991,6,12,9,34.9472278808738,6.05277211912621
1991-06-26,1991,6,26,11,6.11355041115946,44.8864495888405
1991-07-10,1991,7,10,12,3.02017418471902,61.979825815281
1991-07-24,1991,7,24,10,8.64024001316798,18.359759986832
1991-08-07,1991,8,7,7,9.3383258340078,4.6616741659922
1991-08-21,1991,8,21,8,2.53137945971075,11.4686205402892
1991-09-04,1991,9,4,6,5.09264797763098,9.90735202236902
1991-09-18,1991,9,18,11,10.9930676846757,6.00693231532434
1991-10-02,1991,10,2,10,14.4373313613582,0.562668638641786
1992-05-27,1992,5,27,6,14.9305870027371,0.0694129972629443
1992-06-10,1992,6,10,7,18.9752263778426,3.02477362215739
1992-07-08,1992,7,8,7,2.19786478698737,24.8021352130126
1992-07-22,1992,7,22,10,2.42062902478285,28.5793709752172
1992-08-05,1992,8,5,8,2.42702704739117,16.5729729526088
1992-08-19,1992,8,19,5,5.02203910554435,14.9779608944556
1992-09-02,1992,9,2,6,8.09930216254589,19.9006978374541
1992-09-16,1992,9,16,6,8.89580346082157,15.1041965391784
1992-09-30,1992,9,30,7,20.3084352294994,2.69156477050063
1992-10-13,1992,10,13,7,18.5424843399777,2.45751566002232
1993-05-17,1993,5,17,6,12.6598404031657,0.340159596834291
1993-05-31,1993,5,31,7,17.8756882939956,1.12431170600438
1993-06-14,1993,6,14,6,7.87706946802461,35.1229305319754
1993-06-28,1993,6,28,7,25.293059226986,14.706940773014
1993-07-12,1993,7,12,5,7.47096729138248,20.5290327086175
1993-07-21,1993,7,21,6,11.852652156932,15.147347843068
1993-07-26,1993,7,26,4,13.6086006246256,17.3913993753744
1993-08-09,1993,8,9,6,11.0192069283868,17.9807930716132
1993-08-23,1993,8,23,6,23.1283917761218,10.8716082238782
1993-09-02,1993,9,2,7,23.2187529949537,13.7812470050463
1993-10-04,1993,10,4,7,22.2753956636927,1.72460433630727
1994-05-18,1994,5,18,11,7,0
1994-06-01,1994,6,1,6,20.2362380900882,0.763761909911783
1994-06-27,1994,6,27,7,2.43284357163644,28.5671564283636
1994-07-13,1994,7,13,5,6.37604914396635,37.6239508560337
1994-07-27,1994,7,27,7,48.7231252565551,7.27687474344488
1994-08-10,1994,8,10,3,36.924987127317,1.07501287268299
1994-08-23,1994,8,23,4,24.7637285050868,8.23627149491315
1994-09-07,1994,9,7,5,8.51095905254509,13.4890409474549
1994-09-21,1994,9,21,6,4.31375715777136,13.6862428422286
1994-10-19,1994,10,19,5,16.153343736949,1.84665626305105
1995-05-16,1995,5,16,3,8,0
1995-05-30,1995,5,30,4,12.9582203013381,0.0417796986619087
1995-06-13,1995,6,13,3,13.3902238534908,1.60977614650922
1995-06-27,1995,6,27,8,0.197381190827323,26.8026188091727
1995-07-11,1995,7,11,11,0.690380947306938,15.3096190526931
1995-07-25,1995,7,25,6,2.16880672324622,21.8311932767538
1995-08-08,1995,8,8,6,17.2186468586919,16.7813531413081
1995-08-22,1995,8,22,9,34.1906851285455,14.8093148714545
1995-09-05,1995,9,5,6,45.0083658405311,9.99163415946889
1995-10-03,1995,10,3,5,8.43166485002225,4.56833514997775
1996-05-21,1996,5,21,4,3.71849778449466,0.281502215505344
1996-06-03,1996,6,3,20,10,0
1996-06-17,1996,6,17,9,4,0
1996-06-26,1996,6,26,10,5,0
1996-07-02,1996,7,2,11,6,0
1996-07-09,1996,7,9,10,6,0
1996-07-15,1996,7,15,43,25,0
1996-07-23,1996,7,23,10,15,0
1996-07-29,1996,7,29,18,17,0
1996-08-06,1996,8,6,10,14,0
1996-08-12,1996,8,12,10,21,0
1996-08-20,1996,8,20,11,12,0
1996-08-26,1996,8,26,11,13,0
1996-09-03,1996,9,3,15,18,0
1996-09-09,1996,9,9,12,17,0
1996-09-18,1996,9,18,15,13,0
1996-09-23,1996,9,23,9,18,0
1996-10-07,1996,10,7,7,27,0
1997-05-22,1997,5,22,9,26,0
1997-05-26,1997,5,26,10,27.9415348177901,0.058465182209943
1997-06-02,1997,6,2,6,11.2371091791973,1.76289082080273
1997-06-09,1997,6,9,8,19.1181484962386,4.88185150376141
1997-06-18,1997,6,18,6,1.6162879395983,19.3837120604017
1997-06-23,1997,6,23,8,6.61908394311686,79.3809160568831
1997-07-02,1997,7,2,5,1.99495722862326,28.0050427713767
1997-07-07,1997,7,7,5,1.94950428545731,38.0504957145427
1997-07-14,1997,7,14,5,1.1098474503098,20.8901525496902
1997-07-21,1997,7,21,6,0.769615583145498,23.2303844168545
1997-07-28,1997,7,28,7,0.622397062940797,14.3776029370592
1997-08-06,1997,8,6,5,4.57149907803341,6.42850092196659
1997-08-11,1997,8,11,8,8.7631000502747,8.2368999497253
1997-08-18,1997,8,18,8,13.411378776402,6.58862122359797
1997-08-25,1997,8,25,7,15.5948006834391,6.40519931656089
1997-09-04,1997,9,4,11,21.0920151101759,22.9079848898241
1997-09-08,1997,9,8,8,13.901555413525,15.098444586475
1997-09-15,1997,9,15,10,26.1814745613804,20.8185254386196
1997-10-15,1997,10,15,8,29.547959543618,4.45204045638198
1998-05-20,1998,5,20,8,25.4106504663908,6.58934953360925
1998-06-03,1998,6,3,11,15.3598150468364,37.6401849531636
1998-06-17,1998,6,17,72,8.56976728755428,147.430232712446
1998-07-01,1998,7,1,196,4.65074210519999,47.3492578948
1998-07-15,1998,7,15,15,3.35194358774768,29.6480564122523
1998-07-29,1998,7,29,9,9.78704256285235,14.2129574371476
1998-08-12,1998,8,12,8,10.0462533219622,12.9537466780378
1998-08-26,1998,8,26,10,9.83808919261642,17.1619108073836
1998-09-09,1998,9,9,8,20.365043391914,5.63495660808603
1998-10-07,1998,10,7,10,31.6558848511473,0.344115148852705
1999-05-27,1999,5,27,71,44,0
1999-06-09,1999,6,9,9,17.7420553111451,6.25794468885487
1999-07-07,1999,7,7,13,2.5564587933723,38.4435412066277
1999-07-20,1999,7,20,10,6.60525124695376,24.3947487530462
1999-08-05,1999,8,5,10,2.8955490228768,19.1044509771232
1999-08-17,1999,8,17,11,13.1582101192505,3.84178988074955
1999-09-01,1999,9,1,11,11.0242537782151,7.97574622178487
1999-09-15,1999,9,15,8,22.6588871306299,0.341112869370051
1999-10-20,1999,10,20,7,25,0
2000-05-17,2000,5,17,6,19,0
2000-05-31,2000,5,31,9,23.5543879950912,0.445612004908847
2000-06-14,2000,6,14,7,16.9741359590387,2.02586404096135
2000-06-28,2000,6,28,12,11.953159008308,10.046840991692
2000-07-12,2000,7,12,7,2.03447733021866,30.9655226697813
2000-07-26,2000,7,26,5,15.9565760280596,6.04342397194041
2000-08-10,2000,8,10,3,11.1190611604433,4.8809388395567
2000-08-22,2000,8,22,0.25,21.5592502097155,1.44074979028455
2000-09-06,2000,9,6,12,21.9757525730841,8.0242474269159
2000-10-04,2000,10,4,1,19.5273117937218,3.47268820627815
2001-05-16,2001,5,16,0.25,17.3485915700726,0.651408429927439
2001-05-30,2001,5,30,8,19.9077176717312,0.0922823282688201
2001-06-13,2001,6,13,7,12.3349216906058,9.66507830939422
2001-06-27,2001,6,27,3,1.36772372382125,23.6322762761788
2001-07-11,2001,7,11,10,2.39400982429558,21.6059901757044
2001-07-25,2001,7,25,8,1.969990544108,10.030009455892
2001-08-09,2001,8,9,12,15.1791303597651,5.82086964023487
2001-08-22,2001,8,22,10,19.623839957083,7.37616004291696
2001-09-06,2001,9,6,10,18.5130050624754,13.4869949375246
2001-09-17,2001,9,17,13,31.6943228444666,3.30567715553337
2001-10-03,2001,10,3,8,26.5022041495279,1.49779585047212
2002-05-22,2002,5,22,9,13,0
2002-06-05,2002,6,5,8,14.6848177772506,0.31518222274941
2002-06-18,2002,6,18,11,9.41611630516042,14.5838836948396
2002-07-02,2002,7,2,11,2.79309673464973,15.2069032653503
2002-07-16,2002,7,16,6,5.79545822653821,10.2045417734618
2002-07-30,2002,7,30,7,13.7943664712081,5.20563352879188
2002-08-13,2002,8,13,9,9.29970070209379,21.7002992979062
2002-08-27,2002,8,27,11,17.6337576482144,12.3662423517856
2002-09-10,2002,9,10,13,16.9175388235451,14.0824611764549
2002-09-24,2002,9,24,9,31.723005991066,4.27699400893401
2002-10-28,2002,10,28,11,37,0
2003-05-20,2003,5,20,7,16.8705074496088,1.12949255039123
2003-06-02,2003,6,2,6,13.6048458405408,4.39515415945922
2003-06-16,2003,6,16,5,2.85546205557718,25.1445379444228
2003-06-30,2003,6,30,4,2.04396373490104,8.95603626509896
2003-07-14,2003,7,14,12,2.12497969621848,2.87502030378151
2003-07-28,2003,7,28,8,17.9701110603066,7.02988893969337
2003-08-11,2003,8,11,2,17.0435114066336,18.9564885933664
2003-08-25,2003,8,25,9,14.0864216311014,21.9135783688986
2003-09-08,2003,9,8,10,20.2969507257951,5.70304927420488
2003-09-22,2003,9,22,6,21.6725101241621,4.32748987583786
2003-10-06,2003,10,6,8,13.5909729589547,5.40902704104533
2004-05-26,2004,5,26,4,15,0
2004-06-09,2004,6,9,10,19.5509671685892,0.449032831410801
2004-06-23,2004,6,23,5,15.9978248249289,18.0021751750711
2004-07-07,2004,7,7,5,4.49175413457309,26.5082458654269
2004-07-20,2004,7,20,8,1.41466355805033,28.5853364419497
2004-07-21,2004,7,21,8,1.08457539450526,21.9154246054947
2004-08-04,2004,8,4,9,13.1917978311633,5.80820216883666
2004-08-18,2004,8,18,12,20.1289654429949,8.87103455700506
2004-09-01,2004,9,1,9,27.255799104695,3.74420089530504
2004-09-15,2004,9,15,11,19.4657568951024,5.53424310489757
2004-09-29,2004,9,29,9,17.9277786449115,4.0722213550885
2004-10-13,2004,10,13,9,21.7711408823033,2.22885911769674
2004-10-26,2004,10,26,9,24.8708353031956,0.129164696804401
2005-05-25,2005,5,25,6,20.2230458568026,2.77695414319743
2005-06-08,2005,6,8,8,6.47665012417304,24.523349875827
2005-06-22,2005,6,22,9,1.4159559212016,38.5840440787984
2005-07-06,2005,7,6,7,2.84985006420443,24.1501499357956
2005-07-20,2005,7,20,8,7.46834561358157,6.53165438641843
2005-08-03,2005,8,3,10,12.5073808673503,22.4926191326497
2005-08-17,2005,8,17,8,13.5374947138185,10.4625052861815
2005-08-31,2005,8,31,7,15.3054639390694,9.69453606093055
2005-09-14,2005,9,14,10,12.1752662179593,12.8247337820407
2005-09-28,2005,9,28,5,13.1228608341217,5.87713916587829
2005-10-12,2005,10,12,8,19.7683645307078,1.23163546929221
2006-05-24,2006,5,24,3,26.3255444809922,0.674455519007774
2006-06-07,2006,6,7,7,4.57188669043077,21.4281133095692
2006-06-21,2006,6,21,5,0.991595582693305,33.0084044173067
2006-07-04,2006,7,4,7,2.52793135532076,12.4720686446792
2006-07-19,2006,7,19,10,9.30797260729039,9.69202739270961
2006-08-02,2006,8,2,10,15.6202652261343,6.37973477386568
2006-08-16,2006,8,16,11,19.1988505905345,7.80114940946549
2006-08-30,2006,8,30,9,17.6032176128556,6.39678238714442
2006-09-13,2006,9,13,10,15.465452355345,4.53454764465504
2006-09-27,2006,9,27,10,19.7451654691627,3.25483453083725
2006-10-11,2006,10,11,8,29.8623545697277,1.13764543027226
2006-10-31,2006,10,31,11,49.7550222393265,0.244977760673448
2007-05-22,2007,5,22,9,24.8709550052453,0.129044994754651
2007-06-05,2007,6,5,8,16.7541897942171,13.2458102057829
2007-06-19,2007,6,19,6,3.77440674563096,31.225593254369
2007-07-03,2007,7,3,6,2.63472167998849,29.3652783200115
2007-07-17,2007,7,17,12,20.4503366727192,8.54966332728077
2007-07-31,2007,7,31,9,13.9287758616604,11.0712241383396
2007-08-14,2007,8,14,12,16.612988472026,8.38701152797395
2007-08-28,2007,8,28,12,4.4277983013162,25.5722016986838
2007-09-11,2007,9,11,12,15.9800839717367,18.0199160282633
2007-09-25,2007,9,25,7,23.8165096252936,9.1834903747064
2007-10-09,2007,10,9,8,30,0
2007-10-23,2007,10,23,10,27.9059911839897,3.09400881601026
2008-05-27,2008,5,27,6,20.826342658629,0.173657341371024
2008-06-10,2008,6,10,7,20.8710220711766,5.1289779288234
2008-06-24,2008,6,24,9,3.04826551962921,29.9517344803708
2008-07-08,2008,7,8,8,1.79529955478494,31.2047004452151
2008-07-22,2008,7,22,9,5.53025523149882,6.46974476850118
2008-08-05,2008,8,5,7,10.3580048639113,3.64199513608867
2008-08-19,2008,8,19,384,14.7906348063382,8.20936519366177
2008-09-02,2008,9,2,8,14.8989078642295,6.10109213577049
2008-09-16,2008,9,16,9,17.8448923458142,2.1551076541858
2008-09-30,2008,9,30,8,16.8014917325786,8.19850826742145
2008-10-14,2008,10,14,2,5.39078473676309,0.609215263236912
2009-05-19,2009,5,19,7,15.9987896505217,0.00121034947832843
2009-06-01,2009,6,1,8,17.993114366088,0.00688563391197605
2009-06-15,2009,6,15,8,11.5329477871265,0.467052212873508
2009-06-29,2009,6,29,8,11.6676577224756,22.3323422775244
2009-07-14,2009,7,14,6,1.46862523389735,36.5313747661026
2009-07-27,2009,7,27,8,1.07412989811338,23.9258701018866
2009-08-11,2009,8,11,8,5.94608155663932,8.05391844336068
2009-08-25,2009,8,25,7,7.74426488975792,3.25573511024208
2009-09-09,2009,9,9,10,8.22347035623186,17.7765296437681
2009-09-22,2009,9,22,8,7.35549079848818,9.64450920151182
2009-10-06,2009,10,6,7,12.6735153750381,3.32648462496186
2010-05-18,2010,5,18,8,21.9869114739665,0.0130885260334626
2010-06-01,2010,6,1,6,24.149065906315,1.85093409368499
2010-06-02,2010,6,2,8.5,28.3287119285618,2.17128807143816
2010-06-14,2010,6,14,6,5.64636575625796,23.353634243742
2010-06-15,2010,6,15,5,6.23047255862947,25.7695274413705
2010-06-29,2010,6,29,5,0.90608484782497,32.593915152175
2010-07-12,2010,7,12,6,1.42616712037752,13.5738328796225
2010-07-13,2010,7,13,6,1.42616712037752,13.5738328796225
2010-07-27,2010,7,27,8,10.0680821136061,3.43191788639385
2010-08-09,2010,8,9,6,10.9456013142007,3.05439868579931
2010-08-10,2010,8,10,6,12.5092586448008,3.49074135519922
2010-08-23,2010,8,23,6,14.8557186238421,2.14428137615787
2010-08-24,2010,8,24,5,18.351181829452,2.64881817054796
2010-09-08,2010,9,8,6,12.8302420396354,11.1697579603646
2010-09-20,2010,9,20,7,42.7908152872046,1.20918471279536
2010-09-21,2010,9,21,6,26.2580002898756,0.741999710124423
2010-10-05,2010,10,5,6,24.7569715718974,3.2430284281026
2011-05-17,2011,5,17,7,21,0
2011-05-31,2011,5,31,0.5,24.3812929557213,4.61870704427866
2011-06-14,2011,6,14,7,5.72649173050568,27.2735082694943
2011-06-28,2011,6,28,6,2.52600536080918,32.4739946391908
2011-07-12,2011,7,12,7,4.84921761557848,13.1507823844215
2011-07-26,2011,7,26,6,11.4006411144432,4.59935888555678
2011-08-09,2011,8,9,6,16.7309682536619,4.26903174633806
2011-08-23,2011,8,23,7,16.2186851301357,12.7813148698643
2011-09-06,2011,9,6,7,15.000415759742,12.999584240258
2011-09-20,2011,9,20,6,15.7476699687498,8.25233003125022
2011-10-04,2011,10,4,8,22.1374616275957,0.86253837240427
2011-10-18,2011,10,18,7,37.8148690959436,2.18513090405644
2012-05-23,2012,5,23,7,28.836673576967,0.163326423032983
2012-06-05,2012,6,5,6,11.4457303940363,17.5542696059637
2012-06-26,2012,6,26,8,2.61629314047329,36.3837068595267
2012-07-03,2012,7,3,6,1.26326211941917,14.7367378805808
2012-07-17,2012,7,17,9,6.27491147679398,11.725088523206
2012-07-31,2012,7,31,7,12.0721844747609,0.927815525239148
2012-08-14,2012,8,14,6,14.7835452375267,7.21645476247333
2012-08-28,2012,8,28,6,9.7740010910399,17.2259989089601
2012-09-11,2012,9,11,7,29.67815886714,2.32184113285997
2012-09-25,2012,9,25,13,32.2903765205967,0.709623479403265
2012-10-10,2012,10,10,10,36.9884555971808,0.011544402819224
2012-10-25,2012,10,25,10,34,0
2013-05-22,2013,5,22,8,19,0
2013-07-16,2013,7,16,7,10.7315234978965,5.26847650210349
2014-06-10,2014,6,10,8,11.9829693661755,0.0170306338245485
2014-06-23,2014,6,23,11,19.9429248510539,0.0570751489461196
2014-07-09,2014,7,9,7,5.87151679572472,19.1284832042753
2014-07-22,2014,7,22,8,3.9857298610766,31.0142701389234
2014-08-06,2014,8,6,8,0.955542381696349,11.0444576183037
2014-08-19,2014,8,19,9,8.93555103468006,8.06444896531994
2014-09-03,2014,9,3,11,19.5588186325012,12.4411813674988
2014-09-16,2014,9,16,10,24.3265138287578,13.6734861712422
2014-09-29,2014,9,29,2,42.0672494038778,7.9327505961222
2014-10-15,2014,10,15,11,36.6167275957498,8.38327240425024
2014-10-28,2014,10,28,9,31.4330306513508,5.5669693486492
2015-05-19,2015,5,19,6,19.4845241507021,0.0154758492978562
2015-06-01,2015,6,1,8.5,17.5889909153072,0.411009084692785
2015-06-15,2015,6,15,6.5,5.82931149965993,22.1706885003401
2015-06-29,2015,6,29,6,1.71181918433453,22.2881808156655
2015-07-13,2015,7,13,6,4.82477350251851,10.1752264974815
2015-07-22,2015,7,22,7,13.8679271038277,6.13207289617228
2015-07-27,2015,7,27,5.5,10.4009453278708,4.59905467212921
2015-08-10,2015,8,10,6.5,13.5128971758849,5.98710282411511
2015-08-24,2015,8,24,7,25.8751671527362,0.124832847263801
2015-09-08,2015,9,8,7.5,20.6095205290201,9.39047947097985
2015-09-21,2015,9,21,9,23.9667666905748,8.03323330942519
2015-10-05,2015,10,5,13.5,19.5446145642746,3.45538543572544
