"start.date","Group","Biomass","TotalBiomass","PropBiomass"
1970-04-09,"Diazotroph",2.1552,962.24867,0.00223975368030387
1970-04-09,"Non-Diazotroph",960.09347,962.24867,0.997760246319696
1970-05-08,"Non-Diazotroph",592.54505,592.54505,1
1970-06-09,"Non-Diazotroph",2564.27599,2564.27599,1
1970-06-16,"Non-Diazotroph",1034.65194,1034.65194,1
1970-06-23,"Non-Diazotroph",1567.27446,1567.27446,1
1970-06-30,"Non-Diazotroph",7440.18088,7440.18088,1
1970-07-07,"Diazotroph",1.18,2636.01686,0.000447645088279139
1970-07-07,"Non-Diazotroph",2634.83686,2636.01686,0.999552354911721
1970-07-14,"Diazotroph",12.9312,3248.73936,0.00398037471371665
1970-07-14,"Non-Diazotroph",3235.80816,3248.73936,0.996019625286283
1970-07-28,"Diazotroph",8,9046.90802,0.000884280019462384
1970-07-28,"Non-Diazotroph",9038.90802,9046.90802,0.999115719980538
1970-08-04,"Diazotroph",5.0288,3602.01444,0.00139610767357168
1970-08-04,"Non-Diazotroph",3596.98564,3602.01444,0.998603892326428
1970-08-11,"Non-Diazotroph",4472.79434,4472.79434,1
1970-08-18,"Non-Diazotroph",11493.42857,11493.42857,1
1970-08-25,"Non-Diazotroph",14483.80759,14483.80759,1
1970-09-09,"Non-Diazotroph",11082.96748,11082.96748,1
1970-09-22,"Non-Diazotroph",9205.59039,9205.59039,1
1970-10-06,"Non-Diazotroph",1223.88751,1223.88751,1
1970-10-20,"Non-Diazotroph",1541.81682,1541.81682,1
1970-10-27,"Non-Diazotroph",1030.10025,1030.10025,1
1970-11-10,"Non-Diazotroph",1468.00012,1468.00012,1
1970-12-09,"Non-Diazotroph",1355.1913,1355.1913,1
1971-01-19,"Non-Diazotroph",444.54995,444.54995,1
1971-02-24,"Non-Diazotroph",370.86521,370.86521,1
1971-03-31,"Non-Diazotroph",179.9735,179.9735,1
1971-05-11,"Non-Diazotroph",530.93729,530.93729,1
1971-05-25,"Non-Diazotroph",1443.54016,1443.54016,1
1971-06-01,"Non-Diazotroph",1513.09181,1513.09181,1
1971-06-15,"Non-Diazotroph",17074.27748,17074.27748,1
1971-06-29,"Non-Diazotroph",3519.04418,3519.04418,1
1971-07-06,"Non-Diazotroph",7661.63533,7661.63533,1
1971-07-20,"Non-Diazotroph",8147.0086,8147.0086,1
1971-08-03,"Non-Diazotroph",1660.85643,1660.85643,1
1971-08-17,"Non-Diazotroph",9534.6635,9534.6635,1
1971-08-31,"Non-Diazotroph",14272.66523,14272.66523,1
1971-09-14,"Non-Diazotroph",3491.31584,3491.31584,1
1971-09-28,"Non-Diazotroph",2746.85754,2746.85754,1
1971-10-19,"Non-Diazotroph",1360.03719,1360.03719,1
1972-05-08,"Non-Diazotroph",1010.21702,1010.21702,1
1972-05-15,"Non-Diazotroph",1383.07632,1383.07632,1
1972-05-28,"Non-Diazotroph",12811.09086,12811.09086,1
1972-06-12,"Non-Diazotroph",22694.74738,22694.74738,1
1972-06-26,"Non-Diazotroph",56937.68428,56937.68428,1
1972-07-10,"Non-Diazotroph",48264.67477,48264.67477,1
1972-07-26,"Non-Diazotroph",40450.82637,40450.82637,1
1972-08-07,"Non-Diazotroph",11347.39354,11347.39354,1
1972-08-21,"Non-Diazotroph",22684.91107,22684.91107,1
1972-09-04,"Non-Diazotroph",23498.11174,23498.11174,1
1972-09-17,"Non-Diazotroph",10229.68414,10229.68414,1
1972-10-02,"Non-Diazotroph",9201.09107,9201.09107,1
1972-10-16,"Non-Diazotroph",4755.14566,4755.14566,1
1973-04-12,"Non-Diazotroph",3783.21155,3783.21155,1
1973-05-02,"Non-Diazotroph",2390.13797,2390.13797,1
1973-05-15,"Non-Diazotroph",1444.69751,1444.69751,1
1973-05-28,"Non-Diazotroph",6136.21006,6136.21006,1
1973-06-11,"Non-Diazotroph",14339.30336,14339.30336,1
1973-06-25,"Non-Diazotroph",15287.97018,15287.97018,1
1973-07-23,"Non-Diazotroph",25980.32703,25980.32703,1
1973-08-06,"Non-Diazotroph",10685.07456,10685.07456,1
1973-08-21,"Non-Diazotroph",14281.92192,14281.92192,1
1973-09-03,"Non-Diazotroph",4917.24967,4917.24967,1
1973-10-01,"Non-Diazotroph",8473.82798,8473.82798,1
1973-10-29,"Non-Diazotroph",3065.25605,3065.25605,1
1973-12-18,"Non-Diazotroph",515.00086,515.00086,1
1974-01-22,"Non-Diazotroph",312.76664,312.76664,1
1974-02-26,"Non-Diazotroph",257.84543,257.84543,1
1974-04-02,"Diazotroph",1.58048,251.46473,0.00628509612461358
1974-04-02,"Non-Diazotroph",249.88425,251.46473,0.993714903875386
1974-05-06,"Non-Diazotroph",1838.24976,1838.24976,1
1974-05-21,"Non-Diazotroph",1284.02515,1284.02515,1
1974-06-04,"Non-Diazotroph",4213.18943,4213.18943,1
1974-06-18,"Non-Diazotroph",12413.22431,12413.22431,1
1974-07-02,"Non-Diazotroph",17741.36584,17741.36584,1
1974-07-16,"Non-Diazotroph",24631.10582,24631.10582,1
1974-07-30,"Non-Diazotroph",3346.52221,3346.52221,1
1974-08-13,"Non-Diazotroph",13454.69778,13454.69778,1
1974-08-27,"Non-Diazotroph",7252.75935,7252.75935,1
1974-09-10,"Non-Diazotroph",11626.84836,11626.84836,1
1974-09-24,"Non-Diazotroph",9871.51492,9871.51492,1
1974-10-22,"Non-Diazotroph",5774.81018,5774.81018,1
1974-11-05,"Non-Diazotroph",4180.52369,4180.52369,1
1974-11-21,"Non-Diazotroph",4504.88821,4504.88821,1
1974-12-11,"Non-Diazotroph",4503.59754,4503.59754,1
1975-05-13,"Non-Diazotroph",1181.55004,1181.55004,1
1975-05-27,"Non-Diazotroph",5097.94994,5097.94994,1
1975-06-10,"Non-Diazotroph",9694.14616,9694.14616,1
1975-06-24,"Non-Diazotroph",12969.12432,12969.12432,1
1975-07-08,"Diazotroph",226.1931,7296.14401,0.0310017318312224
1975-07-08,"Non-Diazotroph",7069.95091,7296.14401,0.968998268168778
1975-07-22,"Diazotroph",11.9049,4708.94341,0.0025281467546878
1975-07-22,"Non-Diazotroph",4697.03851,4708.94341,0.997471853245312
1975-08-19,"Diazotroph",11.9049,3960.78627,0.00300569108971386
1975-08-19,"Non-Diazotroph",3948.88137,3960.78627,0.996994308910286
1975-09-02,"Diazotroph",232.14555,3294.28869,0.0704690972302127
1975-09-02,"Non-Diazotroph",3062.14314,3294.28869,0.929530902769787
1975-09-16,"Diazotroph",1047.6312,4372.38867,0.239601572291148
1975-09-16,"Non-Diazotroph",3324.75747,4372.38867,0.760398427708852
1975-09-23,"Diazotroph",1196.44245,4863.81616,0.245988419512961
1975-09-23,"Non-Diazotroph",3667.37371,4863.81616,0.754011580487039
1975-10-07,"Diazotroph",1208.34735,2985.13803,0.404787764537642
1975-10-07,"Non-Diazotroph",1776.79068,2985.13803,0.595212235462358
1975-10-14,"Diazotroph",291.67005,2598.28408,0.11225487322387
1975-10-14,"Non-Diazotroph",2306.61403,2598.28408,0.88774512677613
1975-10-21,"Non-Diazotroph",1429.54773,1429.54773,1
1975-10-28,"Non-Diazotroph",1948.06007,1948.06007,1
1975-10-30,"Diazotroph",1803.59235,3999.31968,0.450974789292163
1975-10-30,"Non-Diazotroph",2195.72733,3999.31968,0.549025210707837
1975-11-04,"Non-Diazotroph",3371.6692,3371.6692,1
1975-11-11,"Non-Diazotroph",2494.22998,2494.22998,1
1976-01-07,"Non-Diazotroph",795.34387,795.34387,1
1976-04-28,"Non-Diazotroph",5363.75139,5363.75139,1
1976-05-06,"Non-Diazotroph",3198.40442,3198.40442,1
1976-05-18,"Non-Diazotroph",7598.44023,7598.44023,1
1976-06-01,"Diazotroph",83.3343,9185.69439,0.00907218294685722
1976-06-01,"Non-Diazotroph",9102.36009,9185.69439,0.990927817053143
1976-06-15,"Diazotroph",83.3343,3692.34871,0.0225694555268589
1976-06-15,"Non-Diazotroph",3609.01441,3692.34871,0.977430544473141
1976-06-29,"Diazotroph",178.5735,3630.29868,0.0491897542711279
1976-06-29,"Non-Diazotroph",3451.72518,3630.29868,0.950810245728872
1976-07-13,"Diazotroph",339.28965,4633.06039,0.0732322960288459
1976-07-13,"Non-Diazotroph",4293.77074,4633.06039,0.926767703971154
1976-07-27,"Diazotroph",803.58075,14886.91873,0.0539789841386472
1976-07-27,"Non-Diazotroph",14083.33798,14886.91873,0.946021015861353
1976-08-10,"Diazotroph",1172.63265,6137.903,0.191047765010297
1976-08-10,"Non-Diazotroph",4965.27035,6137.903,0.808952234989702
1976-08-25,"Diazotroph",642.8646,5973.44488,0.107620412159893
1976-08-25,"Non-Diazotroph",5330.58028,5973.44488,0.892379587840107
1976-09-07,"Diazotroph",160.71615,6970.03037,0.0230581706920167
1976-09-07,"Non-Diazotroph",6809.31422,6970.03037,0.976941829307983
1976-09-21,"Diazotroph",59.5245,3597.39306,0.016546565528761
1976-09-21,"Non-Diazotroph",3537.86856,3597.39306,0.983453434471239
1976-10-05,"Non-Diazotroph",10297.36867,10297.36867,1
1976-10-19,"Non-Diazotroph",6221.33519,6221.33519,1
1977-05-02,"Non-Diazotroph",2566.6468,2566.6468,1
1977-05-16,"Diazotroph",5.95245,5595.0452,0.00106387880476819
1977-05-16,"Non-Diazotroph",5589.09275,5595.0452,0.998936121195232
1977-05-30,"Non-Diazotroph",5225.20215,5225.20215,1
1977-06-13,"Diazotroph",41.66715,4825.75454,0.00863432850855278
1977-06-13,"Non-Diazotroph",4784.08739,4825.75454,0.991365671491447
1977-06-27,"Diazotroph",255.95535,1595.93264,0.160379795227448
1977-06-27,"Non-Diazotroph",1339.97729,1595.93264,0.839620204772552
1977-07-25,"Diazotroph",708.34155,5771.10615,0.122739303625528
1977-07-25,"Non-Diazotroph",5062.7646,5771.10615,0.877260696374472
1977-08-08,"Diazotroph",14345.4045,19649.22582,0.730074794366631
1977-08-08,"Non-Diazotroph",5303.82132,19649.22582,0.269925205633369
1977-08-22,"Diazotroph",26238.3996,30965.40963,0.847345470753264
1977-08-22,"Non-Diazotroph",4727.01003,30965.40963,0.152654529246736
1977-09-05,"Diazotroph",47679.1245,52967.22156,0.90016283836958
1977-09-05,"Non-Diazotroph",5288.09706,52967.22156,0.0998371616304203
1977-09-19,"Diazotroph",9202.4877,13631.6913,0.67508040620022
1977-09-19,"Non-Diazotroph",4429.2036,13631.6913,0.32491959379978
1977-10-03,"Diazotroph",95.2392,4805.19549,0.0198200469051052
1977-10-03,"Non-Diazotroph",4709.95629,4805.19549,0.980179953094895
1977-10-17,"Non-Diazotroph",7954.46717,7954.46717,1
1977-10-31,"Diazotroph",113.09655,18920.25081,0.00597753968146261
1977-10-31,"Non-Diazotroph",18807.15426,18920.25081,0.994022460318537
1978-05-09,"Non-Diazotroph",2655.80152,2655.80152,1
1978-06-12,"Diazotroph",35.7147,4906.68234,0.00727878789071966
1978-06-12,"Non-Diazotroph",4870.96764,4906.68234,0.99272121210928
1978-07-31,"Diazotroph",1148.82285,5598.86686,0.205188456651387
1978-07-31,"Non-Diazotroph",4450.04401,5598.86686,0.794811543348613
1978-09-11,"Diazotroph",577.38765,2955.69765,0.195347331957313
1978-09-11,"Non-Diazotroph",2378.31,2955.69765,0.804652668042687
1978-09-27,"Diazotroph",494.05335,5799.75021,0.0851852807640141
1978-09-27,"Non-Diazotroph",5305.69686,5799.75021,0.914814719235986
1979-05-16,"Non-Diazotroph",2195.58847,2195.58847,1
1979-05-28,"Diazotroph",7.5432,1102.08148,0.00684450300353473
1979-05-28,"Non-Diazotroph",1094.53828,1102.08148,0.993155496996465
1979-06-14,"Diazotroph",7.5432,1084.41873,0.00695598461306547
1979-06-14,"Non-Diazotroph",1076.87553,1084.41873,0.993044015386934
1979-06-25,"Diazotroph",84.0528,1385.32494,0.060673707354175
1979-06-25,"Non-Diazotroph",1301.27214,1385.32494,0.939326292645825
1979-07-12,"Diazotroph",205.642,1800.99729,0.114182292856199
1979-07-12,"Non-Diazotroph",1595.35529,1800.99729,0.885817707143801
1979-07-23,"Diazotroph",2335.34455,8728.29832,0.267560120470309
1979-07-23,"Non-Diazotroph",6392.95377,8728.29832,0.73243987952969
1979-08-09,"Diazotroph",18779.97975,28279.43366,0.664086133258158
1979-08-09,"Non-Diazotroph",9499.45391,28279.43366,0.335913866741842
1979-08-20,"Diazotroph",35839.70145,51163.64573,0.700491549002053
1979-08-20,"Non-Diazotroph",15323.94428,51163.64573,0.299508450997946
1979-09-05,"Diazotroph",31829.7343,33281.22065,0.956387226139796
1979-09-05,"Non-Diazotroph",1451.48635,33281.22065,0.0436127738602039
1979-09-17,"Diazotroph",19266.0965,23145.86917,0.832377317891839
1979-09-17,"Non-Diazotroph",3879.77267,23145.86917,0.167622682108161
1979-10-03,"Diazotroph",839.29545,4874.82986,0.172169178023374
1979-10-03,"Non-Diazotroph",4035.53441,4874.82986,0.827830821976626
1979-10-17,"Diazotroph",118.05693,3199.30317,0.0369008261258341
1979-10-17,"Non-Diazotroph",3081.24624,3199.30317,0.963099173874166
1979-10-31,"Diazotroph",27.7781,2403.24347,0.0115585875283789
1979-10-31,"Non-Diazotroph",2375.46537,2403.24347,0.988441412471621
1980-05-05,"Diazotroph",282.74138,2671.91433,0.105819777537553
1980-05-05,"Non-Diazotroph",2389.17295,2671.91433,0.894180222462447
1980-05-19,"Diazotroph",77.38185,4826.32611,0.0160332825085456
1980-05-19,"Non-Diazotroph",4748.94426,4826.32611,0.983966717491454
1980-06-09,"Diazotroph",632.94385,4811.49195,0.131548354767589
1980-06-09,"Non-Diazotroph",4178.5481,4811.49195,0.868451645232411
1980-06-30,"Diazotroph",3714.3288,6012.32444,0.617785822616053
1980-06-30,"Non-Diazotroph",2297.99564,6012.32444,0.382214177383947
1980-07-21,"Diazotroph",1460.3344,2339.46296,0.624217790565062
1980-07-21,"Non-Diazotroph",879.12856,2339.46296,0.375782209434938
1980-08-04,"Diazotroph",2321.4555,3507.13031,0.661924506591829
1980-08-04,"Non-Diazotroph",1185.67481,3507.13031,0.338075493408171
1980-08-18,"Diazotroph",556.0416,963.79224,0.576930978402565
1980-08-18,"Non-Diazotroph",407.75064,963.79224,0.423069021597435
1980-09-01,"Diazotroph",266.1672,975.28593,0.272911965417157
1980-09-01,"Non-Diazotroph",709.11873,975.28593,0.727088034582843
1980-09-15,"Diazotroph",732.15135,1779.74255,0.411380483092906
1980-09-15,"Non-Diazotroph",1047.5912,1779.74255,0.588619516907094
1980-09-29,"Diazotroph",881.0826,2753.50198,0.319986187189885
1980-09-29,"Non-Diazotroph",1872.41938,2753.50198,0.680013812810115
1980-10-13,"Diazotroph",208.33575,3044.91058,0.0684209747794958
1980-10-13,"Non-Diazotroph",2836.57483,3044.91058,0.931579025220504
1980-10-27,"Diazotroph",119.049,3251.55171,0.0366129806989906
1980-10-27,"Non-Diazotroph",3132.50271,3251.55171,0.963387019301009
1981-04-21,"Non-Diazotroph",1502.71142,1502.71142,1
1981-05-04,"Non-Diazotroph",1120.36246,1120.36246,1
1981-05-18,"Non-Diazotroph",1844.73227,1844.73227,1
1981-06-01,"Diazotroph",23.8098,5405.13557,0.00440503289725997
1981-06-01,"Non-Diazotroph",5381.32577,5405.13557,0.99559496710274
1981-06-15,"Diazotroph",11.9049,3125.46937,0.00380899589491098
1981-06-15,"Non-Diazotroph",3113.56447,3125.46937,0.996191004105089
1981-06-29,"Diazotroph",29.76225,2094.82807,0.0142074905459902
1981-06-29,"Non-Diazotroph",2065.06582,2094.82807,0.98579250945401
1981-07-13,"Non-Diazotroph",2316.97077,2316.97077,1
1981-07-27,"Diazotroph",2136.92955,3294.25198,0.648684303135791
1981-07-27,"Non-Diazotroph",1157.32243,3294.25198,0.351315696864209
1981-08-10,"Diazotroph",2779.79415,3589.62026,0.774397832822573
1981-08-10,"Non-Diazotroph",809.82611,3589.62026,0.225602167177427
1981-08-24,"Diazotroph",2654.7927,3511.68476,0.755988330797665
1981-08-24,"Non-Diazotroph",856.89206,3511.68476,0.244011669202335
1981-09-08,"Diazotroph",2618.08593,4073.59661,0.642696413182649
1981-09-08,"Non-Diazotroph",1455.51068,4073.59661,0.357303586817351
1981-09-21,"Diazotroph",690.4842,1865.03316,0.37022623233144
1981-09-21,"Non-Diazotroph",1174.54896,1865.03316,0.62977376766856
1981-10-05,"Diazotroph",755.96115,2832.32913,0.266904415165903
1981-10-05,"Non-Diazotroph",2076.36798,2832.32913,0.733095584834097
1981-10-14,"Diazotroph",214.2882,3499.87817,0.0612273312359327
1981-10-14,"Non-Diazotroph",3285.58997,3499.87817,0.938772668764067
1982-05-04,"Non-Diazotroph",4870.41355,4870.41355,1
1982-05-17,"Non-Diazotroph",3542.57845,3542.57845,1
1982-05-31,"Diazotroph",17.85735,4988.09833,0.00357999157566727
1982-05-31,"Non-Diazotroph",4970.24098,4988.09833,0.996420008424333
1982-06-14,"Non-Diazotroph",3243.72375,3243.72375,1
1982-06-29,"Diazotroph",13447.0112,55425.78262,0.242612924244894
1982-06-29,"Non-Diazotroph",41978.77142,55425.78262,0.757387075755106
1982-07-12,"Diazotroph",47917.2225,55784.30393,0.858973207949823
1982-07-12,"Non-Diazotroph",7867.08143,55784.30393,0.141026792050177
1982-07-26,"Diazotroph",68484.9214,75776.61036,0.903773883189567
1982-07-26,"Non-Diazotroph",7291.68896,75776.61036,0.0962261168104326
1982-08-03,"Diazotroph",102445.6328,111073.6511,0.922321646812238
1982-08-03,"Non-Diazotroph",8628.0183,111073.6511,0.0776783531877615
1982-08-09,"Diazotroph",57099.8687,61874.00466,0.922841005908151
1982-08-09,"Non-Diazotroph",4774.13596,61874.00466,0.0771589940918494
1982-08-23,"Diazotroph",73500.8526,80760.05534,0.910113945446932
1982-08-23,"Non-Diazotroph",7259.20274,80760.05534,0.0898860545530676
1982-09-06,"Diazotroph",55060.1625,63754.40595,0.863629135579766
1982-09-06,"Non-Diazotroph",8694.24345,63754.40595,0.136370864420234
1982-09-15,"Diazotroph",69016.6736,78299.12698,0.881448826595844
1982-09-15,"Non-Diazotroph",9282.45338,78299.12698,0.118551173404156
1982-09-20,"Diazotroph",25309.8174,38953.01569,0.649752450527149
1982-09-20,"Non-Diazotroph",13643.19829,38953.01569,0.350247549472851
1982-09-28,"Diazotroph",7735.20878,20735.90295,0.37303457672674
1982-09-28,"Non-Diazotroph",13000.69417,20735.90295,0.62696542327326
1982-10-13,"Diazotroph",805.5649,8503.13473,0.0947374028025074
1982-10-13,"Non-Diazotroph",7697.56983,8503.13473,0.905262597197493
1982-10-25,"Diazotroph",230.1614,12384.44076,0.018584722916467
1982-10-25,"Non-Diazotroph",12154.27936,12384.44076,0.981415277083533
1983-05-09,"Non-Diazotroph",2967.27658,2967.27658,1
1983-05-16,"Non-Diazotroph",2665.83005,2665.83005,1
1983-05-30,"Non-Diazotroph",4550.03697,4550.03697,1
1983-06-13,"Diazotroph",930.56635,9043.0352,0.102904205216408
1983-06-13,"Non-Diazotroph",8112.46885,9043.0352,0.897095794783592
1983-06-27,"Diazotroph",13293.805,21121.10982,0.629408450280005
1983-06-27,"Non-Diazotroph",7827.30482,21121.10982,0.370591549719995
1983-07-11,"Diazotroph",11525.92735,28964.98566,0.397926223243986
1983-07-11,"Non-Diazotroph",17439.05831,28964.98566,0.602073776756014
1983-07-27,"Diazotroph",2986.14575,11417.86321,0.261532801284979
1983-07-27,"Non-Diazotroph",8431.71746,11417.86321,0.738467198715021
1983-08-08,"Diazotroph",1259.93525,16621.50219,0.0758015271783326
1983-08-08,"Non-Diazotroph",15361.56694,16621.50219,0.924198472821667
1983-08-22,"Diazotroph",308.1936,1125.15352,0.273912487959865
1983-08-22,"Non-Diazotroph",816.95992,1125.15352,0.726087512040135
1983-09-05,"Diazotroph",2865.1126,8544.28972,0.335324841957723
1983-09-05,"Non-Diazotroph",5679.17712,8544.28972,0.664675158042277
1983-09-19,"Diazotroph",162.7003,3085.08058,0.0527377797049308
1983-09-19,"Non-Diazotroph",2922.38028,3085.08058,0.947262220295069
1983-10-05,"Non-Diazotroph",3616.37876,3616.37876,1
1983-10-17,"Non-Diazotroph",3385.70455,3385.70455,1
1984-05-02,"Diazotroph",23.8098,7712.14078,0.00308731397405845
1984-05-02,"Non-Diazotroph",7688.33098,7712.14078,0.996912686025942
1984-05-14,"Non-Diazotroph",3515.90729,3515.90729,1
1984-05-28,"Non-Diazotroph",4105.06205,4105.06205,1
1984-06-11,"Non-Diazotroph",6473.32923,6473.32923,1
1984-06-25,"Diazotroph",17.85735,15402.2595,0.00115939807402933
1984-06-25,"Non-Diazotroph",15384.40215,15402.2595,0.998840601925971
1984-07-09,"Diazotroph",690.4842,5443.80849,0.126838444311255
1984-07-09,"Non-Diazotroph",4753.32429,5443.80849,0.873161555688745
1984-07-23,"Diazotroph",2199.39059,5746.20009,0.382755656877935
1984-07-23,"Non-Diazotroph",3546.8095,5746.20009,0.617244343122065
1984-08-06,"Diazotroph",3563.25562,5841.38527,0.610001815545373
1984-08-06,"Non-Diazotroph",2278.12965,5841.38527,0.389998184454627
1984-08-16,"Diazotroph",6419.47923,8164.80864,0.786237560859724
1984-08-16,"Non-Diazotroph",1745.32941,8164.80864,0.213762439140276
1984-08-29,"Diazotroph",9010.54103,9960.53521,0.904624183342453
1984-08-29,"Non-Diazotroph",949.99418,9960.53521,0.0953758166575469
1984-09-17,"Diazotroph",3593.81153,5208.38526,0.690004934466004
1984-09-17,"Non-Diazotroph",1614.57373,5208.38526,0.309995065533996
1984-10-01,"Diazotroph",714.294,3169.52363,0.225363203870482
1984-10-01,"Non-Diazotroph",2455.22963,3169.52363,0.774636796129518
1984-10-17,"Diazotroph",526.19658,5756.74314,0.0914052559239251
1984-10-17,"Non-Diazotroph",5230.54656,5756.74314,0.908594744076075
1984-10-29,"Diazotroph",146.15249,8770.89762,0.0166633446577615
1984-10-29,"Non-Diazotroph",8624.74513,8770.89762,0.983336655342238
1985-04-30,"Non-Diazotroph",1738.79572,1738.79572,1
1985-05-08,"Non-Diazotroph",2994.59037,2994.59037,1
1985-05-20,"Diazotroph",11.9049,2442.30357,0.00487445547156122
1985-05-20,"Non-Diazotroph",2430.39867,2442.30357,0.995125544528439
1985-06-03,"Non-Diazotroph",4932.38973,4932.38973,1
1985-06-17,"Diazotroph",309.5274,7767.50661,0.0398490037461326
1985-06-17,"Non-Diazotroph",7457.97921,7767.50661,0.960150996253867
1985-07-01,"Diazotroph",325.4006,6326.30774,0.0514361003879966
1985-07-01,"Non-Diazotroph",6000.90714,6326.30774,0.948563899612003
1985-07-15,"Diazotroph",571.8464,2100.6893,0.272218457055977
1985-07-15,"Non-Diazotroph",1528.8429,2100.6893,0.727781542944023
1985-07-29,"Diazotroph",3571.47,7374.81895,0.484279007283291
1985-07-29,"Non-Diazotroph",3803.34895,7374.81895,0.515720992716709
1985-08-12,"Diazotroph",753.977,5148.18396,0.146454945250247
1985-08-12,"Non-Diazotroph",4394.20696,5148.18396,0.853545054749753
1985-08-26,"Diazotroph",119.049,6373.73817,0.0186780499645156
1985-08-26,"Non-Diazotroph",6254.68917,6373.73817,0.981321950035484
1985-09-10,"Diazotroph",432.5447,3479.49481,0.124312500411518
1985-09-10,"Non-Diazotroph",3046.95011,3479.49481,0.875687499588482
1985-09-23,"Diazotroph",317.464,2598.68907,0.122163133583349
1985-09-23,"Non-Diazotroph",2281.22507,2598.68907,0.877836866416651
1985-10-07,"Diazotroph",392.8617,3779.76447,0.103938143002863
1985-10-07,"Non-Diazotroph",3386.90277,3779.76447,0.896061856997137
1985-10-22,"Non-Diazotroph",2365.58714,2365.58714,1
1986-04-30,"Non-Diazotroph",1882.55168,1882.55168,1
1986-05-06,"Non-Diazotroph",326.54542,326.54542,1
1986-05-19,"Non-Diazotroph",4690.50126,4690.50126,1
1986-06-02,"Non-Diazotroph",7614.17658,7614.17658,1
1986-06-18,"Diazotroph",396.83,4954.60296,0.0800931988302045
1986-06-18,"Non-Diazotroph",4557.77296,4954.60296,0.919906801169796
1986-06-30,"Diazotroph",1674.6226,3476.41929,0.481709040338457
1986-06-30,"Non-Diazotroph",1801.79669,3476.41929,0.518290959661543
1986-07-14,"Diazotroph",4797.28445,7261.95628,0.660604975440585
1986-07-14,"Non-Diazotroph",2464.67183,7261.95628,0.339395024559415
1986-07-30,"Diazotroph",5265.19368,7599.42672,0.692840904188625
1986-07-30,"Non-Diazotroph",2334.23304,7599.42672,0.307159095811375
1986-08-11,"Diazotroph",3417.43763,6796.41012,0.502829813042536
1986-08-11,"Non-Diazotroph",3378.97249,6796.41012,0.497170186957464
1986-08-25,"Diazotroph",11333.26093,13841.99247,0.818759362466262
1986-08-25,"Non-Diazotroph",2508.73154,13841.99247,0.181240637533738
1986-09-09,"Diazotroph",11856.1849,14213.67956,0.834139031343127
1986-09-09,"Non-Diazotroph",2357.49466,14213.67956,0.165860968656873
1986-09-22,"Diazotroph",5409.62624,7962.88825,0.679354785620657
1986-09-22,"Non-Diazotroph",2553.26201,7962.88825,0.320645214379343
1986-10-21,"Diazotroph",532.14903,2674.03444,0.199006049450881
1986-10-21,"Non-Diazotroph",2141.88541,2674.03444,0.800993950549119
1987-05-06,"Diazotroph",1058.74244,3686.76663,0.287173707005154
1987-05-06,"Non-Diazotroph",2628.02419,3686.76663,0.712826292994846
1987-05-20,"Diazotroph",11681.98798,14690.65526,0.795198564886887
1987-05-20,"Non-Diazotroph",3008.66728,14690.65526,0.204801435113113
1987-06-03,"Diazotroph",14629.51893,17532.22608,0.834435904673207
1987-06-03,"Non-Diazotroph",2902.70715,17532.22608,0.165564095326793
1987-06-17,"Diazotroph",18574.67535,20635.55912,0.900129492105567
1987-06-17,"Non-Diazotroph",2060.88377,20635.55912,0.099870507894433
1987-06-30,"Diazotroph",25085.3127,26118.15198,0.960455116396026
1987-06-30,"Non-Diazotroph",1032.83928,26118.15198,0.0395448836039739
1987-07-15,"Diazotroph",39237.366,39783.76062,0.986265888103969
1987-07-15,"Non-Diazotroph",546.39462,39783.76062,0.0137341118960312
1987-07-28,"Diazotroph",43320.16448,43937.64646,0.985946402919825
1987-07-28,"Non-Diazotroph",617.48198,43937.64646,0.0140535970801746
1987-08-11,"Diazotroph",35327.82365,35655.32449,0.990814812522829
1987-08-11,"Non-Diazotroph",327.50084,35655.32449,0.00918518747717054
1987-08-26,"Diazotroph",25763.1941,26833.33936,0.9601188191435
1987-08-26,"Non-Diazotroph",1070.14526,26833.33936,0.0398811808565
1987-09-16,"Diazotroph",5860.11598,8485.6895,0.690588075370894
1987-09-16,"Non-Diazotroph",2625.57352,8485.6895,0.309411924629106
1987-09-29,"Diazotroph",5730.0873,8653.05167,0.662204216330538
1987-09-29,"Non-Diazotroph",2922.96437,8653.05167,0.337795783669462
1987-10-19,"Diazotroph",1325.4122,3269.0295,0.405445163465181
1987-10-19,"Non-Diazotroph",1943.6173,3269.0295,0.594554836534819
1988-05-11,"Diazotroph",154.08909,2104.31928,0.0732251476591518
1988-05-11,"Non-Diazotroph",1950.23019,2104.31928,0.926774852340848
1988-05-23,"Diazotroph",222.89941,2846.08462,0.0783179138222531
1988-05-23,"Non-Diazotroph",2623.18521,2846.08462,0.921682086177747
1988-06-06,"Diazotroph",874.61332,3084.46774,0.28355405007413
1988-06-06,"Non-Diazotroph",2209.85442,3084.46774,0.71644594992587
1988-06-20,"Diazotroph",4619.1012,8456.32823,0.546230121911907
1988-06-20,"Non-Diazotroph",3837.22703,8456.32823,0.453769878088093
1988-07-04,"Diazotroph",3576.23196,12449.91477,0.287249513435826
1988-07-04,"Non-Diazotroph",8873.68281,12449.91477,0.712750486564174
1988-07-18,"Diazotroph",4523.862,11641.17949,0.388608560145137
1988-07-18,"Non-Diazotroph",7117.31749,11641.17949,0.611391439854863
1988-08-01,"Diazotroph",1140.88625,9893.19258,0.115320331710353
1988-08-01,"Non-Diazotroph",8752.30633,9893.19258,0.884679668289647
1988-08-15,"Diazotroph",833.343,9064.3891,0.0919359253896106
1988-08-15,"Non-Diazotroph",8231.0461,9064.3891,0.908064074610389
1988-08-29,"Diazotroph",481.15638,9586.00638,0.0501936219241281
1988-08-29,"Non-Diazotroph",9104.85,9586.00638,0.949806378075872
1988-09-13,"Diazotroph",347.22625,82503.47015,0.00420862600529052
1988-09-13,"Non-Diazotroph",82156.2439,82503.47015,0.995791373994709
1988-10-04,"Non-Diazotroph",3655.82983,3655.82983,1
1988-10-19,"Non-Diazotroph",3692.79222,3692.79222,1
1989-05-17,"Non-Diazotroph",1508.67105,1508.67105,1
1989-05-31,"Non-Diazotroph",3498.22403,3498.22403,1
1989-06-14,"Diazotroph",442.86228,2905.66025,0.15241364849865
1989-06-14,"Non-Diazotroph",2462.79797,2905.66025,0.84758635150135
1989-06-28,"Diazotroph",1050.96457,4446.40259,0.236362890837557
1989-06-28,"Non-Diazotroph",3395.43802,4446.40259,0.763637109162443
1989-07-12,"Diazotroph",44232.60535,47278.86088,0.935568339141423
1989-07-12,"Non-Diazotroph",3046.25553,47278.86088,0.0644316608585769
1989-07-26,"Diazotroph",21249.53221,22164.86407,0.958703475143847
1989-07-26,"Non-Diazotroph",915.33186,22164.86407,0.0412965248561527
1989-08-09,"Diazotroph",12793.24364,14394.98898,0.88872896379251
1989-08-09,"Non-Diazotroph",1601.74534,14394.98898,0.11127103620749
1989-08-23,"Diazotroph",19362.40714,23339.30559,0.829605108229786
1989-08-23,"Non-Diazotroph",3976.89845,23339.30559,0.170394891770214
1989-09-06,"Diazotroph",7457.82461,12505.80684,0.596348936571293
1989-09-06,"Non-Diazotroph",5047.98223,12505.80684,0.403651063428707
1989-10-18,"Diazotroph",162.9384,3275.58899,0.0497432371696914
1989-10-18,"Non-Diazotroph",3112.65059,3275.58899,0.950256762830309
1990-05-17,"Diazotroph",15.47637,2418.31803,0.00639964215128479
1990-05-17,"Non-Diazotroph",2402.84166,2418.31803,0.993600357848715
1990-05-30,"Diazotroph",8.65,3011.942,0.00287190125175053
1990-05-30,"Non-Diazotroph",3003.292,3011.942,0.997128098748249
1990-06-14,"Diazotroph",120.79505,5992.27059,0.0201584771891952
1990-06-14,"Non-Diazotroph",5871.47554,5992.27059,0.979841522810805
1990-06-28,"Diazotroph",767.38986,2591.09262,0.296164580948094
1990-06-28,"Non-Diazotroph",1823.70276,2591.09262,0.703835419051906
1990-07-12,"Diazotroph",16057.52753,17833.92148,0.900392409376022
1990-07-12,"Non-Diazotroph",1776.39395,17833.92148,0.0996075906239776
1990-07-26,"Diazotroph",12875.78428,15007.44823,0.857959599971247
1990-07-26,"Non-Diazotroph",2131.66395,15007.44823,0.142040400028753
1990-08-09,"Diazotroph",15737.08731,19469.6679,0.808287403299776
1990-08-09,"Non-Diazotroph",3732.58059,19469.6679,0.191712596700224
1990-08-23,"Diazotroph",3759.96425,12200.31919,0.308185727885042
1990-08-23,"Non-Diazotroph",8440.35494,12200.31919,0.691814272114958
1990-09-06,"Diazotroph",2829.3979,9329.9432,0.303259927670299
1990-09-06,"Non-Diazotroph",6500.5453,9329.9432,0.696740072329701
1990-09-20,"Diazotroph",579.3718,2465.64887,0.234977415904317
1990-09-20,"Non-Diazotroph",1886.27707,2465.64887,0.765022584095683
1990-10-18,"Diazotroph",83.92955,1489.81226,0.0563356553395526
1990-10-18,"Non-Diazotroph",1405.88271,1489.81226,0.943664344660447
1991-05-15,"Non-Diazotroph",4821.08091,4821.08091,1
1991-05-29,"Non-Diazotroph",2534.85399,2534.85399,1
1991-06-12,"Diazotroph",924.6139,6263.10873,0.147628588271371
1991-06-12,"Non-Diazotroph",5338.49483,6263.10873,0.852371411728629
1991-06-26,"Diazotroph",9924.91672,11276.69391,0.880126462526285
1991-06-26,"Non-Diazotroph",1351.77719,11276.69391,0.119873537473715
1991-07-10,"Diazotroph",25236.91973,26466.673,0.953535781773553
1991-07-10,"Non-Diazotroph",1229.75327,26466.673,0.0464642182264465
1991-07-24,"Diazotroph",3734.1703,5491.4987,0.679991110623408
1991-07-24,"Non-Diazotroph",1757.3284,5491.4987,0.320008889376592
1991-08-07,"Diazotroph",1069.45685,3211.80661,0.3329767261423
1991-08-07,"Non-Diazotroph",2142.34976,3211.80661,0.6670232738577
1991-08-21,"Diazotroph",2851.22355,3480.55196,0.819187181449232
1991-08-21,"Non-Diazotroph",629.32841,3480.55196,0.180812818550768
1991-09-04,"Diazotroph",3035.7495,4596.20718,0.660490134824601
1991-09-04,"Non-Diazotroph",1560.45768,4596.20718,0.339509865175399
1991-09-19,"Diazotroph",1162.7119,3290.54853,0.353348959724961
1991-09-19,"Non-Diazotroph",2127.83663,3290.54853,0.646651040275039
1991-10-02,"Diazotroph",45.63545,1216.5806,0.0375112425761187
1991-10-02,"Non-Diazotroph",1170.94515,1216.5806,0.962488757423881
1991-10-16,"Non-Diazotroph",1135.34487,1135.34487,1
1992-05-13,"Non-Diazotroph",3626.55919,3626.55919,1
1992-05-27,"Diazotroph",11.8,2549.95472,0.00462753315086317
1992-05-27,"Non-Diazotroph",2538.15472,2549.95472,0.995372466849137
1992-06-10,"Diazotroph",265.8761,1933.78908,0.137489710098063
1992-06-10,"Non-Diazotroph",1667.91298,1933.78908,0.862510289901937
1992-06-24,"Diazotroph",6061.57825,8072.23689,0.750916794514438
1992-06-24,"Non-Diazotroph",2010.65864,8072.23689,0.249083205485562
1992-07-08,"Diazotroph",30636.86332,33992.99557,0.901269888289519
1992-07-08,"Non-Diazotroph",3356.13225,33992.99557,0.0987301117104814
1992-07-13,"Diazotroph",35784.14525,38233.97526,0.93592531267438
1992-07-13,"Non-Diazotroph",2449.83001,38233.97526,0.0640746873256202
1992-07-22,"Diazotroph",43877.4931,46920.26624,0.935150130554758
1992-07-22,"Non-Diazotroph",3042.77314,46920.26624,0.0648498694452421
1992-07-27,"Diazotroph",29464.6275,32425.73759,0.908680254943123
1992-07-27,"Non-Diazotroph",2961.11009,32425.73759,0.0913197450568772
1992-08-05,"Diazotroph",19643.085,22519.71424,0.872261734347833
1992-08-05,"Non-Diazotroph",2876.62924,22519.71424,0.127738265652167
1992-08-13,"Diazotroph",11587.436,15831.01943,0.731945030529218
1992-08-13,"Non-Diazotroph",4243.58343,15831.01943,0.268054969470782
1992-08-19,"Diazotroph",9762.018,12746.62728,0.765851058916347
1992-08-19,"Non-Diazotroph",2984.60928,12746.62728,0.234148941083653
1992-09-02,"Diazotroph",8412.796,11836.68482,0.710739208480504
1992-09-02,"Non-Diazotroph",3423.88882,11836.68482,0.289260791519496
1992-09-16,"Diazotroph",3650.836,5801.04104,0.629341522465768
1992-09-16,"Non-Diazotroph",2150.20504,5801.04104,0.370658477534232
1992-10-07,"Diazotroph",396.83,3390.99772,0.117024555239158
1992-10-07,"Non-Diazotroph",2994.16772,3390.99772,0.882975444760842
1993-05-03,"Non-Diazotroph",2880.95113,2880.95113,1
1993-05-17,"Diazotroph",30.00035,1146.53402,0.0261661228334071
1993-05-17,"Non-Diazotroph",1116.53367,1146.53402,0.973833877166593
1993-05-31,"Diazotroph",182.5418,3084.81552,0.0591743003160202
1993-05-31,"Non-Diazotroph",2902.27372,3084.81552,0.94082569968398
1993-06-15,"Diazotroph",11825.534,14477.66329,0.816812337952916
1993-06-15,"Non-Diazotroph",2652.12929,14477.66329,0.183187662047084
1993-06-28,"Diazotroph",3869.88616,10525.33282,0.367673519325349
1993-06-28,"Non-Diazotroph",6655.44666,10525.33282,0.632326480674651
1993-07-12,"Diazotroph",12666.8136,17276.54614,0.733179739593483
1993-07-12,"Non-Diazotroph",4609.73254,17276.54614,0.266820260406517
1993-07-26,"Diazotroph",19119.2694,34079.91149,0.561012883076593
1993-07-26,"Non-Diazotroph",14960.64209,34079.91149,0.438987116923407
1993-08-09,"Diazotroph",7595.3262,12249.9858,0.620027347297007
1993-08-09,"Non-Diazotroph",4654.6596,12249.9858,0.379972652702993
1993-08-23,"Diazotroph",6190.548,19360.39523,0.319753183055241
1993-08-23,"Non-Diazotroph",13169.84723,19360.39523,0.680246816944759
1993-09-02,"Diazotroph",3492.104,11848.95804,0.294718234988365
1993-09-02,"Non-Diazotroph",8356.85404,11848.95804,0.705281765011635
1993-09-07,"Diazotroph",5357.205,11899.24031,0.450214035554678
1993-09-07,"Non-Diazotroph",6542.03531,11899.24031,0.549785964445322
1993-10-04,"Diazotroph",232.85984,3240.53236,0.0718585140128025
1993-10-04,"Non-Diazotroph",3007.67252,3240.53236,0.928141485987197
1994-05-18,"Non-Diazotroph",1061.52068,1061.52068,1
1994-06-01,"Diazotroph",85.31845,2345.8717,0.0363696147577039
1994-06-01,"Non-Diazotroph",2260.55325,2345.8717,0.963630385242296
1994-06-15,"Diazotroph",2268.71679,4236.44102,0.535524224057296
1994-06-15,"Non-Diazotroph",1967.72423,4236.44102,0.464475775942704
1994-06-27,"Diazotroph",13444.6004,14589.57294,0.921521175108502
1994-06-27,"Non-Diazotroph",1144.97254,14589.57294,0.0784788248914982
1994-07-12,"Diazotroph",28198.7398,32977.51892,0.855089792182583
1994-07-12,"Non-Diazotroph",4778.77912,32977.51892,0.144910207817417
1994-07-27,"Diazotroph",2512.13232,19332.39404,0.12994419184723
1994-07-27,"Non-Diazotroph",16820.26172,19332.39404,0.87005580815277
1994-08-10,"Diazotroph",523.8156,18516.05065,0.0282898124390257
1994-08-10,"Non-Diazotroph",17992.23505,18516.05065,0.971710187560974
1994-08-23,"Diazotroph",914.69315,3664.87117,0.249583984694338
1994-08-23,"Non-Diazotroph",2750.17802,3664.87117,0.750416015305662
1994-09-07,"Diazotroph",3588.93052,5853.37918,0.613138224884314
1994-09-07,"Non-Diazotroph",2264.44866,5853.37918,0.386861775115686
1994-09-21,"Diazotroph",4103.2222,5396.51389,0.760346824568258
1994-09-21,"Non-Diazotroph",1293.29169,5396.51389,0.239653175431742
1994-10-19,"Diazotroph",373.61545,3641.75956,0.102592014613947
1994-10-19,"Non-Diazotroph",3268.14411,3641.75956,0.897407985386053
1995-05-16,"Non-Diazotroph",737.41987,737.41987,1
1995-05-30,"Diazotroph",8,2489.24725,0.00321382297399344
1995-05-30,"Non-Diazotroph",2481.24725,2489.24725,0.996786177026007
1995-06-13,"Diazotroph",317.464,2958.15043,0.107318409767282
1995-06-13,"Non-Diazotroph",2640.68643,2958.15043,0.892681590232719
1995-06-27,"Diazotroph",20555.794,20707.17201,0.992689585524914
1995-06-27,"Non-Diazotroph",151.37801,20707.17201,0.00731041447508602
1995-07-11,"Diazotroph",12484.2718,13047.24488,0.956851190793316
1995-07-11,"Non-Diazotroph",562.97308,13047.24488,0.0431488092066836
1995-07-25,"Diazotroph",13333.488,14658.09532,0.909633053198074
1995-07-25,"Non-Diazotroph",1324.60732,14658.09532,0.090366946801926
1995-08-08,"Diazotroph",6508.012,13185.6118,0.493569210038475
1995-08-08,"Non-Diazotroph",6677.5998,13185.6118,0.506430789961525
1995-08-22,"Diazotroph",2857.176,9453.61924,0.302230915743969
1995-08-22,"Non-Diazotroph",6596.44324,9453.61924,0.697769084256031
1995-09-05,"Diazotroph",1413.82592,7782.55332,0.181666075626707
1995-09-05,"Non-Diazotroph",6368.7274,7782.55332,0.818333924373293
1995-10-03,"Diazotroph",1279.06246,3639.79687,0.351410396152135
1995-10-03,"Non-Diazotroph",2360.73441,3639.79687,0.648589603847865
1996-05-21,"Diazotroph",33.32658,473.55336,0.0703755538763361
1996-05-21,"Non-Diazotroph",440.22678,473.55336,0.929624446123664
1996-06-02,"Non-Diazotroph",1281.70162,1281.70162,1
1996-06-17,"Non-Diazotroph",177.09892,177.09892,1
1996-06-26,"Non-Diazotroph",292.32417,292.32417,1
1996-07-02,"Non-Diazotroph",949.49664,949.49664,1
1996-07-09,"Non-Diazotroph",406.34543,406.34543,1
1996-07-15,"Non-Diazotroph",1583.40007,1583.40007,1
1996-07-22,"Non-Diazotroph",1660.55099,1660.55099,1
1996-07-29,"Non-Diazotroph",1368.40028,1368.40028,1
1996-08-06,"Non-Diazotroph",4253.42868,4253.42868,1
1996-08-12,"Non-Diazotroph",4507.94984,4507.94984,1
1996-08-20,"Non-Diazotroph",1158.56184,1158.56184,1
1996-08-26,"Non-Diazotroph",1416.77938,1416.77938,1
1996-09-09,"Non-Diazotroph",2276.52641,2276.52641,1
1996-09-23,"Non-Diazotroph",1044.47638,1044.47638,1
1996-10-07,"Non-Diazotroph",2096.06756,2096.06756,1
1997-05-22,"Non-Diazotroph",2355.67727,2355.67727,1
1997-05-26,"Non-Diazotroph",409.03648,409.03648,1
1997-06-02,"Diazotroph",5.453,870.51241,0.00626412666535104
1997-06-02,"Non-Diazotroph",865.05941,870.51241,0.993735873334649
1997-06-09,"Diazotroph",767.15176,1915.21327,0.400556831981433
1997-06-09,"Non-Diazotroph",1148.06151,1915.21327,0.599443168018567
1997-06-18,"Diazotroph",11094.37473,11544.73872,0.960989676689712
1997-06-18,"Non-Diazotroph",450.36399,11544.73872,0.039010323310288
1997-06-23,"Diazotroph",22291.92525,25186.39234,0.88507813858664
1997-06-23,"Non-Diazotroph",2894.46709,25186.39234,0.11492186141336
1997-07-02,"Diazotroph",20535.9525,20775.78736,0.98845603991588
1997-07-02,"Non-Diazotroph",239.83486,20775.78736,0.0115439600841198
1997-07-07,"Diazotroph",16964.4825,19309.70812,0.878546811509236
1997-07-07,"Non-Diazotroph",2345.22562,19309.70812,0.121453188490764
1997-07-14,"Diazotroph",24077.66025,24400.12431,0.986784327165586
1997-07-14,"Non-Diazotroph",322.46406,24400.12431,0.0132156728344143
1997-07-21,"Diazotroph",12906.49892,13125.35066,0.983326027192023
1997-07-21,"Non-Diazotroph",218.85174,13125.35066,0.0166739728079768
1997-07-28,"Diazotroph",9047.724,9690.31082,0.933687697749204
1997-07-28,"Non-Diazotroph",642.58682,9690.31082,0.0663123022507961
1997-08-05,"Diazotroph",3809.568,4994.08499,0.762816012868856
1997-08-05,"Non-Diazotroph",1184.51699,4994.08499,0.237183987131144
1997-08-11,"Diazotroph",1984.15,4887.04084,0.406002336579614
1997-08-11,"Non-Diazotroph",2902.89084,4887.04084,0.593997663420386
1997-08-18,"Diazotroph",1587.32,5574.39006,0.284752229914819
1997-08-18,"Non-Diazotroph",3987.07006,5574.39006,0.715247770085181
1997-08-25,"Diazotroph",1428.588,4801.35323,0.297538617045262
1997-08-25,"Non-Diazotroph",3372.76523,4801.35323,0.702461382954738
1997-09-04,"Diazotroph",4047.666,6764.99911,0.598324690688688
1997-09-04,"Non-Diazotroph",2717.33311,6764.99911,0.401675309311312
1997-09-08,"Diazotroph",3204.00542,7233.37756,0.442947349757863
1997-09-08,"Non-Diazotroph",4029.37214,7233.37756,0.557052650242137
1997-10-15,"Diazotroph",1365.0952,10425.16061,0.130942366364176
1997-10-15,"Non-Diazotroph",9060.06541,10425.16061,0.869057633635824
1998-04-22,"Non-Diazotroph",10053.80209,10053.80209,1
1998-05-06,"Diazotroph",30,18376.38448,0.00163253005685915
1998-05-06,"Non-Diazotroph",18346.38448,18376.38448,0.998367469943141
1998-05-20,"Diazotroph",1428.588,6937.68266,0.205917172925289
1998-05-20,"Non-Diazotroph",5509.09466,6937.68266,0.794082827074711
1998-06-03,"Diazotroph",8922.48445,12563.47907,0.710192168927615
1998-06-03,"Non-Diazotroph",3640.99462,12563.47907,0.289807831072385
1998-06-17,"Diazotroph",32311.60497,34189.80139,0.945065594310549
1998-06-17,"Non-Diazotroph",1878.19642,34189.80139,0.0549344056894505
1998-07-01,"Diazotroph",27131.90203,29796.8536,0.910562651823077
1998-07-01,"Non-Diazotroph",2664.95157,29796.8536,0.0894373481769229
1998-07-15,"Diazotroph",6224.23887,6927.93753,0.898425951886434
1998-07-15,"Non-Diazotroph",703.69866,6927.93753,0.101574048113566
1998-07-29,"Diazotroph",1587.32,2680.34856,0.592206559881152
1998-07-29,"Non-Diazotroph",1093.02856,2680.34856,0.407793440118848
1998-08-13,"Diazotroph",4127.032,7327.74373,0.563206377305992
1998-08-13,"Non-Diazotroph",3200.71173,7327.74373,0.436793622694008
1998-08-26,"Diazotroph",3084.51991,4852.72523,0.635626326199392
1998-08-26,"Non-Diazotroph",1768.20532,4852.72523,0.364373673800608
1998-09-09,"Diazotroph",1746.052,8056.38005,0.216729100311001
1998-09-09,"Non-Diazotroph",6310.32805,8056.38005,0.783270899688999
1998-10-07,"Diazotroph",20.00023,1859.86395,0.0107535984016465
1998-10-07,"Non-Diazotroph",1839.86372,1859.86395,0.989246401598353
1999-05-12,"Diazotroph",97.22335,21042.7441,0.00462027906331855
1999-05-12,"Non-Diazotroph",20945.52075,21042.7441,0.995379720936681
1999-05-27,"Non-Diazotroph",1827.62871,1827.62871,1
1999-06-09,"Diazotroph",952.392,3652.54235,0.260747695368953
1999-06-09,"Non-Diazotroph",2700.15035,3652.54235,0.739252304631047
1999-06-23,"Diazotroph",24000.2784,26004.9842,0.922910708786356
1999-06-23,"Non-Diazotroph",2004.7058,26004.9842,0.0770892912136436
1999-07-07,"Diazotroph",24936.7972,26595.07041,0.937647346503115
1999-07-07,"Non-Diazotroph",1658.27321,26595.07041,0.0623526534968854
1999-07-20,"Diazotroph",27119.3622,34462.3442,0.786927379130523
1999-07-20,"Non-Diazotroph",7342.982,34462.3442,0.213072620869476
1999-08-05,"Diazotroph",6190.548,7128.81287,0.868384135323782
1999-08-05,"Non-Diazotroph",938.26487,7128.81287,0.131615864676218
1999-08-17,"Diazotroph",1666.686,7375.12016,0.225987640044091
1999-08-17,"Non-Diazotroph",5708.43416,7375.12016,0.774012359955909
1999-09-01,"Diazotroph",1428.588,3403.2141,0.419776116936046
1999-09-01,"Non-Diazotroph",1974.6261,3403.2141,0.580223883063954
1999-09-15,"Diazotroph",79.366,5351.36069,0.014830994320437
1999-09-15,"Non-Diazotroph",5271.99469,5351.36069,0.985169005679563
1999-10-20,"Non-Diazotroph",1555.24933,1555.24933,1
2000-05-03,"Non-Diazotroph",11145.91107,11145.91107,1
2000-05-17,"Non-Diazotroph",2060.17724,2060.17724,1
2000-05-31,"Diazotroph",238.098,12823.60425,0.0185671668712016
2000-05-31,"Non-Diazotroph",12585.50625,12823.60425,0.981432833128798
2000-06-14,"Diazotroph",277.781,2605.22863,0.106624423208492
2000-06-14,"Non-Diazotroph",2327.44763,2605.22863,0.893375576791508
2000-06-28,"Diazotroph",1178.176,2579.90268,0.456674590531454
2000-06-28,"Non-Diazotroph",1401.72668,2579.90268,0.543325409468546
2000-07-12,"Diazotroph",26716.57975,28471.8957,0.938349171811556
2000-07-12,"Non-Diazotroph",1755.31595,28471.8957,0.0616508281884441
2000-07-26,"Diazotroph",1693.9879,6166.65883,0.274701089633655
2000-07-26,"Non-Diazotroph",4472.67093,6166.65883,0.725298910366345
2000-08-10,"Diazotroph",2684.03907,8798.43541,0.305058677472294
2000-08-10,"Non-Diazotroph",6114.39634,8798.43541,0.694941322527706
2000-08-22,"Diazotroph",875.24825,13972.3843,0.0626412952297626
2000-08-22,"Non-Diazotroph",13097.13605,13972.3843,0.937358704770237
2000-09-06,"Diazotroph",2670.82463,9985.32755,0.26747491423053
2000-09-06,"Non-Diazotroph",7314.50292,9985.32755,0.73252508576947
2000-10-04,"Diazotroph",714.294,4730.84856,0.150986443751224
2000-10-04,"Non-Diazotroph",4016.55456,4730.84856,0.849013556248776
2001-05-16,"Diazotroph",66.66744,1842.18359,0.0361893572181913
2001-05-16,"Non-Diazotroph",1775.51615,1842.18359,0.963810642781809
2001-05-30,"Diazotroph",15.344,3325.44709,0.00461411641344142
2001-05-30,"Non-Diazotroph",3310.10309,3325.44709,0.995385883586559
2001-06-13,"Diazotroph",2888.9224,6575.86941,0.439321741336101
2001-06-13,"Non-Diazotroph",3686.94701,6575.86941,0.560678258663899
2001-06-27,"Diazotroph",22681.09644,23993.7704,0.94529105104715
2001-06-27,"Non-Diazotroph",1312.67396,23993.7704,0.0547089489528499
2001-07-11,"Diazotroph",22829.6299,25359.22275,0.900249590654351
2001-07-11,"Non-Diazotroph",2529.59285,25359.22275,0.0997504093456492
2001-07-25,"Diazotroph",6587.378,7881.20254,0.835834121324333
2001-07-25,"Non-Diazotroph",1293.82454,7881.20254,0.164165878675667
2001-08-09,"Diazotroph",952.392,3435.95257,0.277184268582613
2001-08-09,"Non-Diazotroph",2483.56057,3435.95257,0.722815731417387
2001-08-22,"Diazotroph",1619.0664,5926.49733,0.273191112700628
2001-08-22,"Non-Diazotroph",4307.43093,5926.49733,0.726808887299372
2001-09-06,"Diazotroph",4571.4816,10846.55343,0.421468591797644
2001-09-06,"Non-Diazotroph",6275.07183,10846.55343,0.578531408202356
2001-09-17,"Diazotroph",283.4519,3001.14501,0.0944479187295252
2001-09-17,"Non-Diazotroph",2717.69311,3001.14501,0.905552081270475
2001-10-03,"Diazotroph",190.4784,3560.8292,0.0534927089454333
2001-10-03,"Non-Diazotroph",3370.3508,3560.8292,0.946507291054567
2002-05-22,"Non-Diazotroph",999.27111,999.27111,1
2002-06-05,"Diazotroph",79.366,3777.14831,0.0210121481832944
2002-06-05,"Non-Diazotroph",3697.78231,3777.14831,0.978987851816706
2002-06-18,"Diazotroph",3431.78584,5647.52585,0.607661820618316
2002-06-18,"Non-Diazotroph",2215.74001,5647.52585,0.392338179381684
2002-07-02,"Diazotroph",13285.8684,15726.123,0.844827959186126
2002-07-02,"Non-Diazotroph",2440.2546,15726.123,0.155172040813874
2002-07-16,"Diazotroph",3142.8936,4927.83495,0.637783860841362
2002-07-16,"Non-Diazotroph",1784.94135,4927.83495,0.362216139158638
2002-07-30,"Diazotroph",742.86576,2711.37977,0.273980712041678
2002-07-30,"Non-Diazotroph",1968.51401,2711.37977,0.726019287958322
2002-08-13,"Diazotroph",5600.06496,7999.98246,0.700009654771168
2002-08-13,"Non-Diazotroph",2399.9175,7999.98246,0.299990345228832
2002-08-27,"Diazotroph",3061.94028,7428.14234,0.412208078392854
2002-08-27,"Non-Diazotroph",4366.20206,7428.14234,0.587791921607146
2002-09-10,"Diazotroph",3047.6544,6708.86184,0.454272941175966
2002-09-10,"Non-Diazotroph",3661.20744,6708.86184,0.545727058824034
2002-09-24,"Diazotroph",685.72224,5771.8109,0.118805389137056
2002-09-24,"Non-Diazotroph",5086.08866,5771.8109,0.881194610862944
2002-10-28,"Non-Diazotroph",7490.95991,7490.95991,1
2003-05-05,"Non-Diazotroph",1260.68997,1260.68997,1
2003-05-20,"Diazotroph",133.33488,2124.87266,0.0627495861328462
2003-05-20,"Non-Diazotroph",1991.53778,2124.87266,0.937250413867154
2003-06-02,"Diazotroph",628.57872,2574.29354,0.244175231081068
2003-06-02,"Non-Diazotroph",1945.71482,2574.29354,0.755824768918932
2003-06-16,"Diazotroph",13714.4448,15271.88351,0.898019212300815
2003-06-16,"Non-Diazotroph",1557.43871,15271.88351,0.101980787699185
2003-06-30,"Diazotroph",13021.10342,15992.80456,0.814185115008996
2003-06-30,"Non-Diazotroph",2971.70114,15992.80456,0.185814884991004
2003-07-14,"Diazotroph",4429.89266,7704.10674,0.575004060756303
2003-07-14,"Non-Diazotroph",3274.21408,7704.10674,0.424995939243697
2003-07-28,"Diazotroph",1639.70156,5831.17875,0.281195557587735
2003-07-28,"Non-Diazotroph",4191.47719,5831.17875,0.718804442412265
2003-08-11,"Diazotroph",4280.36711,8128.78478,0.52656912759351
2003-08-11,"Non-Diazotroph",3848.41767,8128.78478,0.47343087240649
2003-08-25,"Diazotroph",2403.20248,3948.02199,0.608710510247183
2003-08-25,"Non-Diazotroph",1544.81951,3948.02199,0.391289489752817
2003-09-08,"Diazotroph",1257.15744,5731.33632,0.21934804900788
2003-09-08,"Non-Diazotroph",4474.17888,5731.33632,0.78065195099212
2003-09-22,"Diazotroph",685.72224,4119.88907,0.166441918301456
2003-09-22,"Non-Diazotroph",3434.16683,4119.88907,0.833558081698544
2003-10-06,"Diazotroph",495.24384,1739.61655,0.284685633739228
2003-10-06,"Non-Diazotroph",1244.37271,1739.61655,0.715314366260772
2003-10-18,"Non-Diazotroph",2261.23639,2261.23639,1
2004-05-12,"Non-Diazotroph",1804.02086,1804.02086,1
2004-05-26,"Non-Diazotroph",1473.94314,1473.94314,1
2004-06-09,"Diazotroph",41.66715,1855.86207,0.0224516415705398
2004-06-09,"Non-Diazotroph",1814.19492,1855.86207,0.97754835842946
2004-06-23,"Diazotroph",2438.12352,4604.78797,0.529475740443267
2004-06-23,"Non-Diazotroph",2166.66445,4604.78797,0.470524259556733
2004-07-07,"Diazotroph",15954.47078,18657.91485,0.855104705336352
2004-07-07,"Non-Diazotroph",2703.44407,18657.91485,0.144895294663648
2004-07-21,"Diazotroph",14556.83552,15277.24071,0.952844548064989
2004-07-21,"Non-Diazotroph",720.40519,15277.24071,0.0471554519350111
2004-08-04,"Diazotroph",2266.69296,7414.8876,0.305694850991403
2004-08-04,"Non-Diazotroph",5148.19464,7414.8876,0.694305149008597
2004-08-18,"Diazotroph",1558.90697,5096.17022,0.305897743345002
2004-08-18,"Non-Diazotroph",3537.26325,5096.17022,0.694102256654998
2004-09-01,"Diazotroph",419.05248,3469.53255,0.120780674042098
2004-09-01,"Non-Diazotroph",3050.48007,3469.53255,0.879219325957902
2004-09-15,"Diazotroph",723.81792,3269.72409,0.221369724195903
2004-09-15,"Non-Diazotroph",2545.90617,3269.72409,0.778630275804097
2004-09-29,"Diazotroph",514.29168,2778.43859,0.185100970685841
2004-09-29,"Non-Diazotroph",2264.14691,2778.43859,0.814899029314159
2004-10-13,"Diazotroph",386.67115,4163.61336,0.0928691299040312
2004-10-13,"Non-Diazotroph",3776.94221,4163.61336,0.907130870095969
2004-10-26,"Diazotroph",19.8415,3840.34889,0.00516658787217637
2004-10-26,"Non-Diazotroph",3820.50739,3840.34889,0.994833412127824
2005-05-03,"Non-Diazotroph",12993.28563,12993.28563,1
2005-05-11,"Diazotroph",158.732,5527.40541,0.0287172711653875
2005-05-11,"Non-Diazotroph",5368.67341,5527.40541,0.971282728834613
2005-05-25,"Diazotroph",206.3516,1709.09801,0.120737136660758
2005-05-25,"Non-Diazotroph",1502.74641,1709.09801,0.879262863339242
2005-06-08,"Diazotroph",7942.94928,10040.69301,0.791075802446031
2005-06-08,"Non-Diazotroph",2097.74373,10040.69301,0.208924197553969
2005-06-22,"Diazotroph",20285.9496,21030.40268,0.96460110196996
2005-06-22,"Non-Diazotroph",744.45308,21030.40268,0.03539889803004
2005-07-06,"Diazotroph",17434.48795,19491.85309,0.894449997622058
2005-07-06,"Non-Diazotroph",2057.36514,19491.85309,0.105550002377942
2005-07-20,"Diazotroph",2552.41056,5470.85711,0.466546741887031
2005-07-20,"Non-Diazotroph",2918.44655,5470.85711,0.533453258112969
2005-08-03,"Diazotroph",3342.89592,5201.7667,0.642646260932848
2005-08-03,"Non-Diazotroph",1858.87078,5201.7667,0.357353739067152
2005-08-17,"Diazotroph",3314.32416,7602.74692,0.435937720257562
2005-08-17,"Non-Diazotroph",4288.42276,7602.74692,0.564062279742438
2005-08-31,"Diazotroph",1287.63398,3320.5147,0.387781442437222
2005-08-31,"Non-Diazotroph",2032.88072,3320.5147,0.612218557562778
2005-09-14,"Diazotroph",2374.31326,4628.38703,0.512989351281628
2005-09-14,"Non-Diazotroph",2254.07377,4628.38703,0.487010648718372
2005-09-28,"Diazotroph",800.00928,2586.32234,0.309323113993595
2005-09-28,"Non-Diazotroph",1786.31306,2586.32234,0.690676886006406
2005-10-12,"Diazotroph",130.04119,2217.26725,0.0586493080615339
2005-10-12,"Non-Diazotroph",2087.22606,2217.26725,0.941350691938466
2006-05-08,"Diazotroph",1.225,1156.5616,0.00105917402064879
2006-05-08,"Non-Diazotroph",1155.3366,1156.5616,0.998940825979351
2006-05-24,"Diazotroph",38.09568,1525.05737,0.0249798340373254
2006-05-24,"Non-Diazotroph",1486.96169,1525.05737,0.975020165962675
2006-06-07,"Diazotroph",5250.0609,6370.21008,0.824158204214201
2006-06-07,"Non-Diazotroph",1120.14918,6370.21008,0.175841795785799
2006-06-21,"Diazotroph",19500.2262,20086.02665,0.970835424038432
2006-06-21,"Non-Diazotroph",585.80045,20086.02665,0.0291645759615678
2006-07-04,"Diazotroph",3366.70572,4049.0946,0.831471242978616
2006-07-04,"Non-Diazotroph",682.38888,4049.0946,0.168528757021384
2006-07-19,"Diazotroph",1166.6802,2287.12971,0.510106704879453
2006-07-19,"Non-Diazotroph",1120.44951,2287.12971,0.489893295120547
2006-08-02,"Diazotroph",2033.35692,7011.86708,0.289987944266622
2006-08-02,"Non-Diazotroph",4978.51016,7011.86708,0.710012055733378
2006-08-16,"Diazotroph",2400.02784,8306.56462,0.288931459609833
2006-08-16,"Non-Diazotroph",5906.53678,8306.56462,0.711068540390167
2006-08-30,"Diazotroph",3106.7027,11655.9952,0.266532599464351
2006-08-30,"Non-Diazotroph",8549.2925,11655.9952,0.733467400535649
2006-09-13,"Diazotroph",800.00928,3528.50755,0.226727382232752
2006-09-13,"Non-Diazotroph",2728.49827,3528.50755,0.773272617767248
2006-09-27,"Diazotroph",466.67208,3297.69693,0.141514544819011
2006-09-27,"Non-Diazotroph",2831.02485,3297.69693,0.858485455180989
2006-10-11,"Diazotroph",97.14398,2647.1019,0.0366982396862017
2006-10-11,"Non-Diazotroph",2549.95792,2647.1019,0.963301760313798
2006-10-31,"Diazotroph",19.04784,3887.66718,0.00489955521346866
2006-10-31,"Non-Diazotroph",3868.61934,3887.66718,0.995100444786531
2007-05-09,"Non-Diazotroph",1976.43285,1976.43285,1
2007-05-22,"Diazotroph",15.246,2953.62095,0.00516179979018635
2007-05-22,"Non-Diazotroph",2938.37495,2953.62095,0.994838200209814
2007-06-05,"Diazotroph",4177.82624,9462.22128,0.441527006859429
2007-06-05,"Non-Diazotroph",5284.39504,9462.22128,0.55847299314057
2007-06-19,"Diazotroph",16500.1914,18494.65899,0.892159807267687
2007-06-19,"Non-Diazotroph",1994.46759,18494.65899,0.107840192732313
2007-07-03,"Diazotroph",17722.4278,19312.52561,0.91766494750036
2007-07-03,"Non-Diazotroph",1590.09781,19312.52561,0.0823350524996404
2007-07-17,"Diazotroph",2222.248,7537.74617,0.294815976802785
2007-07-17,"Non-Diazotroph",5315.49817,7537.74617,0.705184023197215
2007-07-31,"Diazotroph",1688.90848,3813.73473,0.442848965533583
2007-07-31,"Non-Diazotroph",2124.82625,3813.73473,0.557151034466417
2007-08-14,"Diazotroph",1155.56896,3444.51941,0.335480461118958
2007-08-14,"Non-Diazotroph",2288.95045,3444.51941,0.664519538881042
2007-08-28,"Diazotroph",5981.02176,7016.62903,0.85240672328946
2007-08-28,"Non-Diazotroph",1035.60727,7016.62903,0.14759327671054
2007-09-11,"Diazotroph",4088.93632,7715.01014,0.529997530243039
2007-09-11,"Non-Diazotroph",3626.07382,7715.01014,0.470002469756961
2007-09-25,"Diazotroph",1868.91057,6715.75254,0.278287587112315
2007-09-25,"Non-Diazotroph",4846.84197,6715.75254,0.721712412887685
2007-10-09,"Non-Diazotroph",6818.72988,6818.72988,1
2007-10-23,"Diazotroph",459.05294,4599.41842,0.0998067360003311
2007-10-23,"Non-Diazotroph",4140.36548,4599.41842,0.900193263999669
2007-11-06,"Diazotroph",20.00023,3463.50031,0.00577457144792344
2007-11-06,"Non-Diazotroph",3443.50008,3463.50031,0.994225428552077
2008-05-13,"Diazotroph",2.88,2536.29085,0.0011355164570341
2008-05-13,"Non-Diazotroph",2533.41085,2536.29085,0.998864483542966
2008-05-27,"Diazotroph",31.08,3758.43598,0.00826939720814401
2008-05-27,"Non-Diazotroph",3727.35598,3758.43598,0.991730602791856
2008-06-10,"Diazotroph",1486.76328,7536.75407,0.197268381877823
2008-06-10,"Non-Diazotroph",6049.99079,7536.75407,0.802731618122177
2008-06-24,"Diazotroph",22973.59983,25311.68253,0.907628317586994
2008-06-24,"Non-Diazotroph",2338.0827,25311.68253,0.0923716824130063
2008-07-08,"Diazotroph",29907.96597,31628.66052,0.945596983188335
2008-07-08,"Non-Diazotroph",1720.69455,31628.66052,0.0544030168116648
2008-07-22,"Diazotroph",3133.36968,5811.73408,0.539145397375098
2008-07-22,"Non-Diazotroph",2678.3644,5811.73408,0.460854602624902
2008-08-05,"Diazotroph",1666.686,6406.8191,0.260142509720619
2008-08-05,"Non-Diazotroph",4740.1331,6406.8191,0.739857490279381
2008-08-19,"Diazotroph",3787.98045,10612.70248,0.356928921463555
2008-08-19,"Non-Diazotroph",6824.72203,10612.70248,0.643071078536445
2008-09-02,"Diazotroph",2600.98255,8952.59936,0.290528196941452
2008-09-02,"Non-Diazotroph",6351.61681,8952.59936,0.709471803058548
2008-09-16,"Diazotroph",1433.34996,13301.88733,0.10775538270929
2008-09-16,"Non-Diazotroph",11868.53737,13301.88733,0.89224461729071
2008-09-30,"Diazotroph",2200.02552,6708.6153,0.327940330696858
2008-09-30,"Non-Diazotroph",4508.58978,6708.6153,0.672059669303142
2008-10-14,"Diazotroph",395.24268,3892.64062,0.101535877206152
2008-10-14,"Non-Diazotroph",3497.39794,3892.64062,0.898464122793848
2008-11-10,"Diazotroph",204.12935,5722.42436,0.0356718301821293
2008-11-10,"Non-Diazotroph",5518.29501,5722.42436,0.964328169817871
2009-05-12,"Diazotroph",0.792,5234.85168,0.000151293684790703
2009-05-12,"Non-Diazotroph",5234.05968,5234.85168,0.999848706315209
2009-05-19,"Non-Diazotroph",2805.61789,2805.61789,1
2009-06-01,"Diazotroph",1.248,3262.44472,0.000382535217332357
2009-06-01,"Non-Diazotroph",3261.19672,3262.44472,0.999617464782668
2009-06-15,"Diazotroph",111.66796,2869.09147,0.0389210177394588
2009-06-15,"Non-Diazotroph",2757.42351,2869.09147,0.961078982260541
2009-06-29,"Diazotroph",7752.39151,11802.67202,0.656833596397776
2009-06-29,"Non-Diazotroph",4050.28051,11802.67202,0.343166403602224
2009-07-14,"Diazotroph",25373.3102,26393.3617,0.961351967529017
2009-07-14,"Non-Diazotroph",1020.0515,26393.3617,0.038648032470983
2009-07-27,"Diazotroph",16941.30763,17701.87203,0.957034804075465
2009-07-27,"Non-Diazotroph",760.5644,17701.87203,0.0429651959245352
2009-08-11,"Diazotroph",4467.67087,7766.08214,0.575279888811477
2009-08-11,"Non-Diazotroph",3298.41127,7766.08214,0.424720111188523
2009-08-25,"Diazotroph",1800.02088,6081.64639,0.295975919112916
2009-08-25,"Non-Diazotroph",4281.62551,6081.64639,0.704024080887084
2009-09-09,"Diazotroph",3788.61538,5541.23903,0.683712678606467
2009-09-09,"Non-Diazotroph",1752.62365,5541.23903,0.316287321393533
2009-09-22,"Diazotroph",5300.06148,9342.21154,0.567324070677167
2009-09-22,"Non-Diazotroph",4042.15006,9342.21154,0.432675929322834
2009-10-06,"Diazotroph",933.34416,4489.27569,0.207905289060116
2009-10-06,"Non-Diazotroph",3555.93153,4489.27569,0.792094710939884
2009-11-02,"Diazotroph",85.55655,7820.02642,0.0109406983307865
2009-11-02,"Non-Diazotroph",7734.46987,7820.02642,0.989059301669214
2010-05-05,"Non-Diazotroph",3733.36432,3733.36432,1
2010-05-18,"Diazotroph",4.2,7059.61846,0.000594933001520878
2010-05-18,"Non-Diazotroph",7055.41846,7059.61846,0.999405066998479
2010-06-01,"Diazotroph",427.78274,6009.04769,0.0711897728340379
2010-06-01,"Non-Diazotroph",5581.26495,6009.04769,0.928810227165962
2010-06-15,"Diazotroph",11030.28668,13697.15353,0.805297732542829
2010-06-15,"Non-Diazotroph",2666.86685,13697.15353,0.194702267457171
2010-06-29,"Diazotroph",23408.00963,24058.73363,0.972952691109703
2010-06-29,"Non-Diazotroph",650.724,24058.73363,0.0270473088902976
2010-07-13,"Diazotroph",12688.71862,14021.8891,0.904922191974832
2010-07-13,"Non-Diazotroph",1333.17048,14021.8891,0.0950778080251683
2010-07-27,"Diazotroph",942.86808,3708.92297,0.254216139732878
2010-07-27,"Non-Diazotroph",2766.05489,3708.92297,0.745783860267122
2010-08-10,"Diazotroph",742.50861,3403.32799,0.218171334699951
2010-08-10,"Non-Diazotroph",2660.81938,3403.32799,0.781828665300049
2010-08-24,"Diazotroph",685.72224,5436.44981,0.126134198597522
2010-08-24,"Non-Diazotroph",4750.72757,5436.44981,0.873865801402478
2010-09-08,"Diazotroph",7260.08422,15599.44467,0.465406581681859
2010-09-08,"Non-Diazotroph",8339.36045,15599.44467,0.534593418318141
2010-09-21,"Diazotroph",250.0029,9097.14412,0.0274814707453486
2010-09-21,"Non-Diazotroph",8847.14122,9097.14412,0.972518529254651
2010-10-05,"Diazotroph",1485.01723,12821.49798,0.115822443860807
2010-10-05,"Non-Diazotroph",11336.48075,12821.49798,0.884177556139193
2010-11-02,"Diazotroph",290.1621,11905.38995,0.0243723306182004
2010-11-02,"Non-Diazotroph",11615.22785,11905.38995,0.9756276693818
2011-05-05,"Non-Diazotroph",8041.99467,8041.99467,1
2011-05-17,"Non-Diazotroph",3398.00108,3398.00108,1
2011-05-31,"Diazotroph",938.58231,5893.18325,0.15926576014754
2011-05-31,"Non-Diazotroph",4954.60094,5893.18325,0.84073423985246
2011-06-14,"Diazotroph",11986.32951,14503.04339,0.826469947560434
2011-06-14,"Non-Diazotroph",2516.71388,14503.04339,0.173530052439566
2011-06-28,"Diazotroph",29323.03856,31603.94528,0.927828418262595
2011-06-28,"Non-Diazotroph",2280.90672,31603.94528,0.0721715817374052
2011-07-12,"Diazotroph",11391.32261,15591.75728,0.730599021356751
2011-07-12,"Non-Diazotroph",4200.43467,15591.75728,0.269400978643249
2011-07-26,"Diazotroph",3420.51586,11899.10488,0.287459930347299
2011-07-26,"Non-Diazotroph",8478.58902,11899.10488,0.712540069652701
2011-08-09,"Diazotroph",2071.6907,10190.95366,0.203287226016098
2011-08-09,"Non-Diazotroph",8119.26296,10190.95366,0.796712773983902
2011-08-23,"Diazotroph",9979.12369,22642.00436,0.440734995512562
2011-08-23,"Non-Diazotroph",12662.88067,22642.00436,0.559265004487438
2011-09-06,"Diazotroph",3323.25283,7158.00425,0.464270865723501
2011-09-06,"Non-Diazotroph",3834.75142,7158.00425,0.535729134276499
2011-09-20,"Diazotroph",2828.60424,8226.34353,0.343847084635426
2011-09-20,"Non-Diazotroph",5397.73929,8226.34353,0.656152915364574
2011-10-04,"Diazotroph",251.43149,6704.54145,0.0375016683654033
2011-10-04,"Non-Diazotroph",6453.10996,6704.54145,0.962498331634597
2011-10-18,"Diazotroph",501.91058,9187.74393,0.0546282726014111
2011-10-18,"Non-Diazotroph",8685.83335,9187.74393,0.945371727398589
2011-11-08,"Diazotroph",294.44786,3782.07239,0.0778535759332729
2011-11-08,"Non-Diazotroph",3487.62453,3782.07239,0.922146424066727
2012-05-08,"Non-Diazotroph",5609.17658,5609.17658,1
2012-05-22,"Diazotroph",46.332,8226.64193,0.00563194562182677
2012-05-22,"Non-Diazotroph",8180.30993,8226.64193,0.994368054378173
2012-06-05,"Diazotroph",6123.40436,10115.98491,0.605319641584954
2012-06-05,"Non-Diazotroph",3992.58055,10115.98491,0.394680358415046
2012-06-19,"Diazotroph",22586.92867,23906.95088,0.944785003465068
2012-06-19,"Non-Diazotroph",1320.02221,23906.95088,0.0552149965349324
2012-07-03,"Diazotroph",11359.17938,12332.91055,0.921046117536302
2012-07-03,"Non-Diazotroph",973.73117,12332.91055,0.0789538824636979
2012-07-17,"Diazotroph",2757.88913,4233.82768,0.651393806844779
2012-07-17,"Non-Diazotroph",1475.93855,4233.82768,0.348606193155221
2012-07-31,"Diazotroph",440.0051,6165.09009,0.0713704250183958
2012-07-31,"Non-Diazotroph",5725.08499,6165.09009,0.928629574981604
2012-08-14,"Diazotroph",4775.84905,14559.59783,0.328020671021515
2012-08-14,"Non-Diazotroph",9783.74878,14559.59783,0.671979328978485
2012-08-28,"Diazotroph",19878.80202,31157.99887,0.637999959591115
2012-08-28,"Non-Diazotroph",11279.19685,31157.99887,0.362000040408885
2012-09-11,"Diazotroph",819.05712,11288.38122,0.072557535401874
2012-09-11,"Non-Diazotroph",10469.3241,11288.38122,0.927442464598126
2012-09-25,"Diazotroph",125.71574,5846.22626,0.0215037418000993
2012-09-25,"Non-Diazotroph",5720.51052,5846.22626,0.978496258199901
2012-10-10,"Diazotroph",4.125,13220.69252,0.000312010887006092
2012-10-10,"Non-Diazotroph",13216.56752,13220.69252,0.999687989112994
2012-10-25,"Non-Diazotroph",4332.7859,4332.7859,1
2013-05-22,"Non-Diazotroph",3358.19,3358.19,1
2013-06-18,"Diazotroph",NA,NA,NA
2013-06-18,"Non-Diazotroph",NA,NA,NA
2013-07-03,"Diazotroph",NA,NA,NA
2013-07-03,"Non-Diazotroph",610.7,NA,NA
2013-07-16,"Diazotroph",915.76,2781.1,0.329279781381468
2013-07-16,"Non-Diazotroph",1865.34,2781.1,0.670720218618532
2013-07-24,"Diazotroph",NA,NA,NA
2013-07-24,"Non-Diazotroph",NA,NA,NA
2013-08-13,"Diazotroph",NA,NA,NA
2013-08-13,"Non-Diazotroph",NA,NA,NA
2013-09-10,"Diazotroph",NA,NA,NA
2013-09-10,"Non-Diazotroph",NA,NA,NA
2013-10-08,"Diazotroph",NA,NA,NA
2013-10-08,"Non-Diazotroph",2285.52,NA,NA
2014-06-10,"Diazotroph",2.53,1782.67,0.00141921948537867
2014-06-10,"Non-Diazotroph",1780.14,1782.67,0.998580780514621
2014-06-23,"Diazotroph",3.42,1198.42,0.00285375744730562
2014-06-23,"Non-Diazotroph",1195,1198.42,0.997146242552694
2014-07-09,"Diazotroph",10102.41,13203.36,0.765139328171011
2014-07-09,"Non-Diazotroph",3100.95,13203.36,0.234860671828989
2014-07-22,"Diazotroph",18904.58,21334.06,0.88612200396924
2014-07-22,"Non-Diazotroph",2429.48,21334.06,0.11387799603076
2014-08-06,"Diazotroph",17714.27,19246.87,0.920371468191971
2014-08-06,"Non-Diazotroph",1532.6,19246.87,0.0796285318080291
2014-08-19,"Diazotroph",4477.05,9437.7,0.474379350901173
2014-08-19,"Non-Diazotroph",4960.65,9437.7,0.525620649098827
2014-09-03,"Diazotroph",3852.96,9910.21,0.388786917734337
2014-09-03,"Non-Diazotroph",6057.25,9910.21,0.611213082265663
2014-09-16,"Diazotroph",4086.62,11357.13,0.359828583453742
2014-09-16,"Non-Diazotroph",7270.51,11357.13,0.640171416546258
2014-09-29,"Diazotroph",2558.32,16125.05,0.158655011922444
2014-09-29,"Non-Diazotroph",13566.73,16125.05,0.841344988077556
2014-10-15,"Diazotroph",1145.06,6146.49,0.186294942316672
2014-10-15,"Non-Diazotroph",5001.43,6146.49,0.813705057683328
2014-10-28,"Diazotroph",587.72,3906.19,0.150458631044573
2014-10-28,"Non-Diazotroph",3318.47,3906.19,0.849541368955427
2015-03-17,"Non-Diazotroph",627.47,627.47,1
2015-05-19,"Diazotroph",2.16,2721.66,0.000793633297325897
2015-05-19,"Non-Diazotroph",2719.5,2721.66,0.999206366702674
2015-06-01,"Diazotroph",46.75,2047.4,0.0228338380384878
2015-06-01,"Non-Diazotroph",2000.65,2047.4,0.977166161961512
2015-06-15,"Diazotroph",9185.34,11600.43,0.791810303583574
2015-06-15,"Non-Diazotroph",2415.09,11600.43,0.208189696416426
2015-06-29,"Diazotroph",8732.89,9403.61,0.928674200652728
2015-06-29,"Non-Diazotroph",670.72,9403.61,0.071325799347272
2015-07-13,"Diazotroph",3237.54,4772.68,0.678348433165433
2015-07-13,"Non-Diazotroph",1535.14,4772.68,0.321651566834567
2015-07-27,"Diazotroph",1684.6,5494.39,0.306603644808614
2015-07-27,"Non-Diazotroph",3809.79,5494.39,0.693396355191386
2015-08-10,"Diazotroph",1520.85,4953.41,0.307030914057185
2015-08-10,"Non-Diazotroph",3432.56,4953.41,0.692969085942815
2015-08-24,"Diazotroph",15.08,3140.84,0.00480126335629959
2015-08-24,"Non-Diazotroph",3125.76,3140.84,0.9951987366437
2015-09-08,"Diazotroph",2526.28,8070.77,0.313015982365995
2015-09-08,"Non-Diazotroph",5544.49,8070.77,0.686984017634005
2015-09-21,"Diazotroph",1715.02,6831.7,0.251038540919537
2015-09-21,"Non-Diazotroph",5116.68,6831.7,0.748961459080463
2015-10-05,"Diazotroph",738.18,4913.53,0.150234149379367
2015-10-05,"Non-Diazotroph",4175.35,4913.53,0.849765850620633
2015-11-09,"Diazotroph",16.33,4439.16,0.00367862388379784
2015-11-09,"Non-Diazotroph",4422.83,4439.16,0.996321376116202
