Date,Depth,Stratum,NO3,NH4,PN,TDN,PP,TDP,Chl
1/21/69,0,EPI,14,NaN,NaN,200,NaN,4,NaN
3/16/69,0,EPI,17,98,NaN,NaN,NaN,NaN,NaN
4/22/69,0,EPI,125,NaN,3,225,3,7,0.9
5/7/69,0,EPI,80,NaN,NaN,250,NaN,7,NaN
5/17/69,0,EPI,NaN,NaN,NaN,NaN,NaN,NaN,NaN
5/27/69,0,EPI,NaN,NaN,NaN,NaN,NaN,NaN,NaN
6/5/69,0,EPI,9,NaN,36,156,1,13,3.2
6/11/69,0,EPI,1,NaN,70,144,9,3,2.2
6/19/69,0,EPI,1,NaN,79,143,2,5,2.4
6/25/69,0,EPI,NaN,NaN,NaN,NaN,NaN,NaN,NaN
6/26/69,0,EPI,13,NaN,96,132,1,6,2.7
7/3/69,0,EPI,9,NaN,142,182,1,9,9.7
7/7/69,0,EPI,84,NaN,510,221,2,3,10.1
7/9/69,0,EPI,NaN,31,163,NaN,NaN,NaN,NaN
7/17/69,0,EPI,92,12,196,266,4,16,10.2
7/22/69,0,EPI,NaN,NaN,NaN,NaN,NaN,NaN,NaN
7/24/69,0,EPI,74,5,240,250,16,12,13.2
7/30/69,0,EPI,107,16,260,275,33,13,15
8/3/69,0,EPI,NaN,NaN,NaN,NaN,NaN,NaN,NaN
8/7/69,0,EPI,79,8,300,255,29,5,24.1
8/20/69,0,EPI,116,5,230,310,20,8,8.5
8/22/69,0,EPI,NaN,NaN,NaN,NaN,NaN,NaN,NaN
8/27/69,0,EPI,109,14,195,280,22,6,13.4
9/3/69,0,EPI,87,NaN,NaN,245,NaN,9,43.5
9/8/69,0,EPI,85,2,235,220,25,2,38.8
9/17/69,0,EPI,116,5,185,215,15,4,48.1
9/24/69,0,EPI,130,NaN,NaN,180,NaN,3,51.8
10/1/69,0,EPI,150,NaN,375,160,NaN,7,41.2
10/16/69,0,EPI,245,54,215,515,14,10,13.1
10/29/69,0,EPI,280,NaN,130,485,6,5,8.9
11/12/69,0,EPI,NaN,NaN,120,NaN,10,NaN,8.6
12/9/69,0,EPI,330,92,60,330,12,4,4
1/22/70,0,EPI,389,14,90,495,10,5,7.6
2/26/70,0,EPI,350,80,110,525,8,3,NaN
4/9/70,0,EPI,530,42,130,625,13,1,10.7
5/8/70,0,EPI,171,14,100,NaN,7,NaN,3.2
5/16/70,0,EPI,NaN,NaN,NaN,NaN,NaN,NaN,5.6
5/18/70,0,EPI,NaN,NaN,NaN,NaN,NaN,NaN,NaN
5/19/70,0,EPI,NaN,NaN,NaN,NaN,NaN,NaN,2.5
5/25/70,0,EPI,262,2,120,NaN,7,7,1
5/26/70,0,EPI,346,2,95,NaN,12,9,4.2
5/27/70,0,EPI,382,4,140,NaN,13,3,4.3
6/2/70,0,EPI,276,1,100,NaN,12,4,7.9
6/9/70,0,EPI,221,4,230,NaN,16,1,11.5
6/16/70,0,EPI,187,45,330,NaN,17,5,18.2
6/23/70,0,EPI,110,15,480,NaN,22,7,23.8
6/30/70,0,EPI,70,1,NaN,NaN,21,1,32.6
7/7/70,0,EPI,23,9,NaN,NaN,23,3,24
7/14/70,0,EPI,1,27,NaN,NaN,29,7,35.1
7/21/70,0,EPI,1,5,600,NaN,40,9,60.8
7/28/70,0,EPI,525,8,90,610,18,3,4.5
8/4/70,0,EPI,1,9,320,420,29,NaN,63.5
8/11/70,0,EPI,1,9,500,425,34,6,59
8/18/70,0,EPI,10,8,410,445,50,NaN,69.5
8/25/70,0,EPI,1,10,445,440,34,9,58.4
9/1/70,0,EPI,1,5,425,425,25,12,50.5
9/8/70,0,EPI,1,2,495,600,33,16,42.4
9/15/70,0,EPI,1,5,320,430,28,10,28
9/22/70,0,EPI,1,5,260,336,17,7,15.7
9/29/70,0,EPI,3,39,190,415,20,13,5.8
10/6/70,0,EPI,53,153,150,515,21,14,5.6
10/13/70,0,EPI,122,446,160,1120,22,12,7.8
10/20/70,0,EPI,178,420,NaN,1135,NaN,9,9.4
10/27/70,0,EPI,183,354,125,920,18,8,8.3
11/10/70,0,EPI,148,268,215,700,15,11,22
12/9/70,0,EPI,192,396,136,1260,23,13,17.7
1/19/71,0,EPI,152,778,141,1040,13,14,10
3/31/71,0,EPI,339,315,152,971,12,12,1.2
5/4/71,0,EPI,295,122,96,390,10,47,2.7
5/11/71,0,EPI,151,114,60,496,10,11,3.6
5/18/71,0,EPI,233,31,88,637,7,6,5.8
5/25/71,0,EPI,313,3,202,1120,14,33,13.3
6/1/71,0,EPI,259,1,101,327,NaN,50,11.1
6/8/71,0,EPI,106,1,285,265,18,1,25.9
6/15/71,0,EPI,8,7,442,284,72,14,27.2
6/22/71,0,EPI,2,8,366,274,11,8,21.7
6/25/71,0,EPI,NaN,NaN,NaN,NaN,NaN,NaN,NaN
6/29/71,0,EPI,30,12,269,344,13,14,16.6
7/6/71,0,EPI,20,13,326,398,19,11,30.4
7/13/71,0,EPI,1,3,401,201,24,15,38.4
7/20/71,0,EPI,NaN,NaN,399,NaN,24,NaN,33.9
7/27/71,0,EPI,34,28,177,252,9,11,7.9
8/3/71,0,EPI,136,28,209,336,16,14,6.2
8/10/71,0,EPI,122,12,253,325,16,4,13.5
8/17/71,0,EPI,2,17,378,231,19,6,31.5
8/24/71,0,EPI,5,48,432,288,21,3,37.6
8/31/71,0,EPI,1,20,424,187,27,18,34.8
9/7/71,0,EPI,5,17,347,275,27,13,18.7
9/14/71,0,EPI,86,31,318,294,35,6,15.7
9/21/71,0,EPI,195,6,232,326,25,9,11.1
9/28/71,0,EPI,224,12,181,302,15,11,11.6
10/5/71,0,EPI,270,4,122,348,12,11,9.8
10/12/71,0,EPI,323,57,314,359,14,15,13.7
10/19/71,0,EPI,322,119,NaN,409,7,10,12.3
10/26/71,0,EPI,379,9,73,598,9,10,11.9
11/9/71,0,EPI,355,408,90,639,12,10,18.2
12/16/71,0,EPI,353,424,107,783,18,9,21.7
1/18/72,0,EPI,340,397,68,686,4,5,1.4
4/6/72,0,EPI,479,14,50,1138,4,18,1.2
5/9/72,0,EPI,316,8,99,372,7,6,6.4
5/16/72,0,EPI,283,16,68,633,7,5,6.8
5/30/72,0,EPI,31,8,323,NaN,29,9,41.7
6/13/72,0,EPI,1,28,565,464,39,8,68.2
6/27/72,0,EPI,1,8,512,386,50,7,65.1
7/11/72,0,EPI,1,8,750,338,50,9,126
7/25/72,0,EPI,1,14,746,465,69,11,161
8/8/72,0,EPI,1,5,680,582,63,22,68.3
8/22/72,0,EPI,1,3,328,806,43,14,25.9
9/5/72,0,EPI,1,12,365,466,46,15,35.4
9/19/72,0,EPI,39,3,299,NaN,26,18,42.7
9/26/72,0,EPI,NaN,NaN,NaN,NaN,NaN,NaN,NaN
10/3/72,0,EPI,31,2,270,483,46,16,47.8
10/17/72,0,EPI,63,191,239,671,33,14,48.8
12/12/72,0,EPI,110,280,180,937,19,13,18.6
1/23/73,0,EPI,111,292,165,746,13,9,11.9
2/20/73,0,EPI,118,315,NaN,810,12,9,7.8
3/20/73,0,EPI,127,338,78,864,10,8,5.6
4/12/73,0,EPI,NaN,106,217,1700,17,9,20.4
5/2/73,0,EPI,82,46,138,447,9,8,8.8
5/15/73,0,EPI,43,6,110,364,8,6,4.9
5/28/73,0,EPI,1,7,191,333,14,7,14.2
6/11/73,0,EPI,2,20,392,344,43,7,52.6
6/25/73,0,EPI,1,25,587,NaN,47,9,110
7/9/73,0,EPI,1,2,808,NaN,65,8,155
7/23/73,0,EPI,1,5,1046,191,57,19,191
8/6/73,0,EPI,1,5,730,126,44,12,23.3
8/20/73,0,EPI,1,3,981,433,33,10,16.9
9/3/73,0,EPI,1,6,286,358,15,9,14.2
9/17/73,0,EPI,1,8,242,340,23,6,20.6
10/1/73,0,EPI,1,22,315,331,154,9,24.9
10/15/73,0,EPI,68,57,312,410,23,7,61.9
10/29/73,0,EPI,133,217,300,823,NaN,12,23.3
11/6/73,0,EPI,153,546,210,1068,16,9,23.2
12/18/73,0,EPI,161,574,130,1057,12,7,8
1/22/74,0,EPI,152,609,97,966,14,10,8.3
2/26/74,0,EPI,55,652,163,950,25,7,8.6
4/2/74,0,EPI,3,669,122,1071,23,6,4.6
5/6/74,0,EPI,21,394,94,845,13,8,11.1
5/21/74,0,EPI,94,170,61,531,6,6,4.8
5/28/74,0,EPI,NaN,NaN,NaN,NaN,NaN,NaN,10.3
6/4/74,0,EPI,134,8,302,366,16,6,23.7
6/18/74,0,EPI,1,9,493,419,33,8,57.1
7/2/74,0,EPI,1,11,588,417,43,11,55.7
7/16/74,0,EPI,1,11,266,516,24,11,14.4
7/30/74,0,EPI,1,7,231,464,16,12,17
8/13/74,0,EPI,1,2,412,470,32,10,52.9
8/27/74,0,EPI,27,6,405,521,28,9,29.6
9/3/74,0,EPI,NaN,NaN,NaN,NaN,NaN,NaN,31.9
9/10/74,0,EPI,21,15,439,518,28,10,43.4
9/24/74,0,EPI,44,11,481,493,34,9,33.9
10/8/74,0,EPI,122,257,450,784,31,8,46.3
10/22/74,0,EPI,159,441,412,1066,28,8,44.5
11/5/74,0,EPI,168,413,390,1018,26,7,30.5
11/21/74,0,EPI,165,411,383,1128,22,8,30.2
12/11/74,0,EPI,181,524,276,1105,17,8,23.3
1/22/75,0,EPI,171,520,179,1152,11,8,9.4
3/4/75,0,EPI,173,469,139,1100,8,5,7.8
4/1/75,0,EPI,169,410,128,1030,9,4,3.9
5/13/75,0,EPI,96,216,146,876,23,9,6.3
5/27/75,0,EPI,42,11,264,417,16,6,5.8
5/27/75,0,EPI,44,11,249,413,15,7,7.6
6/10/75,0,EPI,2,8,397,396,27,6,24
6/10/75,0,EPI,3,9,363,831,29,8,23.3
6/10/75,0,EPI,3,8,417,800,34,8,21.3
6/24/75,0,EPI,5,12,358,440,25,8,16.3
6/24/75,0,EPI,5,12,324,400,23,8,17.6
7/8/75,0,EPI,2,4,278,463,27,13,27.8
7/8/75,0,EPI,3,4,267,519,26,14,23.8
7/8/75,0,EPI,2,5,290,469,26,13,30.5
7/22/75,0,EPI,1,6,306,514,33,16,15.3
7/22/75,0,EPI,1,3,312,499,32,16,16.4
8/5/75,0,EPI,2,2,210,436,19,12,12.8
8/5/75,0,EPI,1,2,198,456,21,12,16.8
8/5/75,0,EPI,2,2,210,443,20,12,19
8/19/75,0,EPI,4,2,148,393,21,10,7.8
8/19/75,0,EPI,2,2,125,404,22,10,8.9
9/2/75,0,EPI,1,4,170,406,21,11,17.3
9/2/75,0,EPI,3,NaN,208,NaN,63,NaN,22.2
9/2/75,0,EPI,4,1,190,406,23,11,15.8
9/16/75,0,EPI,5,8,315,414,21,9,13.9
9/16/75,0,EPI,6,4,313,424,22,9,15.9
9/30/75,0,EPI,1,6,264,445,17,13,7.2
9/30/75,0,EPI,1,10,260,421,20,13,9
9/30/75,0,EPI,1,13,289,476,19,14,28.2
10/14/75,0,EPI,1,32,133,462,14,9,6.6
10/14/75,0,EPI,2,32,136,453,15,9,8
10/28/75,0,EPI,22,462,204,907,12,8,11.8
10/28/75,0,EPI,22,434,168,993,13,8,7.4
10/28/75,0,EPI,22,444,120,889,13,7,29.5
11/11/75,0,EPI,32,658,99,1180,10,7,8
11/11/75,0,EPI,32,675,142,1250,10,7,9.4
1/7/76,0,EPI,NaN,NaN,NaN,NaN,NaN,NaN,NaN
4/2/76,0,EPI,NaN,NaN,NaN,NaN,NaN,NaN,NaN
5/11/76,0,EPI,132,199,133,852,12,8,10.6
5/25/76,0,EPI,110,10,185,682,11,6,1.9
5/25/76,0,EPI,105,10,114,668,9,6,1.7
6/8/76,0,EPI,1,5,264,468,16,5,15.3
6/8/76,0,EPI,3,5,314,470,20,6,19.7
6/22/76,0,EPI,7,12,260,526,21,9,35
6/22/76,0,EPI,2,13,267,488,21,9,33.9
7/6/76,0,EPI,2,15,270,514,22,8,13.1
7/6/76,0,EPI,1,12,332,556,21,9,17.6
7/20/76,0,EPI,1,9,336,610,21,10,15.6
7/20/76,0,EPI,4,19,271,724,21,10,14.2
8/3/76,0,EPI,1,10,NaN,550,19,9,21.7
8/3/76,0,EPI,1,10,316,550,20,9,29.3
8/17/76,0,EPI,1,5,367,526,23,8,30.2
8/17/76,0,EPI,1,4,367,564,23,8,26.8
8/31/76,0,EPI,1,2,309,546,21,9,20.5
8/31/76,0,EPI,1,2,317,540,20,9,19.9
9/14/76,0,EPI,1,4,267,505,22,6,20.1
9/14/76,0,EPI,1,3,288,535,22,6,20
9/28/76,0,EPI,1,4,310,520,23,7,28.9
9/28/76,0,EPI,1,4,329,550,23,7,29.3
10/12/76,0,EPI,10,59,538,590,36,6,66.4
10/12/76,0,EPI,11,55,512,600,38,6,66.2
12/16/76,0,EPI,45,228,762,750,72,6,203
1/25/77,0,EPI,42,314,231,845,22,9,7.4
3/3/77,0,EPI,42,327,425,750,17,4,4.4
3/29/77,0,EPI,45,375,228,880,22,6,9
5/3/77,0,EPI,50,165,196,590,19,8,4.2
5/17/77,0,EPI,NaN,NaN,NaN,500,14,11,10.4
5/31/77,0,EPI,1,4,245,460,13,10,6.2
6/14/77,0,EPI,NaN,NaN,249,390,17,9,14.8
6/28/77,0,EPI,2,9,260,335,21,9,3.4
7/12/77,0,EPI,4,4,372,420,33,13,11.8
7/26/77,0,EPI,1,11,270,520,25,13,22.9
8/9/77,0,EPI,1,8,462,560,29,15,28.1
8/23/77,0,EPI,2,6,499,460,31,10,28.3
9/7/77,0,EPI,8,7,409,510,6,13,20.7
9/20/77,0,EPI,9,8,370,540,30,11,26.9
10/4/77,0,EPI,7,2,260,425,18,10,16.9
10/18/77,0,EPI,21,88,390,580,29,8,32.7
11/1/77,0,EPI,14,9,522,475,41,10,72
12/13/77,0,EPI,24,505,263,1030,33,10,15.4
1/10/78,0,EPI,25,520,83,990,25,8,7.9
2/13/78,0,EPI,14,556,140,1100,49,10,13.4
3/13/78,0,EPI,2,600,279,1090,50,11,13.5
5/9/78,0,EPI,20,190,153,620,19,9,13.9
5/16/78,0,EPI,NaN,NaN,NaN,NaN,NaN,NaN,NaN
5/23/78,0,EPI,4,18,170,375,13,6,5.7
6/6/78,0,EPI,2,6,204,380,14,8,11.6
6/20/78,0,EPI,1,22,250,360,18,8,11
7/4/78,0,EPI,1,6,151,360,14,9,7.7
7/18/78,0,EPI,1,5,265,480,20,12,17.2
8/1/78,0,EPI,1,3,266,480,21,11,21.4
8/15/78,0,EPI,1,4,407,395,36,11,21
8/20/78,0,EPI,NaN,NaN,NaN,NaN,NaN,NaN,NaN
8/29/78,0,EPI,1,1,466,435,49,12,39.6
9/12/78,0,EPI,6,6,559,475,50,11,59.4
9/26/78,0,EPI,1,3,343,490,48,14,41.7
10/10/78,0,EPI,1,1,480,440,47,9,41.4
10/24/78,0,EPI,3,166,598,650,47,7,46.4
12/6/78,0,EPI,7,630,367,1150,34,11,32.4
1/10/79,0,EPI,10,605,301,1050,31,7,26.3
2/14/79,0,EPI,16,680,295,1190,28,6,23.5
3/28/79,0,EPI,43,660,343,1200,22,6,23.9
5/22/79,0,EPI,31,180,514,600,26,6,33.1
6/5/79,0,EPI,1,9,640,495,39,10,34
6/19/79,0,EPI,1,7,756,475,54,7,21.5
7/3/79,0,EPI,1,14,846,510,66,8,21.9
7/17/79,0,EPI,1,32,614,660,82,17,21.9
7/31/79,0,EPI,1,17,729,620,79,15,30.6
8/14/79,0,EPI,9,20,1171,650,95,16,49.1
8/28/79,0,EPI,1,24,917,770,52,16,60.4
9/11/79,0,EPI,56,17,930,750,46,13,56.4
9/25/79,0,EPI,85,7,NaN,750,NaN,12,21.8
10/9/79,0,EPI,115,104,439,820,36,10,24.7
10/23/79,0,EPI,164,495,406,1330,35,9,18.8
10/30/79,0,EPI,151,635,430,1420,30,9,19.7
12/17/79,0,EPI,192,635,286,1390,25,8,34.5
1/22/80,0,EPI,195,730,224,1210,23,7,13
2/27/80,0,EPI,199,750,184,1480,21,7,9.9
3/19/80,0,EPI,196,760,149,1480,19,6,9.9
5/6/80,0,EPI,110,104,553,650,19,7,22.9
5/20/80,0,EPI,1,11,470,500,5,8,31.5
6/5/80,0,EPI,6,15,684,740,60,24,17.6
6/17/80,0,EPI,1,20,670,517,62,9,41.3
7/1/80,0,EPI,7,16,369,523,58,9,57.5
7/15/80,0,EPI,1,32,1154,650,64,12,60.5
7/29/80,0,EPI,1,9,450,860,26,26,45
8/12/80,0,EPI,1,9,1296,590,60,13,51.5
8/26/80,0,EPI,1,33,726,615,72,13,61.5
9/9/80,0,EPI,1,28,844,555,80,10,71.5
9/23/80,0,EPI,1,10,1150,525,106,11,99.5
10/7/80,0,EPI,1,13,1256,740,82,11,91
10/21/80,0,EPI,4,348,1072,840,94,8,62
12/8/80,0,EPI,7,345,834,1011,58,9,48
1/12/81,0,EPI,10,617,321,1368,48,8,11.63
2/9/81,0,EPI,11,639,367,1259,38,11,14.9
3/16/81,0,EPI,2,71,557,1618,55,8,16.8
5/4/81,0,EPI,20,334,58,870,11,9,7.2
5/4/81,0,EPI,NaN,NaN,60,NaN,NaN,NaN,8.1
5/18/81,0,EPI,NaN,NaN,186,NaN,NaN,NaN,13.4
5/19/81,0,EPI,55,129,252,824,19,7,13.4
6/1/81,0,EPI,NaN,NaN,443,NaN,NaN,NaN,18.4
6/2/81,0,EPI,35,30,343,169,22,2,18.4
6/15/81,0,EPI,NaN,NaN,358,NaN,NaN,NaN,16.3
6/16/81,0,EPI,17,10,298,616,42,8,11.4
6/29/81,0,EPI,NaN,NaN,296,NaN,NaN,NaN,6.9
6/30/81,0,EPI,6,3,380,535,30,10,11.4
7/13/81,0,EPI,NaN,NaN,237,NaN,NaN,NaN,9.8
7/14/81,0,EPI,1,1,492,532,34,8,5.7
7/27/81,0,EPI,NaN,NaN,454,NaN,NaN,NaN,13
7/28/81,0,EPI,4,12,544,520,44,9,13.3
8/10/81,0,EPI,NaN,NaN,428,NaN,NaN,NaN,18.8
8/11/81,0,EPI,0.5,0.5,674,669,46,9,38.5
8/24/81,0,EPI,NaN,NaN,1090,NaN,NaN,NaN,18.4
8/25/81,0,EPI,7,3,790,982,16,25,17.2
8/26/81,0,EPI,NaN,NaN,NaN,NaN,NaN,NaN,NaN
8/26/81,0,EPI,NaN,NaN,NaN,NaN,NaN,NaN,NaN
9/8/81,0,EPI,0.5,0.5,780,466,50,9,18.2
9/8/81,0,EPI,NaN,NaN,89,NaN,NaN,NaN,9.13
9/21/81,0,EPI,NaN,NaN,800,NaN,NaN,NaN,18.43
9/22/81,0,EPI,0.5,0.5,637,582,70,13,44.5
10/5/81,0,EPI,NaN,NaN,538,NaN,NaN,NaN,34.6
10/6/81,0,EPI,3,61,272,685,52,11,34.3
10/14/81,0,EPI,NaN,NaN,696,NaN,NaN,NaN,25.55
10/20/81,0,EPI,0.5,102,690,576,46,7,55.3
12/15/81,0,EPI,5,255,420,876,32,8,19.2
1/13/82,0,EPI,0.5,422,296,1039,22,8,13.6
2/10/82,0,EPI,0.5,456,246,1235,16,7,5.8
3/10/82,0,EPI,11,480,170,1314,18,7,7.5
5/5/82,0,EPI,19,239,215,931,14,8,8.6
5/5/82,0,EPI,NaN,NaN,194,NaN,NaN,NaN,10.89
5/11/82,0,EPI,13,135,159,758,23,10,10.2
5/17/82,0,EPI,NaN,NaN,200,NaN,NaN,NaN,13.82
5/18/82,0,EPI,NaN,NaN,282,NaN,NaN,NaN,13.82
5/25/82,0,EPI,0.5,0.5,194,528,14,7,16.8
5/31/82,0,EPI,NaN,NaN,275,NaN,NaN,NaN,7.35
6/8/82,0,EPI,0.5,0.5,266,449,25,6,7.6
6/14/82,0,EPI,NaN,NaN,275,NaN,NaN,NaN,4.26
6/15/82,0,EPI,33,0.5,218,622,17,8,4.8
6/22/82,0,EPI,0.5,2,242,572,17,14,6.2
6/29/82,0,EPI,273,4,297,758,42,9,10
6/29/82,0,EPI,NaN,NaN,324,NaN,NaN,NaN,8.77
7/6/82,0,EPI,0.5,0.5,388,420,23,9,21.7
7/12/82,0,EPI,NaN,NaN,437,NaN,NaN,NaN,29.46
7/14/82,0,EPI,0.5,0.5,562,508,24,6,44.6
7/20/82,0,EPI,0.5,0.5,636,621,23,8,68.2
7/26/82,0,EPI,NaN,NaN,682,NaN,NaN,NaN,63.12
7/27/82,0,EPI,0.5,0.5,1058,956,50,14,94.9
7/28/82,0,EPI,NaN,NaN,1108,NaN,NaN,NaN,52.73
8/3/82,0,EPI,3,19,874,715,30,10,81.5
8/3/82,0,EPI,NaN,NaN,958,NaN,NaN,NaN,80.22
8/9/82,0,EPI,NaN,NaN,828,NaN,NaN,NaN,38.66
8/10/82,0,EPI,11,0.5,812,775,30,13,79.3
8/17/82,0,EPI,0.5,5,984,1043,37,16,116.5
8/23/82,0,EPI,NaN,NaN,890,NaN,NaN,NaN,103.58
8/24/82,0,EPI,2,43,917,1112,39,17,127.9
8/31/82,0,EPI,2,35,935,869,44,23,84
9/6/82,0,EPI,NaN,NaN,1042,NaN,NaN,NaN,89.6
9/7/82,0,EPI,133,13,1039,1127,63,22,80.7
9/14/82,0,EPI,1,9,944,776,49,21,97.3
9/20/82,0,EPI,NaN,NaN,679,NaN,NaN,NaN,75.1
9/21/82,0,EPI,1,6,594,752,36,12,76.1
9/28/82,0,EPI,NaN,NaN,451,NaN,NaN,NaN,29.4
9/28/82,0,EPI,4,15,458,698,28,11,36.5
10/5/82,0,EPI,3,20,314,706,21,10,23.5
10/12/82,0,EPI,8,161,370,793,47,13,44.8
10/13/82,0,EPI,NaN,NaN,265,NaN,NaN,NaN,16.71
10/19/82,0,EPI,7,300,313,966,29,11,28.7
10/25/82,0,EPI,NaN,NaN,544,NaN,NaN,NaN,33.27
10/26/82,0,EPI,9,391,599,1126,42,13,34.3
11/1/82,0,EPI,6,485,600,1129,41,11,37.1
12/14/82,0,EPI,12,942,325,1741,34,12,25.5
1/11/83,0,EPI,0.5,1002,373,1940,69,13,21.7
2/15/83,0,EPI,2,1050,226,1899,38,11,11.3
3/14/83,0,EPI,1,1115,158,1707,33,13,5.5
5/8/83,0,EPI,NaN,NaN,54,NaN,NaN,NaN,1.1
5/11/83,0,EPI,14,100,187,661,22,12,6
5/15/83,0,EPI,NaN,NaN,213,NaN,NaN,NaN,8.8
5/17/83,0,EPI,52,124,219,647,27,14,5.8
5/24/83,0,EPI,1,32,200,486,26,12,10.6
5/29/83,0,EPI,NaN,NaN,259,NaN,NaN,NaN,6
5/31/83,0,EPI,2,16,271,501,28,11,8.3
6/7/83,0,EPI,10,15,279,518,27,12,4.9
6/12/83,0,EPI,NaN,NaN,263,NaN,NaN,NaN,4.6
6/14/83,0,EPI,6,12,253,497,27,10,4.7
6/21/83,0,EPI,3,47,262,493,23,18,4.8
6/26/83,0,EPI,NaN,NaN,375,NaN,NaN,NaN,12.3
6/28/83,0,EPI,1,10,75,559,24,10,12.9
7/5/83,0,EPI,18,7,483,574,24,9,24.8
7/10/83,0,EPI,NaN,NaN,667,NaN,NaN,NaN,16.3
7/12/83,0,EPI,60,26,541,742,24,15,14.6
7/13/83,0,EPI,NaN,NaN,NaN,NaN,NaN,NaN,15.5
7/13/83,0,EPI,NaN,NaN,NaN,NaN,NaN,NaN,NaN
7/13/83,0,EPI,NaN,NaN,NaN,NaN,NaN,NaN,NaN
7/13/83,0,EPI,NaN,NaN,NaN,NaN,NaN,NaN,NaN
7/19/83,0,EPI,3,27,537,725,21,10,29.1
7/20/83,0,EPI,NaN,NaN,554,NaN,NaN,NaN,14.6
7/24/83,0,EPI,NaN,NaN,499,NaN,NaN,NaN,27.8
7/26/83,0,EPI,0.5,14,377,852,15,13,12.6
7/26/83,0,EPI,NaN,NaN,466,NaN,NaN,NaN,13
8/2/83,0,EPI,1,19,281,755,14,14,12.8
8/7/83,0,EPI,NaN,NaN,305,NaN,NaN,NaN,15.3
8/9/83,0,EPI,27,48,307,896,52,17,13.8
8/16/83,0,EPI,7,11,226,708,21,14,6.1
8/21/83,0,EPI,NaN,NaN,83,NaN,NaN,NaN,4.3
8/23/83,0,EPI,32,89,109,792,10,15,4.9
8/30/83,0,EPI,0.5,19,172,690,11,13,13.3
9/4/83,0,EPI,NaN,NaN,334,NaN,NaN,NaN,11.3
9/6/83,0,EPI,8,14,264,722,19,14,12.9
9/13/83,0,EPI,2,3,299,566,22,12,10.8
9/18/83,0,EPI,NaN,NaN,285,NaN,NaN,NaN,10.1
9/20/83,0,EPI,8,38,389,684,23,14,12
9/27/83,0,EPI,56,13,281,649,24,11,10.4
10/4/83,0,EPI,2,5,282,594,21,9,17
10/4/83,0,EPI,NaN,NaN,299,NaN,NaN,NaN,10.7
10/11/83,0,EPI,24,71,306,636,22,12,13.5
10/16/83,0,EPI,NaN,NaN,264,NaN,NaN,NaN,14
10/18/83,0,EPI,4,474,235,1130,21,12,11.3
10/26/83,0,EPI,53,466,264,1202,21,9,13.2
12/12/83,0,EPI,69,1460,190,1865,33,17,8.6
1/10/84,0,EPI,68,1360,175,1944,25,10,5.9
2/7/84,0,EPI,5,1265,186,1947,34,11,6.8
3/5/84,0,EPI,0.5,1400,215,1900,30,12,7.3
5/2/84,0,EPI,NaN,NaN,264,NaN,NaN,NaN,30.8
5/8/84,0,EPI,115,149,200,746,21,17,15.1
5/15/84,0,EPI,166,22,251,651,18,18,11
5/22/84,0,EPI,45,5,431,585,30,12,11.2
5/29/84,0,EPI,8,19,271,550,22,13,6.4
6/5/84,0,EPI,55,12,211,575,33,21,6.6
6/12/84,0,EPI,0.5,1,250,457,24,NaN,8.8
6/18/84,0,EPI,0.5,5,287,511,26,8,7
6/26/84,0,EPI,0.5,2,257,450,24,9,3.9
7/3/84,0,EPI,0.5,NaN,258,433,25,13,4.3
7/10/84,0,EPI,0.5,2,320,576,28,10,6.4
7/17/84,0,EPI,0.5,2,375,443,30,8,8.4
7/24/84,0,EPI,NaN,25,510,NaN,222,480,3.2
7/31/84,0,EPI,0.5,19,552,495,48,9,11.7
8/7/84,0,EPI,4,18,NaN,549,44,12,8.8
8/14/84,0,EPI,3,43,756,571,54,15,13.9
8/21/84,0,EPI,3,17,962,539,NaN,17,19.1
8/28/84,0,EPI,7,11,928,552,64,13,23.4
9/4/84,0,EPI,11,0.5,990,554,78,16,5.9
9/11/84,0,EPI,13,1,816,631,80,11,NaN
9/18/84,0,EPI,5,14,144,565,NaN,13,42.8
9/25/84,0,EPI,4,27,1636,659,88,11,29.9
10/2/84,0,EPI,5,16,1216,517,128,16,39.2
10/9/84,0,EPI,2,31,1268,570,120,10,28.3
10/16/84,0,EPI,0.5,11,964,493,52,8,6.9
10/24/84,0,EPI,7,418,788,573,72,8,24.5
12/11/84,0,EPI,13,610,342,1157,20,8,9.2
1/22/85,0,EPI,14,1150,161,1260,18,8,4.4
2/19/85,0,EPI,15,800,232,1329,19,8,5.6
3/19/85,0,EPI,3,760,218,1128,28,8,7.2
3/30/85,0,EPI,NaN,NaN,NaN,NaN,NaN,NaN,13.6
5/7/85,0,EPI,52,38,155,782,12,3,8
5/8/85,0,EPI,NaN,NaN,NaN,NaN,NaN,NaN,3.5
5/14/85,0,EPI,54,28,188,705,15,4,5.8
5/20/85,0,EPI,NaN,NaN,NaN,NaN,NaN,NaN,4.7
5/21/85,0,EPI,5,60,190,488,14,9,4.1
5/28/85,0,EPI,8,12,234,545,16,8,4.4
6/3/85,0,EPI,NaN,NaN,NaN,NaN,NaN,NaN,6.1
6/4/85,0,EPI,5,40,212,517,23,6,5.5
6/11/85,0,EPI,3,80,223,446,26,14,7.3
6/17/85,0,EPI,NaN,NaN,NaN,NaN,NaN,NaN,6
6/18/85,0,EPI,3,42,274,483,29,12,6.4
6/25/85,0,EPI,13,134,288,553,42,9,8.8
7/1/85,0,EPI,NaN,NaN,NaN,NaN,NaN,NaN,14.4
7/2/85,0,EPI,5,56,411,637,46,15,7.7
7/9/85,0,EPI,1,168,549,477,60,8,8.2
7/15/85,0,EPI,NaN,NaN,NaN,NaN,NaN,NaN,11.4
7/16/85,0,EPI,2,8,649,579,54,11,11.4
7/25/85,0,EPI,12,52,719,593,48,8,13.7
7/29/85,0,EPI,NaN,NaN,NaN,NaN,NaN,NaN,18.8
7/30/85,0,EPI,8,62,755,534,52,17,12.2
8/6/85,0,EPI,2,40,751,629,42,15,17.2
8/12/85,0,EPI,NaN,NaN,NaN,NaN,NaN,NaN,15
8/13/85,0,EPI,5,44,593,551,48,17,10.3
8/20/85,0,EPI,8,12,614,848,10,13,15.3
8/26/85,0,EPI,NaN,NaN,NaN,NaN,NaN,NaN,8.1
8/27/85,0,EPI,8,4,493,546,48,2,6.4
9/3/85,0,EPI,1,46,483,560,50,22,22.6
9/10/85,0,EPI,NaN,NaN,NaN,NaN,NaN,NaN,11.2
9/10/85,0,EPI,NaN,NaN,NaN,NaN,NaN,NaN,8.6
9/10/85,0,EPI,NaN,NaN,NaN,NaN,NaN,NaN,8.4
9/10/85,0,EPI,NaN,NaN,NaN,NaN,NaN,NaN,9.6
9/10/85,0,EPI,0.5,20,453,627,36,11,8
9/10/85,0,EPI,NaN,NaN,NaN,NaN,NaN,NaN,10.6
9/17/85,0,EPI,4,30,404,580,32,9,10.7
9/23/85,0,EPI,NaN,NaN,NaN,NaN,NaN,NaN,10.8
9/24/85,0,EPI,15,18,428,567,38,16,12.5
10/1/85,0,EPI,6,24,387,566,37,10,13.6
10/7/85,0,EPI,NaN,NaN,NaN,NaN,NaN,NaN,12.5
10/8/85,0,EPI,13,310,390,843,33,8,13.1
10/15/85,0,EPI,94,558,334,1292,25,10,9
10/21/85,0,EPI,18,608,337,1253,25,9,9.9
10/22/85,0,EPI,NaN,NaN,NaN,NaN,NaN,NaN,10.1
12/9/85,0,EPI,41,784,196,1364,15,5,7.2
1/20/86,0,EPI,41,824,120,1412,13,6,3.9
2/17/86,0,EPI,40,876,170,1426,19,4,7.5
3/17/86,0,EPI,41,822,122,1493,15,4,1.8
4/30/86,0,EPI,NaN,NaN,NaN,NaN,NaN,NaN,5.9
5/6/86,0,EPI,74,306,202,933,13,7,5.5
5/6/86,0,EPI,NaN,NaN,NaN,NaN,NaN,NaN,5.8
5/13/86,0,EPI,119,101,NaN,822,26,16,7.4
5/19/86,0,EPI,NaN,NaN,NaN,NaN,NaN,NaN,12.8
5/20/86,0,EPI,2,88,336,516,19,9,10.2
5/27/86,0,EPI,5,35,275,499,21,8,7.9
6/2/86,0,EPI,NaN,NaN,NaN,NaN,NaN,NaN,6.6
6/3/86,0,EPI,4,35,280,461,23,4,7
6/10/86,0,EPI,2,53,269,492,24,4,6.4
6/11/86,0,EPI,NaN,NaN,NaN,NaN,NaN,NaN,5.6
6/17/86,0,EPI,2,15,NaN,479,27,4,6.9
6/18/86,0,EPI,NaN,NaN,NaN,NaN,NaN,NaN,6.7
6/24/86,0,EPI,3,6,333,500,27,9,7.4
6/30/86,0,EPI,NaN,NaN,NaN,NaN,NaN,NaN,10
7/1/86,0,EPI,7,76,311,508,30,10,7.5
7/8/86,0,EPI,10,28,456,519,32,7,5.3
7/14/86,0,EPI,NaN,NaN,NaN,NaN,NaN,NaN,10.8
7/15/86,0,EPI,27,35,463,592,45,10,9.6
7/22/86,0,EPI,4,11,431,590,25,9,5.8
7/29/86,0,EPI,6,32,466,562,31,12,6.6
7/30/86,0,EPI,NaN,NaN,NaN,NaN,NaN,NaN,7.5
8/5/86,0,EPI,3,37,473,537,27,8,6.3
8/7/86,0,EPI,NaN,NaN,532,NaN,NaN,NaN,NaN
8/11/86,0,EPI,NaN,NaN,NaN,NaN,NaN,NaN,7.5
8/12/86,0,EPI,0.5,7,372,550,26,8,4.7
8/13/86,0,EPI,NaN,NaN,NaN,NaN,NaN,NaN,NaN
8/19/86,0,EPI,6,28,324,554,18,10,5.4
8/25/86,0,EPI,NaN,NaN,NaN,NaN,NaN,NaN,12.1
8/26/86,0,EPI,3,15,375,546,22,9,9.2
9/2/86,0,EPI,3,21,480,565,25,9,15.4
9/9/86,0,EPI,3,9,476,569,28,10,12.3
9/9/86,0,EPI,NaN,NaN,NaN,NaN,NaN,NaN,12.7
9/16/86,0,EPI,3,21,453,403,29,9,13.9
9/22/86,0,EPI,NaN,NaN,NaN,NaN,NaN,NaN,15.5
9/23/86,0,EPI,2,7,370,513,29,10,15.6
9/30/86,0,EPI,2,13,461,476,26,8,15.1
10/7/86,0,EPI,5,75,624,516,30,7,16.2
10/13/86,0,EPI,20,325,425,959,26,7,16.8
10/21/86,0,EPI,NaN,NaN,NaN,NaN,NaN,NaN,16.9
10/28/86,0,EPI,58,379,469,971,27,8,18.2
12/10/86,0,EPI,57,658,414,1192,25,5,16
1/21/87,0,EPI,55,690,303,1281,22,2,12.6
2/18/87,0,EPI,58,711,293,1360,22,6,11.7
3/18/87,0,EPI,27,724,291,1286,21,5,14.5
5/5/87,0,EPI,90,26,348,545,19,8,12.5
5/12/87,0,EPI,5,33,407,458,23,11,18.9
5/19/87,0,EPI,4,8,504,461,32,6,20.5
5/26/87,0,EPI,4,13,535,417,33,6,19.7
6/2/87,0,EPI,24,7,690,493,11,9,37.2
6/9/87,0,EPI,68,50,593,432,52,10,22
6/16/87,0,EPI,2,18,660,484,57,8,26
6/23/87,0,EPI,6,12,688,460,63,9,29.8
6/30/87,0,EPI,4,11,1013,429,78,6,39.9
7/7/87,0,EPI,4,19,1093,555,79,8,46.7
7/14/87,0,EPI,4,10,1129,498,80,9,52.1
7/21/87,0,EPI,6,22,1158,612,79,13,50.1
7/28/87,0,EPI,4,24,1323,541,88,9,65.6
8/4/87,0,EPI,146,3,1161,672,72,8,44.3
8/11/87,0,EPI,13,20,1144,573,73,10,50.8
8/18/87,0,EPI,540,2,1092,1218,163,10,50.1
8/25/87,0,EPI,5,21,1131,510,NaN,9,64.6
9/1/87,0,EPI,3,19,525,498,76,10,24
9/8/87,0,EPI,6,64,831,658,61,11,26.6
9/15/87,0,EPI,29,39,585,627,45,13,23.9
9/21/87,0,EPI,3,13,568,494,39,14,31.3
9/29/87,0,EPI,2,19,585,508,44,12,33.4
10/6/87,0,EPI,4,116,630,616,50,9,32.1
10/13/87,0,EPI,18,479,624,996,48,6,31.8
10/27/87,0,EPI,46,705,680,1332,46,8,36.8
1/22/88,0,EPI,93,674,426,1258,28,7,28.8
2/24/88,0,EPI,91,720,340,1380,25,9,21.6
3/23/88,0,EPI,91,740,274,1344,20,4,14.3
5/10/88,0,EPI,171,70,216,630,15,3,13.46
5/11/88,0,EPI,NaN,NaN,211,NaN,NaN,NaN,12.35
5/17/88,0,EPI,164,29,255,640,17,10,13.18
5/23/88,0,EPI,NaN,NaN,267,NaN,NaN,NaN,13.88
5/24/88,0,EPI,88,42,256,560,20,8,13.18
5/31/88,0,EPI,3,15,258,500,22,8,13.88
6/6/88,0,EPI,NaN,NaN,258,NaN,NaN,NaN,6.52
6/7/88,0,EPI,7,27,247,440,16,8,12.6
6/8/88,0,EPI,NaN,NaN,262,NaN,NaN,NaN,17.5
6/14/88,0,EPI,2,20,350,580,25,11,23.4
6/20/88,0,EPI,NaN,NaN,396,NaN,NaN,NaN,35.3
6/21/88,0,EPI,1,9,395,510,21,13,34.9
6/28/88,0,EPI,2,7,470,540,15,13,41.3
7/4/88,0,EPI,NaN,NaN,417,NaN,NaN,NaN,60
7/5/88,0,EPI,18,13,452,660,12,16,60
7/12/88,0,EPI,3,2,343,550,21,8,45.6
7/18/88,0,EPI,NaN,NaN,325,NaN,NaN,NaN,41.8
7/19/88,0,EPI,3,7,331,560,20,7,42.5
7/21/88,0,EPI,NaN,NaN,373,NaN,NaN,NaN,48.5
7/26/88,0,EPI,4,15,364,580,22,7,39.2
8/1/88,0,EPI,NaN,NaN,366,NaN,NaN,NaN,46.4
8/2/88,0,EPI,4,5,339,530,19,7,41
8/9/88,0,EPI,8,23,357,540,21,8,34.7
8/15/88,0,EPI,NaN,NaN,394,NaN,NaN,NaN,47.9
8/16/88,0,EPI,7,12,394,580,30,9,33.9
8/23/88,0,EPI,2,8,411,650,29,10,46.2
8/29/88,0,EPI,NaN,NaN,502,NaN,NaN,NaN,56.5
8/30/88,0,EPI,6,5,502,550,31,10,58.3
9/6/88,0,EPI,400,1,469,1040,55,89,63.7
9/13/88,0,EPI,NaN,NaN,556,NaN,NaN,NaN,67.9
9/13/88,0,EPI,1,1,540,610,35,8,68.5
9/20/88,0,EPI,70,13,481,670,36,13,48.2
9/27/88,0,EPI,17,115,319,770,34,13,29.4
10/4/88,0,EPI,19,206,349,830,36,11,30
10/4/88,0,EPI,NaN,NaN,320,NaN,NaN,NaN,27.7
10/11/88,0,EPI,29,142,350,280,35,10,28.4
10/18/88,0,EPI,26,54,413,670,37,10,43.9
10/19/88,0,EPI,NaN,NaN,389,NaN,NaN,NaN,42.7
10/25/88,0,EPI,34,596,466,1320,43,9,53.8
12/7/88,0,EPI,35,588,273,1300,22,9,25.4
1/18/89,0,EPI,34,722,163,1240,17,6,7.5
2/22/89,0,EPI,3,828,265,1440,32,7,21.7
3/22/89,0,EPI,3,788,314,1380,53,7,26.9
5/16/89,0,EPI,2,4,176,450,10,6,8.6
5/17/89,0,EPI,NaN,NaN,172,NaN,NaN,NaN,11.5
5/24/89,0,EPI,1,2,161,420,12,6,9.4
5/30/89,0,EPI,0.5,7,184,450,16,7,11.2
5/31/89,0,EPI,NaN,NaN,188,NaN,NaN,NaN,11.2
6/6/89,0,EPI,0.5,1,131,430,15,6,6.7
6/13/89,0,EPI,2,5,201,470,28,7,17.2
6/14/89,0,EPI,NaN,NaN,222,NaN,NaN,NaN,16.4
6/20/89,0,EPI,2,2,195,470,89,54,8
6/27/89,0,EPI,2,1,269,460,36,211,17.1
6/28/89,0,EPI,NaN,NaN,310,NaN,NaN,NaN,18.6
7/4/89,0,EPI,1,1,470,450,27,7,23.5
7/11/89,0,EPI,1,1,782,460,43,7,52.7
7/12/89,0,EPI,NaN,NaN,721,NaN,NaN,NaN,56.1
7/18/89,0,EPI,0.5,2,951,500,34,8,65.2
7/25/89,0,EPI,0.5,5,868,590,29,8,88.7
7/26/89,0,EPI,NaN,NaN,1136,NaN,NaN,NaN,67.7
8/1/89,0,EPI,0.5,26,NaN,660,39,13,49.5
8/8/89,0,EPI,0.5,9,680,750,27,11,48.8
8/9/89,0,EPI,NaN,NaN,741,NaN,NaN,NaN,47
8/15/89,0,EPI,0.5,6,683,770,29,12,49.7
8/22/89,0,EPI,0.5,5,654,780,24,10,49
8/23/89,0,EPI,NaN,NaN,678,NaN,NaN,NaN,52.9
8/29/89,0,EPI,1,6,499,660,23,9,43.9
9/5/89,0,EPI,1,14,331,720,19,9,33.8
9/6/89,0,EPI,NaN,NaN,383,NaN,NaN,NaN,40.5
9/12/89,0,EPI,1,8,382,610,28,10,41.9
9/19/89,0,EPI,34,24,263,690,24,9,16.4
9/26/89,0,EPI,41,74,193,650,21,9,16.6
10/3/89,0,EPI,59,116,216,640,25,8,22.4
10/11/89,0,EPI,72,184,198,770,21,7,23.8
10/18/89,0,EPI,NaN,NaN,108,NaN,NaN,NaN,27.2
10/24/89,0,EPI,98,323,295,960,8,8,25.6
12/11/89,0,EPI,96,780,187,1360,19,8,19.5
1/15/90,0,EPI,97,750,192,1500,25,8,24.4
2/12/90,0,EPI,67,936,176,1650,33,14,10.5
3/12/90,0,EPI,1,900,208,1500,39,10,NaN
5/9/90,0,EPI,83,289,249,900,24,8,15
5/9/90,0,EPI,NaN,NaN,266,NaN,NaN,NaN,25
5/16/90,0,EPI,111,103,227,720,16,8,9.9
5/17/90,0,EPI,115,87,253,740,20,10,15
5/30/90,0,EPI,0.5,6,293,550,25,9,8.5
6/11/90,0,EPI,1,12,271,580,51,32,11
6/14/90,0,EPI,0.5,5,180,530,30,9,9.5
6/28/90,0,EPI,1,7,153,580,48,27,6.6
7/9/90,0,EPI,0.5,8,268,480,33,9,23
7/12/90,0,EPI,0.5,2,532,510,48,11,36
7/26/90,0,EPI,0.5,7,756,790,44,15,44
8/8/90,0,EPI,0.5,7,683,710,45,15,48
8/9/90,0,EPI,0.5,4,758,720,50,14,59
8/23/90,0,EPI,0.5,6,401,730,45,17,54
8/27/90,0,EPI,1,4,490,700,43,16,62
9/6/90,0,EPI,NaN,NaN,455,NaN,NaN,NaN,65
9/13/90,0,EPI,0.5,10,NaN,620,NaN,16,NaN
9/13/90,0,EPI,0.5,10,NaN,670,NaN,16,NaN
9/20/90,0,EPI,0.5,5,299,590,32,11,25
10/1/90,0,EPI,8,70,169,600,23,12,8.1
10/18/90,0,EPI,41,660,258,1120,32,11,20
10/31/90,0,EPI,47,850,348,1500,39,10,28
12/13/90,0,EPI,82,880,307,1520,31,9,21
1/16/91,0,EPI,85,1000,184,1760,28,8,7.8
2/13/91,0,EPI,36,1000,175,1520,26,8,13.66
3/13/91,0,EPI,4,1100,235,1750,38,8,18.27
5/15/91,0,EPI,NaN,NaN,319,NaN,NaN,NaN,9.08
5/15/91,0,EPI,110,85,365,670,25,7,11.69
5/29/91,0,EPI,0.5,12,236,440,31,8,6.52
5/29/91,0,EPI,NaN,NaN,235,NaN,NaN,NaN,9.31
6/12/91,0,EPI,0.5,4,292,450,41,9,15.52
6/12/91,0,EPI,NaN,NaN,302,NaN,NaN,NaN,16.62
6/26/91,0,EPI,NaN,NaN,776,NaN,NaN,NaN,67.77
6/26/91,0,EPI,0.5,51,914,510,51,11,76.86
7/10/91,0,EPI,NaN,NaN,1310,NaN,NaN,NaN,147.89
7/10/91,0,EPI,3,29,1180,720,65,12,111.54
7/24/91,0,EPI,NaN,NaN,439,NaN,NaN,NaN,27.39
7/24/91,0,EPI,0.5,8,426,630,27,10,30.76
8/7/91,0,EPI,NaN,NaN,173,NaN,NaN,NaN,5.35
8/7/91,0,EPI,11,6,172,470,14,7,8.56
8/21/91,0,EPI,NaN,NaN,253,NaN,NaN,NaN,10.6
8/21/91,0,EPI,2,6,250,470,14,8,12.15
9/4/91,0,EPI,NaN,NaN,NaN,NaN,NaN,NaN,14.74
9/4/91,0,EPI,9,4,253,430,15,6,13.37
9/18/91,0,EPI,NaN,NaN,251,NaN,NaN,NaN,18.58
9/18/91,0,EPI,3,10,246,460,17,11,18.86
10/2/91,0,EPI,NaN,NaN,157,NaN,NaN,NaN,8.01
10/2/91,0,EPI,71,82,156,590,15,10,6.45
10/16/91,0,EPI,NaN,NaN,169,NaN,NaN,NaN,8.24
10/29/91,0,EPI,178,666,231,1430,32,12,9.88
12/10/91,0,EPI,186,960,117,1510,15,11,4.39
3/18/92,0,EPI,207,960,101,1790,14,8,2.86
5/12/92,0,EPI,NaN,NaN,NaN,NaN,NaN,NaN,NaN
5/13/92,0,EPI,NaN,NaN,201,NaN,NaN,NaN,16.05
5/13/92,0,EPI,85,217,210,650,17,6,15.77
5/27/92,0,EPI,NaN,NaN,184,NaN,NaN,NaN,8.83
5/27/92,0,EPI,0.5,30,172,330,15,6,6.83
6/10/92,0,EPI,NaN,NaN,186,NaN,NaN,NaN,7.32
6/10/92,0,EPI,0.5,25,182,340,22,7,6.01
6/24/92,0,EPI,NaN,NaN,561,NaN,NaN,NaN,28.57
6/24/92,0,EPI,0.5,6,570,400,NaN,7,37.04
7/8/92,0,EPI,NaN,NaN,778,NaN,NaN,NaN,35.8
7/8/92,0,EPI,0.5,7,766,410,27,7,33.66
7/22/92,0,EPI,NaN,NaN,994,NaN,NaN,NaN,39.29
7/22/92,0,EPI,1,89,930,500,31,10,45.22
8/5/92,0,EPI,NaN,NaN,720,NaN,NaN,NaN,33.94
8/5/92,0,EPI,1,20,631,550,19,8,29.42
8/19/92,0,EPI,0.5,6,507,450,20,5,19.13
8/19/92,0,EPI,NaN,NaN,496,NaN,NaN,NaN,23.49
9/2/92,0,EPI,NaN,NaN,561,NaN,NaN,NaN,42
9/2/92,0,EPI,5,11,577,450,28,6,37.8
9/16/92,0,EPI,NaN,NaN,438,NaN,NaN,NaN,29.86
9/16/92,0,EPI,0.5,6,446,450,24,6,26.24
9/30/92,0,EPI,21,45,NaN,480,23,7,14.01
10/13/92,0,EPI,3,124,246,550,21,7,18.7
10/13/92,0,EPI,NaN,NaN,239,NaN,NaN,NaN,20.9
10/28/92,0,EPI,27,660,237,1100,20,7,14.25
1/13/93,0,EPI,72,650,40,1130,10,7,2.07
5/3/93,0,EPI,NaN,NaN,210,NaN,22,NaN,14.45
5/17/93,0,EPI,53,43,143,510,13,6,10.29
5/17/93,0,EPI,NaN,NaN,NaN,NaN,NaN,NaN,NaN
5/31/93,0,EPI,0.5,11,167,380,19,7,4.17
6/14/93,0,EPI,0.5,10,512,390,43,6,46.19
6/28/93,0,EPI,10,12,651,460,40,7,33.22
7/12/93,0,EPI,0.5,6,501,450,28,5,18.18
7/21/93,0,EPI,0.5,7,791,505,27,6,43.38
7/26/93,0,EPI,0.5,8,883,490,31,4,53.25
8/9/93,0,EPI,0.5,5,743,490,29,6,36.17
8/23/93,0,EPI,0.5,8,777,580,34,6,38.05
9/2/93,0,EPI,0.5,5,575,460,37,7,36.07
9/20/93,0,EPI,0.5,8,512,450,37,8,22.13
10/4/93,0,EPI,18,189,304,630,24,7,18.5
10/27/93,0,EPI,103,417,301,930,25,6,37.05
5/18/94,0,EPI,248,79,92,740,7,11,2.4
6/1/94,0,EPI,1,11,244,410,21,6,19.79
6/9/94,0,EPI,NaN,NaN,244,NaN,NaN,NaN,NaN
6/15/94,0,EPI,1,9,330,400,NaN,6,18.06
6/27/94,0,EPI,0.5,8,547,440,31,7,28.81
6/28/94,0,EPI,NaN,NaN,656,NaN,NaN,NaN,NaN
7/13/94,0,EPI,0.5,14,1214,490,44,5,68.33
7/14/94,0,EPI,NaN,NaN,1124,NaN,NaN,NaN,NaN
7/27/94,0,EPI,1,11,1363,460,56,7,77.09
7/28/94,0,EPI,NaN,NaN,646,NaN,NaN,NaN,NaN
8/9/94,0,EPI,NaN,NaN,841,NaN,NaN,NaN,NaN
8/10/94,0,EPI,0.5,5,720,420,38,3,36.76
8/18/94,0,EPI,NaN,NaN,NaN,NaN,NaN,3,NaN
8/23/94,0,EPI,0.5,6,189,390,33,4,7.05
8/24/94,0,EPI,NaN,NaN,198,NaN,NaN,NaN,NaN
9/7/94,0,EPI,0.5,4,252,360,22,5,16.18
9/8/94,0,EPI,NaN,NaN,236,NaN,NaN,NaN,NaN
9/21/94,0,EPI,1,10,361,410,18,6,20.2
10/5/94,0,EPI,0.5,5,218,400,16,5,17.76
10/19/94,0,EPI,1,4,153,380,18,5,13.54
10/19/94,0,EPI,NaN,NaN,173,NaN,16,NaN,13.74
12/13/94,0,EPI,79,365,107,830,9,8,9.19
5/16/95,0,EPI,41,11,94,385,8,3,4.17
5/30/95,0,EPI,NaN,NaN,NaN,NaN,NaN,NaN,NaN
5/30/95,0,EPI,0.5,6,96,345,13,4,2.88
6/13/95,0,EPI,0.5,6,143,360,15,3,4.99
6/27/95,0,EPI,2,15,837,480,27,8,65.06
7/11/95,0,EPI,0.5,15,398,500,16,11,2.56
7/25/95,0,EPI,1,13,721,535,24,6,39.44
8/8/95,0,EPI,1,13,866,355,34,6,50.66
8/22/95,0,EPI,1,13,874,405,49,9,65.9
9/5/95,0,EPI,1,6,945,445,55,6,57.55
9/19/95,0,EPI,0.5,22,436,410,55,6,62.92
10/3/95,0,EPI,0.5,12,143,370,13,5,6.79
10/30/95,0,EPI,23,566,151,895,13,6,0.97
5/21/96,0,EPI,35,338,50,435,4,4,1.73
6/3/96,0,EPI,52,313,56,660,10,20,4.85
6/17/96,0,EPI,8,1590,48,520,4,9,1.42
6/26/96,0,EPI,18,69,NaN,550,5,10,0.85
7/2/96,0,EPI,24,34,69,485,6,11,6.41
7/9/96,0,EPI,18,56,51,695,6,10,3.48
7/15/96,0,EPI,15,36,78,400,25,43,5
7/23/96,0,EPI,0.5,15,81,440,15,10,4.73
7/29/96,0,EPI,0.5,7,108,190,17,18,5.72
8/6/96,0,EPI,3,17,101,395,14,10,7.02
8/12/96,0,EPI,2,13,166,405,21,10,10.26
8/20/96,0,EPI,0.5,8,79,330,12,11,7.47
8/26/96,0,EPI,0.5,11,97,390,13,11,7.84
9/3/96,0,EPI,0.5,4,123,310,18,15,11.91
9/9/96,0,EPI,1,8,108,390,17,12,11.55
9/18/96,0,EPI,0.5,6,78,410,13,15,6
9/23/96,0,EPI,0.5,4,119,415,18,9,8.51
10/7/96,0,EPI,0.5,5,245,355,27,7,27.13
10/30/96,0,EPI,4,265,403,660,NaN,6,51.38
5/12/97,0,EPI,78,8,175,395,25,15,0.92
5/22/97,0,EPI,0.5,14,121,305,26,9,6.15
5/26/97,0,EPI,0.5,4,157,310,28,10,17.55
6/2/97,0,EPI,0.5,8,111,310,13,6,4.27
6/9/97,0,EPI,0.5,22,130,360,24,8,4.98
6/11/97,0,EPI,NaN,8,NaN,NaN,NaN,NaN,NaN
6/18/97,0,EPI,0.5,13,422,355,21,6,27.44
6/23/97,0,EPI,0.5,46,468,350,86,8,53.1
7/2/97,0,EPI,1,10,676,420,30,5,41.64
7/7/97,0,EPI,1,24,632,470,40,5,60
7/14/97,0,EPI,3,18,601,480,22,5,46.74
7/21/97,0,EPI,1,8,598,420,24,6,43.4
7/28/97,0,EPI,5,13,491,435,15,7,28.85
8/6/97,0,EPI,60,70,214,545,11,5,5.31
8/11/97,0,EPI,5,8,206,470,17,8,12.49
8/18/97,0,EPI,0.5,9,245,400,20,8,25.89
8/25/97,0,EPI,1,8,139,440,22,7,22.85
9/4/97,0,EPI,0.5,8,454,400,44,11,26.45
9/8/97,0,EPI,0.5,19,459,510,29,8,33.81
9/15/97,0,EPI,0.5,10,323,425,47,10,53.1
9/22/97,0,EPI,2,12,479,450,40,9,47.24
10/15/97,0,EPI,0.5,14,523,370,34,8,51.44
10/29/97,0,EPI,6,855,380,1265,42,14,34.43
4/22/98,0,EPI,18,245,316,725,30,15,38.37
5/6/98,0,EPI,6,20,341,440,24,7,47.66
5/20/98,0,EPI,0.5,8,351,415,32,8,19.99
6/3/98,0,EPI,0.5,27,517,445,53,11,23.28
6/17/98,0,EPI,1,11,906,595,156,72,67.61
7/1/98,0,EPI,1,22,1179,480,52,196,39.74
7/15/98,0,EPI,26,22,415,625,33,15,13.55
7/29/98,0,EPI,0.5,6,220,505,24,9,7.32
8/12/98,0,EPI,1,7,294,460,23,8,12.17
8/13/98,0,EPI,NaN,NaN,NaN,NaN,21,NaN,11.03
8/26/98,0,EPI,0.5,20,373,515,27,10,11.99
9/9/98,0,EPI,0.5,7,281,450,26,8,17.07
9/23/98,0,EPI,0.5,2,281,525,28,11,18.02
10/7/98,0,EPI,9,12,305,435,32,10,30.47
10/26/98,0,EPI,69,195,NaN,725,30,10,32.88
5/27/99,0,EPI,0.5,10,194,395,44,71,4.95
6/9/99,0,EPI,0.5,14,NaN,NaN,24,9,11.07
6/23/99,0,EPI,0.5,11,580,455,39,NaN,60.86
7/7/99,0,EPI,0.5,11,855,545,41,13,68.55
7/20/99,0,EPI,0.5,8,539,550,31,10,27.99
8/5/99,0,EPI,1,8,375,565,22,10,19.7
8/17/99,0,EPI,0.5,12,256,500,17,11,25.18
9/1/99,0,EPI,0.5,18,216,445,19,11,10.79
9/15/99,0,EPI,0.5,7,230,435,23,8,29.32
9/29/99,0,EPI,0.5,6,203,415,12,7,19.14
10/20/99,0,EPI,43,193,212,650,25,7,15
3/22/00,0,EPI,26,710,415,1195,48,9,47.06
5/3/00,0,EPI,0.5,15,198,435,18,9,7.36
5/17/00,0,EPI,5,19,163,495,19,6,3.91
5/31/00,0,EPI,1,13,187,365,24,9,9.63
6/14/00,0,EPI,1,15,244,420,19,7,11.75
6/28/00,0,EPI,0.5,17,220,470,22,12,10.41
7/12/00,0,EPI,0.5,15,552,535,33,7,55.82
7/26/00,0,EPI,4,21,190,500,22,5,8.32
8/10/00,0,EPI,0.5,20,246,595,16,3,12.86
8/22/00,0,EPI,2,10,232,450,23,0.25,17.6
9/6/00,0,EPI,1,24,325,530,30,12,39.58
9/20/00,0,EPI,2,20,248,435,31,5,17.05
10/4/00,0,EPI,1,14,224,465,23,1,16.5
10/24/00,0,EPI,56,50,262,485,19,8,23.69
5/16/01,0,EPI,1,21,131,435,18,0.25,6.29
5/30/01,0,EPI,1,17,147,385,20,8,4.54
6/13/01,0,EPI,1,13,210,455,22,7,8.21
6/27/01,0,EPI,4,19,349,405,25,3,25.76
7/11/01,0,EPI,13,16,529,480,24,10,17.78
7/25/01,0,EPI,22,10,164,475,12,8,7.3
8/9/01,0,EPI,1,22,138,485,21,12,6.96
8/22/01,0,EPI,6,15,273,510,27,10,16.12
9/6/01,0,EPI,5,24,332,485,32,10,22.5
9/17/01,0,EPI,1,13,364,455,35,13,26.19
10/3/01,0,EPI,6,13,234,280,28,8,12.83
10/24/01,0,EPI,137,298,151,860,24,9,17.95
5/22/02,0,EPI,260,21,164,655,13,9,3.47
6/5/02,0,EPI,5,15,156,425,15,8,8.36
6/18/02,0,EPI,12,99,226,895,24,11,9.34
7/2/02,0,EPI,2,16,265,420,18,11,12.31
7/16/02,0,EPI,1,28,329,470,16,6,16.59
7/30/02,0,EPI,1,27,175,490,19,7,11.7
8/13/02,0,EPI,1,33,385,470,31,9,20.35
8/27/02,0,EPI,2,21,357,480,30,11,13.38
9/10/02,0,EPI,1,14,352,475,31,13,15.53
9/24/02,0,EPI,0.5,19,416,475,36,9,30.98
10/8/02,0,EPI,5,19,320,440,36,9,25.04
10/28/02,0,EPI,93,255,312,795,37,11,18.32
5/5/03,0,EPI,3,39,120,380,10,7,4.93
5/20/03,0,EPI,0.5,23,144,365,18,7,5.58
6/2/03,0,EPI,0.5,13,172,315,18,6,7.59
6/16/03,0,EPI,0.5,11,438,395,28,5,17.49
6/30/03,0,EPI,51,13,375,505,11,4,19.66
7/14/03,0,EPI,0.5,41,282,545,5,12,14.74
7/28/03,0,EPI,0.5,24,349,380,25,8,13.42
8/11/03,0,EPI,0.5,13,434,435,36,2,19.07
8/25/03,0,EPI,0.5,9,415,455,36,9,13.89
9/8/03,0,EPI,0.5,8,268,425,26,10,13.82
9/22/03,0,EPI,6,53,227,455,26,6,25.64
10/6/03,0,EPI,105,146,180,645,19,8,10.27
10/28/03,0,EPI,70,455,261,930,27,9,17.4
5/12/04,0,EPI,43,65,203,435,21,6,21.85
5/26/04,0,EPI,1,11,160,239,15,4,6.63
6/9/04,0,EPI,0.5,8,156,316,20,10,4.9
6/23/04,0,EPI,0.5,7,221,303,34,5,13.75
7/7/04,0,EPI,7,24,577,400,31,5,49.4
7/20/04,0,EPI,65,17,641,515,30,8,48.43
7/21/04,0,EPI,90,13,531,517,23,8,37.8
7/22/04,0,EPI,84,15,NaN,579,NaN,NaN,NaN
8/4/04,0,EPI,81,7,273,460,19,9,14.33
8/18/04,0,EPI,0.5,8,429,355,29,12,20.18
9/1/04,0,EPI,0.5,5,361,420,31,9,18.05
9/15/04,0,EPI,0.5,45,280,390,25,11,16.25
9/29/04,0,EPI,0.5,6,247,380,22,9,13.2
10/13/04,0,EPI,0.5,6,248,345,24,9,24.07
10/26/04,0,EPI,62,270,247,670,25,9,24.85
5/3/05,0,EPI,17,32,286,368,26,7,12.18
5/11/05,0,EPI,0.5,7,201,320,17,7,9.32
5/25/05,0,EPI,1,11,158,304,23,6,5.64
6/8/05,0,EPI,0.5,14,272,298,31,8,26.26
6/22/05,0,EPI,4,22,357,451,40,9,58.18
7/6/05,0,EPI,17,7,609,430,27,7,48.09
7/6/05,0,EPI,NaN,NaN,NaN,NaN,NaN,NaN,33.81
7/14/05,0,EPI,NaN,NaN,NaN,NaN,NaN,NaN,19.3
7/20/05,0,EPI,0.5,22,207,405,14,8,11.77
8/3/05,0,EPI,NaN,14,231,390,35,10,10.21
8/17/05,0,EPI,0.5,8,308,374,24,8,21.16
8/31/05,0,EPI,0.5,11,316,372,25,7,21.78
9/14/05,0,EPI,4,5,255,363,25,10,14.81
9/28/05,0,EPI,1,29,228,328,19,5,19.91
10/12/05,0,EPI,108,135,193,498,21,8,15.2
10/31/05,0,EPI,230,156,175,687,16,7,14.98
5/8/06,0,EPI,123,20,63,424,11,8,0.82
5/24/06,0,EPI,0.5,17,194,344,27,3,1.51
6/7/06,0,EPI,0.5,18,317,337,26,7,18.48
6/21/06,0,EPI,43,14,695,443,34,5,54.78
7/4/06,0,EPI,215,22,248,646,15,7,4.39
7/19/06,0,EPI,48,21,227,423,19,10,20.18
8/2/06,0,EPI,0.5,16,301,359,22,10,4.97
8/16/06,0,EPI,5,14,307,367,27,11,29.69
8/30/06,0,EPI,0.5,8,279,387,24,9,14.51
9/13/06,0,EPI,0.5,8,199,190,20,10,10.73
9/27/06,0,EPI,0.5,10,216,364,23,10,NaN
10/11/06,0,EPI,9,70,317,401,31,8,2.17
10/31/06,0,EPI,175,300,352,792,50,11,37.21
5/9/07,0,EPI,8,11,162,316,19,10,6.6
5/22/07,0,EPI,1,15,5,281,25,9,7.65
6/5/07,0,EPI,1,15,276,278,30,8,14.39
6/19/07,0,EPI,5,13,575,341,35,6,61.16
7/3/07,0,EPI,3,16,885,396,32,6,84.66
7/17/07,0,EPI,0.5,19,293,457,29,12,19.52
7/31/07,0,EPI,0.5,21,175,439,25,9,11.57
8/14/07,0,EPI,0.5,21,208,442,25,12,25.53
8/28/07,0,EPI,0.5,25,411,429,30,12,30.64
9/11/07,0,EPI,0.5,16,436,416,34,12,39.77
9/25/07,0,EPI,0.5,15,445,396,33,7,47.94
10/9/07,0,EPI,0.5,13,466,408,30,8,63.12
10/23/07,0,EPI,1,18,506,366,31,10,54.85
11/6/07,0,EPI,52,385,484,807,31,8,52.67
5/13/08,0,EPI,45,40,218,479,21,10,12.27
5/27/08,0,EPI,2,10,205,352,21,6,11.55
6/10/08,0,EPI,0.5,14,165,331,26,7,7.59
6/24/08,0,EPI,1,570,589,933,33,9,39.45
7/8/08,0,EPI,33,14,541,467,33,8,60.1
7/22/08,0,EPI,89,24,218,527,12,9,8.17
8/5/08,0,EPI,1,20,232,389,14,7,11.2
8/19/08,0,EPI,1,36,266,405,23,384,23.18
9/2/08,0,EPI,2,12,255,492,21,8,13.55
9/16/08,0,EPI,5,10,182,343,20,9,13.21
9/30/08,0,EPI,0.5,14,206,367,25,8,20.34
10/14/08,0,EPI,2,15,48,247,6,2,2.49
11/10/08,0,EPI,138,636,386,1104,35,9,34.41
5/12/09,0,EPI,64,16,210,416,16,7,8.8
5/19/09,0,EPI,16,17,190,369,16,7,7.34
6/1/09,0,EPI,0.5,12,156,331,18,8,5.07
6/15/09,0,EPI,1,14,150,329,12,8,3.91
6/29/09,0,EPI,0.5,14,467,389,34,8,39.94
7/14/09,0,EPI,13,12,792,407,38,6,68.91
7/27/09,0,EPI,98,14,513,588,25,8,52.73
8/11/09,0,EPI,49,15,220,488,14,8,14.08
8/25/09,0,EPI,0.5,9,213,333,11,7,15.97
9/9/09,0,EPI,0.5,12,327,352,26,10,32.23
9/22/09,0,EPI,1,11,319,367,17,8,58.76
10/6/09,0,EPI,57,10,230,366,16,7,26.35
11/2/09,0,EPI,230,401,274,973,29,7,23.31
5/5/10,0,EPI,73,9,191,341,15,4,12.46
5/18/10,0,EPI,0.5,19,225,310,22,8,7.92
6/1/10,0,EPI,27,7,211,318,26,6,8.92
6/2/10,0,EPI,1,9,191,289,33,7,NaN
6/2/10,0,EPI,4,8,207,297,28,10,NaN
6/14/10,0,EPI,0.5,15,412,349,29,6,24.01
6/15/10,0,EPI,0.5,14,502,320,32,5,26.41
6/29/10,0,EPI,11,5,387,387,35,5,61.35
6/29/10,0,EPI,12,9,481,387,32,5,51.24
7/12/10,0,EPI,22,6,512,435,15,6,37.72
7/13/10,0,EPI,28,5,456,437,15,6,29.7
7/27/10,0,EPI,1,24,188,400,13,11,11.08
7/27/10,0,EPI,0.5,13,174,350,14,5,8.46
8/9/10,0,EPI,1,17,145,362,14,6,5.54
8/10/10,0,EPI,0.5,25,159,369,16,6,6.82
8/23/10,0,EPI,0.5,23,243,382,17,6,11.94
8/24/10,0,EPI,0.5,16,248,343,21,5,15.65
9/8/10,0,EPI,0.5,10,301,353,24,6,24.36
9/20/10,0,EPI,0.5,47,406,364,44,7,91.79
9/21/10,0,EPI,1,15,352,376,27,6,38.94
10/5/10,0,EPI,0.5,7,353,350,28,6,30.76
10/14/10,0,EPI,1,12,351,317,30,6,71.61
11/2/10,0,EPI,25,308,520,157,36,7,49.32
5/5/11,0,EPI,52,180,348,588,41,7,23.65
5/17/11,0,EPI,2,12,180,341,21,7,6.84
5/31/11,0,EPI,1,13,213,343,29,0.5,NaN
6/14/11,0,EPI,1,10,577,370,33,7,41.72
6/28/11,0,EPI,13,7,764,414,35,6,67.65
7/12/11,0,EPI,4,8,518,481,18,7,41.36
7/26/11,0,EPI,0.5,11,276,417,16,6,13.5
8/9/11,0,EPI,NaN,8,279,394,21,6,19.59
8/23/11,0,EPI,1,7,447,365,29,7,43.04
9/6/11,0,EPI,0.5,8,469,416,28,7,NaN
9/20/11,0,EPI,3,9,283,383,24,6,27.26
10/4/11,0,EPI,1,12,302,384,23,8,23.66
10/18/11,0,EPI,5,83,438,455,40,7,74.3
11/8/11,0,EPI,85,578,509,1001,44,6,46.9
4/24/12,0,EPI,216,15,177,510,18,5,4.95
5/8/12,0,EPI,16,10,227,354,21,4,5.59
5/23/12,0,EPI,3,10,195,328,29,7,11.66
6/5/12,0,EPI,1,9,295,341,29,6,12.31
6/26/12,0,EPI,20,10,818,455,39,8,78.79
7/3/12,0,EPI,57,18,337,494,16,6,22.06
7/17/12,0,EPI,39,26,180,424,18,9,10.36
7/31/12,0,EPI,0,8,229,353,13,7,15.55
8/14/12,0,EPI,2,9,328,371,22,6,35.02
8/28/12,0,EPI,0,6,388,336,27,6,17.74
9/11/12,0,EPI,1,6,394,347,32,7,62.68
9/25/12,0,EPI,44,27,326,444,33,13,37.99
10/10/12,0,EPI,63,180,399,616,37,10,57.52
10/25/12,0,EPI,176,107,359,617,34,10,41.44
5/22/13,0,EPI,4,8,181,372,19,8,7.77
6/18/13,0,EPI,NaN,9,209,345,27,7,8.25
7/16/13,0,EPI,108,60,127,563,16,7,5.46
8/13/13,0,EPI,1,9,274,321,32,7,13.03
9/10/13,0,EPI,NaN,8,375,330,37,8,41.13
10/8/13,0,EPI,NaN,81,398,428,33,9,40.36
6/10/14,0,EPI,1,NaN,116,389,12,8,NaN
6/23/14,0,EPI,2,12,125,298,20,11,NaN
7/9/14,0,EPI,NaN,15,289,352,25,7,NaN
7/22/14,0,EPI,7,26,607,398,35,8,NaN
8/6/14,0,EPI,2,19,234,467,12,8,NaN
8/19/14,0,EPI,2,13,237,432,17,9,NaN
9/3/14,0,EPI,NaN,NaN,295,399,32,11,NaN
9/16/14,0,EPI,5,30,396,323,38,10,NaN
9/29/14,0,EPI,18,39,412,387,50,2,NaN
10/15/14,0,EPI,73,35,390,433,45,11,NaN
10/28/14,0,EPI,139,30,280,455,37,9,NaN
11/9/15,0,EPI,248,354,NaN,950,24,8,20.68
9/8/15,0,EPI,1,5,474,318,30,8,41.64
6/1/15,0,EPI,1,9,175,304,19,8,3.29
6/1/15,0,EPI,2,8,145,291,17,9,3.74
7/13/15,0,EPI,142,17,503,536,15,6,11.5
11/9/15,0,EPI,245,359,NaN,996,24,7,23.3
9/8/15,0,EPI,1,6,495,317,30,7,42.4
8/10/15,0,EPI,8,10,303,338,19,7,18.74
8/24/15,0,EPI,16,6,394,329,24,7,35.91
8/24/15,0,EPI,16,6,396,337,28,7,37.89
8/10/15,0,EPI,9,10,291,348,20,6,18.19
7/27/15,0,EPI,101,7,234,414,15,5,11.73
7/22/15,0,EPI,154,11,190,432,20,7,11.54
7/27/15,0,EPI,107,7,217,426,15,6,11.72
5/19/15,0,EPI,2,9,198,333,20,6,7.44
5/19/15,0,EPI,3,10,191,313,19,6,6.41
6/15/15,0,EPI,1,7,369,306,24,6,25.27
6/15/15,0,EPI,0,9,497,317,32,7,23.96
10/5/15,0,EPI,16,20,NaN,397,23,13,13.04
10/5/15,0,EPI,16,26,NaN,405,23,14,13.33
6/29/15,0,EPI,28,11,672,461,25,6,55.14
9/21/15,0,EPI,1,8,481,341,32,9,35.94
9/21/15,0,EPI,2,7,481,353,32,9,45.15
6/29/15,0,EPI,31,42,732,503,23,6,58.01
7/13/15,0,EPI,144,23,759,546,15,6,11.14
5/10/16,0,EPI,139,21,107.4,460,13,7,5
5/18/16,0,EPI,36,10,145,343,16,8,6
5/30/16,0,EPI,1,8,138.6,304,22,8,6
6/15/16,0,EPI,0,6,358.2,318,NaN,7,28
6/29/16,0,EPI,0,7,366.5,306,25,6,59
7/20/16,0,EPI,9,9,387.1,382,29,6,21
7/20/16,0,EPI,7,7,377.3,403,13,7,22
8/3/16,0,EPI,6,9,414.3,414,13,7,NaN
8/17/16,0,EPI,0,10,223.2,377,16,7,NaN
8/17/16,0,EPI,1,9,242,351,22,7,NaN
8/31/16,0,EPI,1,7,240.8,369,21,8,NaN
9/14/16,0,EPI,0,9,435.9,348,27,9,NaN
9/14/16,0,EPI,NaN,15,357.3,333,24,8,NaN
9/28/16,0,EPI,0,17,405.8,361,33,9,NaN
11/7/16,0,EPI,92,163,338.2,543,28,7,NaN